{
    "tmdb": {
        "adult": false,
        "backdrop_path": "/2u7zbn8EudG6kLlBzUYqP8RyFU4.jpg",
        "belongs_to_collection": {
            "id": 119,
            "name": "The Lord of the Rings Collection",
            "poster_path": "/oENY593nKRVL2PnxXsMtlh8izb4.jpg",
            "backdrop_path": "/bccR2CGTWVVSZAG0yqmy3DIvhTX.jpg"
        },
        "budget": 94000000,
        "genres": [
            {
                "id": 12,
                "name": "Adventure"
            },
            {
                "id": 14,
                "name": "Fantasy"
            },
            {
                "id": 28,
                "name": "Action"
            }
        ],
        "homepage": "http://www.lordoftherings.net",
        "id": 122,
        "imdb_id": "tt0167260",
        "origin_country": [
            "US"
        ],
        "original_language": "en",
        "original_title": "The Lord of the Rings: The Return of the King",
        "overview": "As armies mass for a final battle that will decide the fate of the world--and powerful, ancient forces of Light and Dark compete to determine the outcome--one member of the Fellowship of the Ring is revealed as the noble heir to the throne of the Kings of Men. Yet, the sole hope for triumph over evil lies with a brave hobbit, Frodo, who, accompanied by his loyal friend Sam and the hideous, wretched Gollum, ventures deep into the very dark heart of Mordor on his seemingly impossible quest to destroy the Ring of Power.​",
        "popularity": 23.822,
        "poster_path": "/rCzpDGLbOoPwLjy3OAm5NUPOTrC.jpg",
        "production_companies": [
            {
                "id": 12,
                "logo_path": "/2ycs64eqV5rqKYHyQK0GVoKGvfX.png",
                "name": "New Line Cinema",
                "origin_country": "US"
            },
            {
                "id": 11,
                "logo_path": "/6FAuASQHybRkZUk08p9PzSs9ezM.png",
                "name": "WingNut Films",
                "origin_country": "NZ"
            },
            {
                "id": 5237,
                "logo_path": "/mlnr7vsBHvLye8oEb5A76C0t8x9.png",
                "name": "The Saul Zaentz Company",
                "origin_country": "US"
            }
        ],
        "production_countries": [
            {
                "iso_3166_1": "NZ",
                "name": "New Zealand"
            },
            {
                "iso_3166_1": "US",
                "name": "United States of America"
            }
        ],
        "release_date": "2003-12-17",
        "revenue": 1118888979,
        "runtime": 201,
        "spoken_languages": [
            {
                "english_name": "English",
                "iso_639_1": "en",
                "name": "English"
            }
        ],
        "status": "Released",
        "tagline": "There can be no triumph without loss. No victory without suffering. No freedom without sacrifice.",
        "title": "The Lord of the Rings: The Return of the King",
        "video": false,
        "vote_average": 8.483,
        "vote_count": 25017
    },
    "omdb": {
        "Title": "The Lord of the Rings: The Return of the King",
        "Year": "2003",
        "Rated": "PG-13",
        "Released": "17 Dec 2003",
        "Runtime": "201 min",
        "Genre": "Adventure, Drama, Fantasy",
        "Director": "Peter Jackson",
        "Writer": "J.R.R. Tolkien, Fran Walsh, Philippa Boyens",
        "Actors": "Elijah Wood, Viggo Mortensen, Ian McKellen",
        "Plot": "Gandalf and Aragorn lead the World of Men against Sauron's army to draw his gaze from Frodo and Sam as they approach Mount Doom with the One Ring.",
        "Language": "English, Quenya, Old English, Sindarin",
        "Country": "New Zealand, United States",
        "Awards": "Won 11 Oscars. 215 wins & 124 nominations total",
        "Poster": "https://m.media-amazon.com/images/M/MV5BMTZkMjBjNWMtZGI5OC00MGU0LTk4ZTItODg2NWM3NTVmNWQ4XkEyXkFqcGc@._V1_SX300.jpg",
        "Ratings": [
            {
                "Source": "Internet Movie Database",
                "Value": "9.0/10"
            },
            {
                "Source": "Rotten Tomatoes",
                "Value": "94%"
            },
            {
                "Source": "Metacritic",
                "Value": "94/100"
            }
        ],
        "Metascore": "94",
        "imdbRating": "9.0",
        "imdbVotes": "2,064,201",
        "imdbID": "tt0167260",
        "Type": "movie",
        "DVD": "N/A",
        "BoxOffice": "$381,878,219",
        "Production": "N/A",
        "Website": "N/A",
        "Response": "True"
    }
}