{
    "tmdb": {
        "adult": false,
        "backdrop_path": "/nVMalJRUsOeGP5xPx9ULmirZ4cJ.jpg",
        "belongs_to_collection": {
            "id": 102322,
            "name": "Sherlock Holmes Collection",
            "poster_path": "/ayi9vVKP2OVRfvKetwG4KxcWWYR.jpg",
            "backdrop_path": "/kT4Pz6QY29qHMVKULzNrVHg6Vwg.jpg"
        },
        "budget": 125000000,
        "genres": [
            {
                "id": 12,
                "name": "Adventure"
            },
            {
                "id": 28,
                "name": "Action"
            },
            {
                "id": 80,
                "name": "Crime"
            },
            {
                "id": 9648,
                "name": "Mystery"
            }
        ],
        "homepage": "http://sherlockholmes2.warnerbros.com/index.html",
        "id": 58574,
        "imdb_id": "tt1515091",
        "origin_country": [
            "US"
        ],
        "original_language": "en",
        "original_title": "Sherlock Holmes: A Game of Shadows",
        "overview": "There is a new criminal mastermind at large (Professor Moriarty) and not only is he Holmes’ intellectual equal, but his capacity for evil and lack of conscience may give him an advantage over the  detective.",
        "popularity": 13.6468,
        "poster_path": "/y1MYZkwhZK6L0Jy4YMuPktzDOfn.jpg",
        "production_companies": [
            {
                "id": 79,
                "logo_path": "/at4uYdwAAgNRKhZuuFX8ShKSybw.png",
                "name": "Village Roadshow Pictures",
                "origin_country": "US"
            },
            {
                "id": 1885,
                "logo_path": "/xlvoOZr4s1PygosrwZyolIFe5xs.png",
                "name": "Silver Pictures",
                "origin_country": "US"
            },
            {
                "id": 23202,
                "logo_path": null,
                "name": "Wigram Productions",
                "origin_country": "US"
            },
            {
                "id": 2723,
                "logo_path": "/rB0dyszYRRR3SAG1tfNRzXoYDYq.png",
                "name": "Lin Pictures",
                "origin_country": "US"
            }
        ],
        "production_countries": [
            {
                "iso_3166_1": "US",
                "name": "United States of America"
            }
        ],
        "release_date": "2011-11-22",
        "revenue": 334615000,
        "runtime": 129,
        "spoken_languages": [
            {
                "english_name": "English",
                "iso_639_1": "en",
                "name": "English"
            }
        ],
        "status": "Released",
        "tagline": "The game is afoot.",
        "title": "Sherlock Holmes: A Game of Shadows",
        "video": false,
        "vote_average": 7.14,
        "vote_count": 10460
    },
    "omdb": {
        "Title": "Sherlock Holmes: A Game of Shadows",
        "Year": "2011",
        "Rated": "PG-13",
        "Released": "16 Dec 2011",
        "Runtime": "129 min",
        "Genre": "Action, Adventure, Mystery",
        "Director": "Guy Ritchie",
        "Writer": "Michele Mulroney, Kieran Mulroney, Arthur Conan Doyle",
        "Actors": "Robert Downey Jr., Jude Law, Jared Harris",
        "Plot": "Detective Sherlock Holmes is on the trail of criminal mastermind Professor Moriarty, who is carrying out a string of random crimes across Europe.",
        "Language": "English, French, Italian, German, Romany",
        "Country": "United States",
        "Awards": "3 wins & 10 nominations total",
        "Poster": "https://m.media-amazon.com/images/M/MV5BMTQwMzQ5Njk1MF5BMl5BanBnXkFtZTcwNjIxNzIxNw@@._V1_SX300.jpg",
        "Ratings": [
            {
                "Source": "Internet Movie Database",
                "Value": "7.4/10"
            },
            {
                "Source": "Rotten Tomatoes",
                "Value": "60%"
            },
            {
                "Source": "Metacritic",
                "Value": "48/100"
            }
        ],
        "Metascore": "48",
        "imdbRating": "7.4",
        "imdbVotes": "490,849",
        "imdbID": "tt1515091",
        "Type": "movie",
        "DVD": "N/A",
        "BoxOffice": "$186,848,418",
        "Production": "N/A",
        "Website": "N/A",
        "Response": "True"
    }
}