{
    "tmdb": {
        "adult": false,
        "backdrop_path": "/tehewlwOPFDDf4syutyopaY23AY.jpg",
        "belongs_to_collection": null,
        "budget": 0,
        "genres": [
            {
                "id": 27,
                "name": "Horror"
            }
        ],
        "homepage": "",
        "id": 1352774,
        "imdb_id": "tt33050292",
        "origin_country": [
            "GB"
        ],
        "original_language": "en",
        "original_title": "Piglet",
        "overview": "On Kate's 21st birthday camping trip, her friends encounter Piglet, a monstrous human-pig hybrid who brutally murders one of them. They uncover Piglet's origins and Kate must confront her past to survive the relentless killer.",
        "popularity": 17.3696,
        "poster_path": "/5wZNFUJAwyX6RCxdqrLO9lLWJ20.jpg",
        "production_companies": [
            {
                "id": 84624,
                "logo_path": "/mY4SMEplDeqrLF2kBLShp4qJSvK.png",
                "name": "Proportion Productions",
                "origin_country": "GB"
            }
        ],
        "production_countries": [
            {
                "iso_3166_1": "GB",
                "name": "United Kingdom"
            }
        ],
        "release_date": "2025-01-25",
        "revenue": 0,
        "runtime": 83,
        "spoken_languages": [
            {
                "english_name": "English",
                "iso_639_1": "en",
                "name": "English"
            }
        ],
        "status": "Released",
        "tagline": "This pork will chop you up.",
        "title": "Piglet",
        "video": false,
        "vote_average": 5.735,
        "vote_count": 17
    },
    "omdb": {
        "Title": "Piglet",
        "Year": "2025",
        "Rated": "TV-MA",
        "Released": "25 Jan 2025",
        "Runtime": "90 min",
        "Genre": "Horror",
        "Director": "Andrea M. Catinella",
        "Writer": "Harry Boxley",
        "Actors": "Alexander Butler, Lauren Staerck, Alina Desmond",
        "Plot": "On Kate's 21st birthday camping trip, her friends encounter Piglet, a monstrous human-pig hybrid who brutally murders one of them. They uncover Piglet's origins and Kate must confront her past to survive the relentless killer.",
        "Language": "English",
        "Country": "United Kingdom",
        "Awards": "N/A",
        "Poster": "https://m.media-amazon.com/images/M/MV5BMmM1MWRkYmEtMDU2YS00NDZiLTk2MDEtZjZmYjEyZGU4YjExXkEyXkFqcGc@._V1_SX300.jpg",
        "Ratings": [
            {
                "Source": "Internet Movie Database",
                "Value": "2.6/10"
            }
        ],
        "Metascore": "N/A",
        "imdbRating": "2.6",
        "imdbVotes": "349",
        "imdbID": "tt33050292",
        "Type": "movie",
        "DVD": "N/A",
        "BoxOffice": "N/A",
        "Production": "N/A",
        "Website": "N/A",
        "Response": "True"
    }
}