{
    "tmdb": {
        "adult": false,
        "backdrop_path": "/sRLC052ieEzkQs9dEtPMfFxYkej.jpg",
        "belongs_to_collection": {
            "id": 934765,
            "name": "Rebel Moon Collection",
            "poster_path": "/17fiEIxD7ClGW33IdxpRb0mdXgF.jpg",
            "backdrop_path": "/tCo96jmjKEMoWa5eCZNNss3MtMH.jpg"
        },
        "budget": 83000000,
        "genres": [
            {
                "id": 878,
                "name": "Science Fiction"
            },
            {
                "id": 18,
                "name": "Drama"
            },
            {
                "id": 28,
                "name": "Action"
            }
        ],
        "homepage": "https://www.netflix.com/title/81464239",
        "id": 848326,
        "imdb_id": "tt14998742",
        "origin_country": [
            "US"
        ],
        "original_language": "en",
        "original_title": "Rebel Moon - Part One: A Child of Fire",
        "overview": "When the ruthless forces of the Motherworld threaten a quiet farming village on a distant moon, a mysterious outsider becomes its best hope for survival.",
        "popularity": 15.623,
        "poster_path": "/ui4DrH1cKk2vkHshcUcGt2lKxCm.jpg",
        "production_companies": [
            {
                "id": 114152,
                "logo_path": "/xYfrnGFXxrEy5x5OVThunxHYScK.png",
                "name": "The Stone Quarry",
                "origin_country": "US"
            },
            {
                "id": 156880,
                "logo_path": "/jyHwJYa76aHLLS9Sg9c5LiOLcDQ.png",
                "name": "Grand Electric",
                "origin_country": "US"
            }
        ],
        "production_countries": [
            {
                "iso_3166_1": "US",
                "name": "United States of America"
            }
        ],
        "release_date": "2023-12-15",
        "revenue": 0,
        "runtime": 134,
        "spoken_languages": [
            {
                "english_name": "English",
                "iso_639_1": "en",
                "name": "English"
            }
        ],
        "status": "Released",
        "tagline": "There are no heroes. Only rebels.",
        "title": "Rebel Moon - Part One: A Child of Fire",
        "video": false,
        "vote_average": 6.256,
        "vote_count": 2276
    },
    "omdb": {
        "Title": "Rebel Moon - Part One: A Child of Fire",
        "Year": "2023",
        "Rated": "PG-13",
        "Released": "21 Dec 2023",
        "Runtime": "133 min",
        "Genre": "Action, Adventure, Drama",
        "Director": "Zack Snyder",
        "Writer": "Zack Snyder, Kurt Johnstad, Shay Hatten",
        "Actors": "Sofia Boutella, Djimon Hounsou, Ed Skrein",
        "Plot": "When a peaceful settlement on the edge of a distant moon finds itself threatened by a tyrannical ruling force, a stranger living among its villagers becomes their best hope for survival.",
        "Language": "English",
        "Country": "United States",
        "Awards": "2 wins & 4 nominations total",
        "Poster": "https://m.media-amazon.com/images/M/MV5BYTRmOTk2ZDYtY2Q3Mi00MGYwLWFjNDQtYTliODc3NzM1ZjBlXkEyXkFqcGc@._V1_SX300.jpg",
        "Ratings": [
            {
                "Source": "Internet Movie Database",
                "Value": "5.6/10"
            },
            {
                "Source": "Rotten Tomatoes",
                "Value": "22%"
            },
            {
                "Source": "Metacritic",
                "Value": "31/100"
            }
        ],
        "Metascore": "31",
        "imdbRating": "5.6",
        "imdbVotes": "132,499",
        "imdbID": "tt14998742",
        "Type": "movie",
        "DVD": "N/A",
        "BoxOffice": "N/A",
        "Production": "N/A",
        "Website": "N/A",
        "Response": "True"
    }
}