{
    "tmdb": {
        "adult": false,
        "backdrop_path": "/7e17g6TlzzFyyOlVISAhGjQ40DK.jpg",
        "belongs_to_collection": {
            "id": 920650,
            "name": "Anastasia Collection",
            "poster_path": "/cx4zcRSghd5655k4HYaOhCphtLU.jpg",
            "backdrop_path": "/71MV737vocwbM55qKIv5kn838y3.jpg"
        },
        "budget": 53000000,
        "genres": [
            {
                "id": 16,
                "name": "Animation"
            },
            {
                "id": 10751,
                "name": "Family"
            },
            {
                "id": 14,
                "name": "Fantasy"
            },
            {
                "id": 12,
                "name": "Adventure"
            }
        ],
        "homepage": "",
        "id": 9444,
        "imdb_id": "tt0118617",
        "origin_country": [
            "US"
        ],
        "original_language": "en",
        "original_title": "Anastasia",
        "overview": "Ten years after she was separated from her family, an eighteen-year-old orphan with vague memories of the past sets out to Paris in hopes of reuniting with her grandmother. She is accompanied by two con men, who intend to pass her off as the Grand Duchess Anastasia to the Dowager Empress for a reward.",
        "popularity": 14.2407,
        "poster_path": "/bppGWGA8zq1sRvTdDJnUzVW9GcH.jpg",
        "production_companies": [
            {
                "id": 11231,
                "logo_path": "/gFIZF17T7M5OLJghntozPql6Az6.png",
                "name": "Fox Animation Studios",
                "origin_country": "US"
            },
            {
                "id": 11233,
                "logo_path": null,
                "name": "The Big Gun Project",
                "origin_country": ""
            },
            {
                "id": 25,
                "logo_path": "/qZCc1lty5FzX30aOCVRBLzaVmcp.png",
                "name": "20th Century Fox",
                "origin_country": "US"
            }
        ],
        "production_countries": [
            {
                "iso_3166_1": "US",
                "name": "United States of America"
            }
        ],
        "release_date": "1997-11-20",
        "revenue": 139804348,
        "runtime": 94,
        "spoken_languages": [
            {
                "english_name": "English",
                "iso_639_1": "en",
                "name": "English"
            },
            {
                "english_name": "Russian",
                "iso_639_1": "ru",
                "name": "Pусский"
            },
            {
                "english_name": "French",
                "iso_639_1": "fr",
                "name": "Français"
            }
        ],
        "status": "Released",
        "tagline": "Discover the adventure behind the greatest mystery of our time.",
        "title": "Anastasia",
        "video": false,
        "vote_average": 7.611,
        "vote_count": 5345
    },
    "omdb": {
        "Title": "Anastasia",
        "Year": "1997",
        "Rated": "G",
        "Released": "19 Dec 1997",
        "Runtime": "94 min",
        "Genre": "Animation, Adventure, Drama",
        "Director": "Don Bluth, Gary Goldman",
        "Writer": "Susan Gauthier, Bruce Graham, Bob Tzudiker",
        "Actors": "Meg Ryan, John Cusack, Christopher Lloyd",
        "Plot": "The last surviving child of the Russian Royal Family joins two con men to reunite with her grandmother, the Dowager Empress, while the undead Rasputin seeks her death.",
        "Language": "English, Russian, French",
        "Country": "United States",
        "Awards": "Nominated for 2 Oscars. 10 wins & 23 nominations total",
        "Poster": "https://m.media-amazon.com/images/M/MV5BMGY2YjdjNTItMGIzOC00MDNhLTkxNDMtNzgxN2U4YzA3YzRlXkEyXkFqcGc@._V1_SX300.jpg",
        "Ratings": [
            {
                "Source": "Internet Movie Database",
                "Value": "7.1/10"
            },
            {
                "Source": "Rotten Tomatoes",
                "Value": "83%"
            },
            {
                "Source": "Metacritic",
                "Value": "61/100"
            }
        ],
        "Metascore": "61",
        "imdbRating": "7.1",
        "imdbVotes": "139,643",
        "imdbID": "tt0118617",
        "Type": "movie",
        "DVD": "N/A",
        "BoxOffice": "$58,406,347",
        "Production": "N/A",
        "Website": "N/A",
        "Response": "True"
    }
}