{
    "tmdb": {
        "adult": false,
        "backdrop_path": "/yth78N88nwokepnOe5atwPGfTL1.jpg",
        "belongs_to_collection": null,
        "budget": 0,
        "genres": [
            {
                "id": 28,
                "name": "Action"
            },
            {
                "id": 80,
                "name": "Crime"
            },
            {
                "id": 53,
                "name": "Thriller"
            }
        ],
        "homepage": "",
        "id": 1382406,
        "imdb_id": "tt34466483",
        "origin_country": [
            "CN"
        ],
        "original_language": "zh",
        "original_title": "惊天大营救",
        "overview": "A veteran Muay Thai expert goes on a take-no-prisoners mission of revenge after his wife and daughter are brutally murdered by mysterious forces.",
        "popularity": 29.4082,
        "poster_path": "/uTKfD1CdjCLMVITnzblaqVSTxma.jpg",
        "production_companies": [
            {
                "id": 48460,
                "logo_path": "/7m3BMwdstKRqw7qg5vSYW2S0HrR.png",
                "name": "Youku",
                "origin_country": "CN"
            }
        ],
        "production_countries": [
            {
                "iso_3166_1": "CN",
                "name": "China"
            }
        ],
        "release_date": "2024-12-05",
        "revenue": 0,
        "runtime": 106,
        "spoken_languages": [
            {
                "english_name": "Mandarin",
                "iso_639_1": "zh",
                "name": "普通话"
            }
        ],
        "status": "Released",
        "tagline": "",
        "title": "Striking Rescue",
        "video": false,
        "vote_average": 7.267,
        "vote_count": 15
    },
    "omdb": {
        "Title": "Striking Rescue",
        "Year": "2024",
        "Rated": "N/A",
        "Released": "08 Nov 2024",
        "Runtime": "106 min",
        "Genre": "Action",
        "Director": "Siyu Cheng",
        "Writer": "Guo Haiwen",
        "Actors": "Chen Duo-Yi, Junjia Hong, Tony Jaa",
        "Plot": "A veteran Muay Thai expert goes on a take-no-prisoners mission of revenge after his wife and daughter are brutally murdered by mysterious forces. Tony Jaa Delivers His Signature Muay Thai Annihilation in an Extended Fight Scene.",
        "Language": "N/A",
        "Country": "China",
        "Awards": "N/A",
        "Poster": "https://m.media-amazon.com/images/M/MV5BMTQyZWFiN2QtOWQxMC00ZjY1LWIxODEtYTRlODA1ZTFiYjlhXkEyXkFqcGc@._V1_SX300.jpg",
        "Ratings": [],
        "Metascore": "N/A",
        "imdbRating": "N/A",
        "imdbVotes": "52",
        "imdbID": "tt34466483",
        "Type": "movie",
        "DVD": "N/A",
        "BoxOffice": "N/A",
        "Production": "N/A",
        "Website": "N/A",
        "Response": "True"
    }
}