{
    "tmdb": {
        "adult": false,
        "backdrop_path": "/bWftGh0aLMzb8wetgziLq3fHpTJ.jpg",
        "belongs_to_collection": null,
        "budget": 62000000,
        "genres": [
            {
                "id": 18,
                "name": "Drama"
            },
            {
                "id": 10749,
                "name": "Romance"
            }
        ],
        "homepage": "",
        "id": 9769,
        "imdb_id": "tt0119558",
        "origin_country": [
            "US"
        ],
        "original_language": "en",
        "original_title": "Lolita",
        "overview": "Humbert Humbert is a middle-aged British novelist who is both appalled by and attracted to the vulgarity of American culture. When he comes to stay at the boarding house run by Charlotte Haze, he soon becomes obsessed with Lolita, the woman's teenaged daughter.",
        "popularity": 14.6958,
        "poster_path": "/6F4bV1DsCHjYCXRwIA6NZY7dcnD.jpg",
        "production_companies": [
            {
                "id": 7981,
                "logo_path": "/6Yv1gIAuGkHS5Vis4UjnqHhCPWV.png",
                "name": "Pathé",
                "origin_country": "FR"
            },
            {
                "id": 21143,
                "logo_path": null,
                "name": "Lolita Productions",
                "origin_country": ""
            }
        ],
        "production_countries": [
            {
                "iso_3166_1": "FR",
                "name": "France"
            },
            {
                "iso_3166_1": "US",
                "name": "United States of America"
            }
        ],
        "release_date": "1997-09-27",
        "revenue": 1100000,
        "runtime": 137,
        "spoken_languages": [
            {
                "english_name": "English",
                "iso_639_1": "en",
                "name": "English"
            }
        ],
        "status": "Released",
        "tagline": "A forbidden love. An unthinkable attraction. The ultimate price.",
        "title": "Lolita",
        "video": false,
        "vote_average": 7.14,
        "vote_count": 1833
    },
    "omdb": {
        "Title": "Lolita",
        "Year": "1997",
        "Rated": "R",
        "Released": "25 Sep 1998",
        "Runtime": "137 min",
        "Genre": "Drama, Romance",
        "Director": "Adrian Lyne",
        "Writer": "Vladimir Nabokov, Stephen Schiff",
        "Actors": "Jeremy Irons, Dominique Swain, Melanie Griffith",
        "Plot": "An English professor falls for a minor, and has to face the consequences of his actions.",
        "Language": "English",
        "Country": "France, United States, United Kingdom",
        "Awards": "2 wins & 4 nominations total",
        "Poster": "https://m.media-amazon.com/images/M/MV5BMTRmN2FlYjUtOTQyNi00YTA3LWI0Y2YtNDIyMWQ0Y2IwYjhlXkEyXkFqcGc@._V1_SX300.jpg",
        "Ratings": [
            {
                "Source": "Internet Movie Database",
                "Value": "6.8/10"
            },
            {
                "Source": "Rotten Tomatoes",
                "Value": "69%"
            },
            {
                "Source": "Metacritic",
                "Value": "46/100"
            }
        ],
        "Metascore": "46",
        "imdbRating": "6.8",
        "imdbVotes": "69,056",
        "imdbID": "tt0119558",
        "Type": "movie",
        "DVD": "N/A",
        "BoxOffice": "$1,071,255",
        "Production": "N/A",
        "Website": "N/A",
        "Response": "True"
    }
}