{
    "tmdb": {
        "adult": false,
        "backdrop_path": "/lqHt4icP1GTaNBeVTxTrwTZdoAW.jpg",
        "belongs_to_collection": null,
        "budget": 5882000,
        "genres": [
            {
                "id": 28,
                "name": "Action"
            },
            {
                "id": 53,
                "name": "Thriller"
            },
            {
                "id": 9648,
                "name": "Mystery"
            },
            {
                "id": 80,
                "name": "Crime"
            }
        ],
        "homepage": "",
        "id": 1195430,
        "imdb_id": "tt27852049",
        "origin_country": [
            "IN"
        ],
        "original_language": "hi",
        "original_title": "देवा",
        "overview": "Dev Ambre, a ruthless cop, loses his memory in an accident just after he has finished solving a murder case and now has to reinvestigate it while keeping his memory loss a secret from everyone except DCP Farhan Khan.",
        "popularity": 64.8562,
        "poster_path": "/qxtXzAlEPxmjHILU8k8wduvBSdo.jpg",
        "production_companies": [
            {
                "id": 86347,
                "logo_path": "/ir79iQBhrXk9PJ5Pr9vlLjM4viO.png",
                "name": "Zee Studios",
                "origin_country": "IN"
            },
            {
                "id": 124042,
                "logo_path": "/yAphiXGgomJpDZfHYpjw3FX975R.png",
                "name": "Roy Kapur Films",
                "origin_country": "IN"
            }
        ],
        "production_countries": [
            {
                "iso_3166_1": "IN",
                "name": "India"
            }
        ],
        "release_date": "2025-01-31",
        "revenue": 6705000,
        "runtime": 155,
        "spoken_languages": [
            {
                "english_name": "Hindi",
                "iso_639_1": "hi",
                "name": "हिन्दी"
            }
        ],
        "status": "Released",
        "tagline": "",
        "title": "Deva",
        "video": false,
        "vote_average": 6.1,
        "vote_count": 44
    },
    "omdb": {
        "Title": "Deva",
        "Year": "2025",
        "Rated": "N/A",
        "Released": "31 Jan 2025",
        "Runtime": "156 min",
        "Genre": "Action, Thriller",
        "Director": "Rosshan Andrrews",
        "Writer": "Sumit Arora, Bobby, Abbas Dalal",
        "Actors": "Shahid Kapoor, Pooja Hegde, Pavail Gulati",
        "Plot": "Around a brilliant yet rebellious police officer who uncovers a web of deceit and betrayal while investigating a high-profile case.",
        "Language": "Hindi",
        "Country": "India",
        "Awards": "N/A",
        "Poster": "https://m.media-amazon.com/images/M/MV5BZTllOTk2MDgtZmZmYy00MDBhLThiMzctNzhmNTk5ODdkZTcwXkEyXkFqcGc@._V1_SX300.jpg",
        "Ratings": [
            {
                "Source": "Rotten Tomatoes",
                "Value": "50%"
            }
        ],
        "Metascore": "N/A",
        "imdbRating": "N/A",
        "imdbVotes": "N/A",
        "imdbID": "tt27852049",
        "Type": "movie",
        "DVD": "N/A",
        "BoxOffice": "N/A",
        "Production": "N/A",
        "Website": "N/A",
        "Response": "True"
    }
}