{
    "tmdb": {
        "adult": false,
        "backdrop_path": null,
        "belongs_to_collection": {
            "id": 9485,
            "name": "The Fast and the Furious Collection",
            "poster_path": "/zOCnMPoUxgJK1RFPfN4PcnT16gr.jpg",
            "backdrop_path": "/z5A5W3WYJc3UVEWljSGwdjDgQ0j.jpg"
        },
        "budget": 0,
        "genres": [
            {
                "id": 28,
                "name": "Action"
            },
            {
                "id": 80,
                "name": "Crime"
            },
            {
                "id": 53,
                "name": "Thriller"
            }
        ],
        "homepage": "https://www.thefastsaga.com",
        "id": 755679,
        "imdb_id": "tt27550022",
        "origin_country": [
            "US"
        ],
        "original_language": "en",
        "original_title": "Fast X: Part 2",
        "overview": "The eleventh installment in The Fast Saga, and a direct sequel to \"Fast X\".",
        "popularity": 18.0872,
        "poster_path": "/lD8V3DBban95Mxz4sjuA81Tw771.jpg",
        "production_companies": [
            {
                "id": 33,
                "logo_path": "/3wwjVpkZtnog6lSKzWDjvw2Yi00.png",
                "name": "Universal Pictures",
                "origin_country": "US"
            },
            {
                "id": 1225,
                "logo_path": "/rIxhJMR7oK8b2fMakmTfRLY2TZv.png",
                "name": "One Race",
                "origin_country": "US"
            },
            {
                "id": 333,
                "logo_path": "/5xUJfzPZ8jWJUDzYtIeuPO4qPIa.png",
                "name": "Original Film",
                "origin_country": "US"
            },
            {
                "id": 34530,
                "logo_path": null,
                "name": "Perfect Storm Entertainment",
                "origin_country": "US"
            }
        ],
        "production_countries": [
            {
                "iso_3166_1": "US",
                "name": "United States of America"
            }
        ],
        "release_date": "",
        "revenue": 0,
        "runtime": 0,
        "spoken_languages": [
            {
                "english_name": "English",
                "iso_639_1": "en",
                "name": "English"
            }
        ],
        "status": "Rumored",
        "tagline": "",
        "title": "Fast X: Part 2",
        "video": false,
        "vote_average": 0.0,
        "vote_count": 0
    },
    "omdb": {
        "Title": "Fast X: Part 2",
        "Year": "2026",
        "Rated": "N/A",
        "Released": "04 Apr 2025",
        "Runtime": "N/A",
        "Genre": "Action, Crime, Thriller",
        "Director": "Louis Leterrier",
        "Writer": "Christina Hodson, Oren Uziel",
        "Actors": "Dwayne Johnson, Jason Statham, Nathalie Emmanuel",
        "Plot": "Plot kept under wraps.",
        "Language": "English",
        "Country": "United States, United Kingdom",
        "Awards": "N/A",
        "Poster": "https://m.media-amazon.com/images/M/MV5BMDQxZmM0MDYtYTM1Zi00YmRhLWJkMGEtNjk1MWY3MDUzZDlmXkEyXkFqcGc@._V1_SX300.jpg",
        "Ratings": [],
        "Metascore": "N/A",
        "imdbRating": "N/A",
        "imdbVotes": "N/A",
        "imdbID": "tt27550022",
        "Type": "movie",
        "DVD": "N/A",
        "BoxOffice": "N/A",
        "Production": "N/A",
        "Website": "N/A",
        "Response": "True"
    }
}