{
    "tmdb": {
        "adult": false,
        "backdrop_path": "/uK9uFbAwQ1s2JHKkJ5l0obPTcXI.jpg",
        "belongs_to_collection": null,
        "budget": 110000000,
        "genres": [
            {
                "id": 35,
                "name": "Comedy"
            },
            {
                "id": 878,
                "name": "Science Fiction"
            },
            {
                "id": 28,
                "name": "Action"
            }
        ],
        "homepage": "https://www.meninblack.com",
        "id": 479455,
        "imdb_id": "tt2283336",
        "origin_country": [
            "US"
        ],
        "original_language": "en",
        "original_title": "Men in Black: International",
        "overview": "The Men in Black have always protected the Earth from the scum of the universe. In this new adventure, they tackle their biggest, most global threat to date: a mole in the Men in Black organization.",
        "popularity": 13.4034,
        "poster_path": "/dPrUPFcgLfNbmDL8V69vcrTyEfb.jpg",
        "production_companies": [
            {
                "id": 56,
                "logo_path": "/cEaxANEisCqeEoRvODv2dO1I0iI.png",
                "name": "Amblin Entertainment",
                "origin_country": "US"
            },
            {
                "id": 49325,
                "logo_path": "/R05WCoCJcPWGSDaKaYgx3AeVuR.png",
                "name": "Parkes+MacDonald Image Nation",
                "origin_country": "US"
            },
            {
                "id": 5,
                "logo_path": "/71BqEFAF4V3qjjMPCpLuyJFB9A.png",
                "name": "Columbia Pictures",
                "origin_country": "US"
            },
            {
                "id": 81620,
                "logo_path": "/7LkIVuWBVScdujpKhBPx1TMnPQE.png",
                "name": "Tencent Pictures",
                "origin_country": "CN"
            }
        ],
        "production_countries": [
            {
                "iso_3166_1": "CN",
                "name": "China"
            },
            {
                "iso_3166_1": "US",
                "name": "United States of America"
            }
        ],
        "release_date": "2019-06-12",
        "revenue": 253890701,
        "runtime": 115,
        "spoken_languages": [
            {
                "english_name": "French",
                "iso_639_1": "fr",
                "name": "Français"
            },
            {
                "english_name": "English",
                "iso_639_1": "en",
                "name": "English"
            }
        ],
        "status": "Released",
        "tagline": "The world's not going to save itself.",
        "title": "Men in Black: International",
        "video": false,
        "vote_average": 5.91,
        "vote_count": 5020
    },
    "omdb": {
        "Title": "Men in Black: International",
        "Year": "2019",
        "Rated": "PG-13",
        "Released": "14 Jun 2019",
        "Runtime": "114 min",
        "Genre": "Action, Adventure, Comedy",
        "Director": "F. Gary Gray",
        "Writer": "Matt Holloway, Art Marcum, Lowell Cunningham",
        "Actors": "Chris Hemsworth, Tessa Thompson, Kumail Nanjiani",
        "Plot": "The MIB tackle a mole in their organization.",
        "Language": "English, French, Chinese",
        "Country": "United States, China",
        "Awards": "1 win & 9 nominations total",
        "Poster": "https://m.media-amazon.com/images/M/MV5BNTI0ZjJlODYtNTAyOS00ZDk4LTk0M2ItNDljMzY5NmZkYTRkXkEyXkFqcGc@._V1_SX300.jpg",
        "Ratings": [
            {
                "Source": "Internet Movie Database",
                "Value": "5.6/10"
            },
            {
                "Source": "Rotten Tomatoes",
                "Value": "23%"
            },
            {
                "Source": "Metacritic",
                "Value": "38/100"
            }
        ],
        "Metascore": "38",
        "imdbRating": "5.6",
        "imdbVotes": "153,849",
        "imdbID": "tt2283336",
        "Type": "movie",
        "DVD": "N/A",
        "BoxOffice": "$80,001,807",
        "Production": "N/A",
        "Website": "N/A",
        "Response": "True"
    }
}