{
    "tmdb": {
        "adult": false,
        "backdrop_path": "/q7vmCCmyiHnuKGMzHZlr0fD44b9.jpg",
        "belongs_to_collection": null,
        "budget": 95000000,
        "genres": [
            {
                "id": 10749,
                "name": "Romance"
            },
            {
                "id": 14,
                "name": "Fantasy"
            },
            {
                "id": 10751,
                "name": "Family"
            },
            {
                "id": 18,
                "name": "Drama"
            }
        ],
        "homepage": "http://movies.disney.com/cinderella",
        "id": 150689,
        "imdb_id": "tt1661199",
        "origin_country": [
            "US"
        ],
        "original_language": "en",
        "original_title": "Cinderella",
        "overview": "When her father unexpectedly passes away, young Ella finds herself at the mercy of her cruel stepmother and her daughters. Never one to give up hope, Ella's fortunes begin to change after meeting a dashing stranger in the woods.",
        "popularity": 14.2128,
        "poster_path": "/j91LJmcWo16CArFOoapsz84bwxb.jpg",
        "production_companies": [
            {
                "id": 2,
                "logo_path": "/wdrCwmRnLFJhEoH8GSfymY85KHT.png",
                "name": "Walt Disney Pictures",
                "origin_country": "US"
            },
            {
                "id": 28788,
                "logo_path": "/Aqomtf9oh5dKtxBNEagkdlp3aGv.png",
                "name": "Genre Films",
                "origin_country": "US"
            },
            {
                "id": 46339,
                "logo_path": null,
                "name": "Beagle Pug Films",
                "origin_country": "GB"
            },
            {
                "id": 47706,
                "logo_path": null,
                "name": "Allison Shearmur Productions",
                "origin_country": "US"
            }
        ],
        "production_countries": [
            {
                "iso_3166_1": "GB",
                "name": "United Kingdom"
            },
            {
                "iso_3166_1": "US",
                "name": "United States of America"
            }
        ],
        "release_date": "2015-03-06",
        "revenue": 543514353,
        "runtime": 105,
        "spoken_languages": [
            {
                "english_name": "English",
                "iso_639_1": "en",
                "name": "English"
            }
        ],
        "status": "Released",
        "tagline": "Midnight is just the beginning.",
        "title": "Cinderella",
        "video": false,
        "vote_average": 6.825,
        "vote_count": 7149
    },
    "omdb": {
        "Title": "Cinderella",
        "Year": "2015",
        "Rated": "PG",
        "Released": "13 Mar 2015",
        "Runtime": "105 min",
        "Genre": "Adventure, Drama, Family",
        "Director": "Kenneth Branagh",
        "Writer": "Chris Weitz, Charles Perrault",
        "Actors": "Lily James, Cate Blanchett, Richard Madden",
        "Plot": "When her father unexpectedly dies, young Ella finds herself at the mercy of her cruel stepmother and her scheming stepsisters. Never one to give up hope, Ella's fortunes begin to change after meeting a dashing stranger.",
        "Language": "English",
        "Country": "United Kingdom, United States, Denmark, Canada, Italy",
        "Awards": "Nominated for 1 Oscar. 10 wins & 40 nominations total",
        "Poster": "https://m.media-amazon.com/images/M/MV5BMjMxODYyODEzN15BMl5BanBnXkFtZTgwMDk4OTU0MzE@._V1_SX300.jpg",
        "Ratings": [
            {
                "Source": "Internet Movie Database",
                "Value": "6.9/10"
            },
            {
                "Source": "Rotten Tomatoes",
                "Value": "84%"
            },
            {
                "Source": "Metacritic",
                "Value": "67/100"
            }
        ],
        "Metascore": "67",
        "imdbRating": "6.9",
        "imdbVotes": "197,993",
        "imdbID": "tt1661199",
        "Type": "movie",
        "DVD": "N/A",
        "BoxOffice": "$201,151,353",
        "Production": "N/A",
        "Website": "N/A",
        "Response": "True"
    }
}