{
    "tmdb": {
        "adult": false,
        "backdrop_path": "/3e3dVaVrla2GH6CWKbNRjTvk3s8.jpg",
        "belongs_to_collection": null,
        "budget": 13000000,
        "genres": [
            {
                "id": 18,
                "name": "Drama"
            },
            {
                "id": 36,
                "name": "History"
            }
        ],
        "homepage": "",
        "id": 6844,
        "imdb_id": "tt0049833",
        "origin_country": [
            "US"
        ],
        "original_language": "en",
        "original_title": "The Ten Commandments",
        "overview": "Escaping death, a Hebrew infant is raised in a royal household to become a prince. Upon discovery of his true heritage, Moses embarks on a personal quest to reclaim his destiny as the leader and liberator of the Hebrew people.",
        "popularity": 18.4378,
        "poster_path": "/3Ei59AR64x6dMZfWobPCkZjbqTL.jpg",
        "production_companies": [
            {
                "id": 4,
                "logo_path": "/gz66EfNoYPqHTYI4q9UEN4CbHRc.png",
                "name": "Paramount Pictures",
                "origin_country": "US"
            },
            {
                "id": 12275,
                "logo_path": null,
                "name": "Motion Picture Associates",
                "origin_country": ""
            }
        ],
        "production_countries": [
            {
                "iso_3166_1": "US",
                "name": "United States of America"
            }
        ],
        "release_date": "1956-10-05",
        "revenue": 122700000,
        "runtime": 220,
        "spoken_languages": [
            {
                "english_name": "English",
                "iso_639_1": "en",
                "name": "English"
            }
        ],
        "status": "Released",
        "tagline": "The greatest event in motion picture history!",
        "title": "The Ten Commandments",
        "video": false,
        "vote_average": 7.773,
        "vote_count": 1693
    },
    "omdb": {
        "Title": "The Ten Commandments",
        "Year": "1956",
        "Rated": "G",
        "Released": "05 Oct 1956",
        "Runtime": "220 min",
        "Genre": "Adventure, Drama, Family",
        "Director": "Cecil B. DeMille",
        "Writer": "Dorothy Clarke Wilson, J.H. Ingraham, A.E. Southon",
        "Actors": "Charlton Heston, Yul Brynner, Anne Baxter",
        "Plot": "Moses, raised as a prince of Egypt in the Pharaoh's household, learns of his true heritage as a Hebrew and his divine mission as the deliverer of his people from slavery.",
        "Language": "English",
        "Country": "United States",
        "Awards": "Won 1 Oscar. 13 wins & 12 nominations total",
        "Poster": "https://m.media-amazon.com/images/M/MV5BMDRiZmNjZDAtN2I0Ny00YjIyLTk3NTUtODUyYTJlMTJhY2U0XkEyXkFqcGc@._V1_SX300.jpg",
        "Ratings": [
            {
                "Source": "Internet Movie Database",
                "Value": "7.9/10"
            },
            {
                "Source": "Rotten Tomatoes",
                "Value": "84%"
            }
        ],
        "Metascore": "N/A",
        "imdbRating": "7.9",
        "imdbVotes": "79,995",
        "imdbID": "tt0049833",
        "Type": "movie",
        "DVD": "N/A",
        "BoxOffice": "$65,500,000",
        "Production": "N/A",
        "Website": "N/A",
        "Response": "True"
    }
}