{
    "tmdb": {
        "adult": false,
        "backdrop_path": "/fOy2Jurz9k6RnJnMUMRDAgBwru2.jpg",
        "belongs_to_collection": null,
        "budget": 175000000,
        "genres": [
            {
                "id": 16,
                "name": "Animation"
            },
            {
                "id": 10751,
                "name": "Family"
            },
            {
                "id": 35,
                "name": "Comedy"
            },
            {
                "id": 14,
                "name": "Fantasy"
            }
        ],
        "homepage": "https://www.disneyplus.com/movies/turning-red/4mFPCXJi7N2m",
        "id": 508947,
        "imdb_id": "tt8097030",
        "origin_country": [
            "US"
        ],
        "original_language": "en",
        "original_title": "Turning Red",
        "overview": "Thirteen-year-old Mei is experiencing the awkwardness of being a teenager with a twist – when she gets too excited, she transforms into a giant red panda.",
        "popularity": 19.543,
        "poster_path": "/qsdjk9oAKSQMWs0Vt5Pyfh6O4GZ.jpg",
        "production_companies": [
            {
                "id": 2,
                "logo_path": "/wdrCwmRnLFJhEoH8GSfymY85KHT.png",
                "name": "Walt Disney Pictures",
                "origin_country": "US"
            },
            {
                "id": 3,
                "logo_path": "/1TjvGVDMYsj6JBxOAkUHpPEwLf7.png",
                "name": "Pixar",
                "origin_country": "US"
            }
        ],
        "production_countries": [
            {
                "iso_3166_1": "US",
                "name": "United States of America"
            }
        ],
        "release_date": "2022-03-10",
        "revenue": 21328962,
        "runtime": 100,
        "spoken_languages": [
            {
                "english_name": "Cantonese",
                "iso_639_1": "cn",
                "name": "广州话 / 廣州話"
            },
            {
                "english_name": "Mandarin",
                "iso_639_1": "zh",
                "name": "普通话"
            },
            {
                "english_name": "Korean",
                "iso_639_1": "ko",
                "name": "한국어/조선말"
            },
            {
                "english_name": "French",
                "iso_639_1": "fr",
                "name": "Français"
            },
            {
                "english_name": "English",
                "iso_639_1": "en",
                "name": "English"
            }
        ],
        "status": "Released",
        "tagline": "Growing up is a beast.",
        "title": "Turning Red",
        "video": false,
        "vote_average": 7.348,
        "vote_count": 5383
    },
    "omdb": {
        "Title": "Turning Red",
        "Year": "2022",
        "Rated": "PG",
        "Released": "11 Mar 2022",
        "Runtime": "100 min",
        "Genre": "Animation, Adventure, Comedy",
        "Director": "Domee Shi",
        "Writer": "Domee Shi, Julia Cho, Sarah Streicher",
        "Actors": "Rosalie Chiang, Sandra Oh, Ava Morse",
        "Plot": "A thirteen-year-old girl named Mei Lee is torn between staying her mother's dutiful daughter and the changes of adolescence. And as if the challenges were not enough, whenever she gets overly excited Mei transforms into a giant re...",
        "Language": "English, Cantonese, Korean",
        "Country": "United States, Canada",
        "Awards": "Nominated for 1 Oscar. 11 wins & 93 nominations total",
        "Poster": "https://m.media-amazon.com/images/M/MV5BODY2NjExYmUtZTQ4NS00NzM2LWE2NWYtZWY2NGIyOTBmNzI3XkEyXkFqcGc@._V1_SX300.jpg",
        "Ratings": [
            {
                "Source": "Internet Movie Database",
                "Value": "6.9/10"
            },
            {
                "Source": "Rotten Tomatoes",
                "Value": "95%"
            },
            {
                "Source": "Metacritic",
                "Value": "83/100"
            }
        ],
        "Metascore": "83",
        "imdbRating": "6.9",
        "imdbVotes": "163,400",
        "imdbID": "tt8097030",
        "Type": "movie",
        "DVD": "N/A",
        "BoxOffice": "$1,399,001",
        "Production": "N/A",
        "Website": "N/A",
        "Response": "True"
    }
}