{
    "tmdb": {
        "adult": false,
        "backdrop_path": "/by8z9Fe8y7p4jo2YlW2SZDnptyT.jpg",
        "belongs_to_collection": {
            "id": 448150,
            "name": "Deadpool Collection",
            "poster_path": "/30c5jO7YEXuF8KiWXLg9m28GWDA.jpg",
            "backdrop_path": "/dTq7mGyAR5eAydR532feWfjJjzm.jpg"
        },
        "budget": 200000000,
        "genres": [
            {
                "id": 28,
                "name": "Action"
            },
            {
                "id": 35,
                "name": "Comedy"
            },
            {
                "id": 878,
                "name": "Science Fiction"
            }
        ],
        "homepage": "https://www.marvel.com/movies/deadpool-and-wolverine",
        "id": 533535,
        "imdb_id": "tt6263850",
        "origin_country": [
            "US"
        ],
        "original_language": "en",
        "original_title": "Deadpool & Wolverine",
        "overview": "A listless Wade Wilson toils away in civilian life with his days as the morally flexible mercenary, Deadpool, behind him. But when his homeworld faces an existential threat, Wade must reluctantly suit-up again with an even more reluctant Wolverine.",
        "popularity": 69.49,
        "poster_path": "/8cdWjvZQUExUUTzyp4t6EDMubfO.jpg",
        "production_companies": [
            {
                "id": 420,
                "logo_path": "/hUzeosd33nzE5MCNsZxCGEKTXaQ.png",
                "name": "Marvel Studios",
                "origin_country": "US"
            },
            {
                "id": 104228,
                "logo_path": "/hx0C1XcSxGgat8N62GpxoJGTkCk.png",
                "name": "Maximum Effort",
                "origin_country": "US"
            },
            {
                "id": 2575,
                "logo_path": "/9YJrHYlcfHtwtulkFMAies3aFEl.png",
                "name": "21 Laps Entertainment",
                "origin_country": "US"
            },
            {
                "id": 127928,
                "logo_path": "/h0rjX5vjW5r8yEnUBStFarjcLT4.png",
                "name": "20th Century Studios",
                "origin_country": "US"
            },
            {
                "id": 176762,
                "logo_path": null,
                "name": "Kevin Feige Productions",
                "origin_country": "US"
            },
            {
                "id": 22213,
                "logo_path": "/qx9K6bFWJupwde0xQDwOvXkOaL8.png",
                "name": "TSG Entertainment",
                "origin_country": "US"
            }
        ],
        "production_countries": [
            {
                "iso_3166_1": "US",
                "name": "United States of America"
            }
        ],
        "release_date": "2024-07-24",
        "revenue": 1338073645,
        "runtime": 128,
        "spoken_languages": [
            {
                "english_name": "English",
                "iso_639_1": "en",
                "name": "English"
            }
        ],
        "status": "Released",
        "tagline": "Come together.",
        "title": "Deadpool & Wolverine",
        "video": false,
        "vote_average": 7.599,
        "vote_count": 7137
    },
    "omdb": {
        "Title": "Deadpool & Wolverine",
        "Year": "2024",
        "Rated": "R",
        "Released": "26 Jul 2024",
        "Runtime": "128 min",
        "Genre": "Action, Adventure, Comedy",
        "Director": "Shawn Levy",
        "Writer": "Ryan Reynolds, Rhett Reese, Paul Wernick",
        "Actors": "Ryan Reynolds, Hugh Jackman, Emma Corrin",
        "Plot": "Deadpool is offered a place in the Marvel Cinematic Universe by the Time Variance Authority, but instead recruits a variant of Wolverine to save his universe from extinction.",
        "Language": "English, French, Spanish",
        "Country": "United States, United Kingdom, New Zealand, Canada",
        "Awards": "18 wins & 53 nominations total",
        "Poster": "https://m.media-amazon.com/images/M/MV5BZTk5ODY0MmQtMzA3Ni00NGY1LThiYzItZThiNjFiNDM4MTM3XkEyXkFqcGc@._V1_SX300.jpg",
        "Ratings": [
            {
                "Source": "Internet Movie Database",
                "Value": "7.6/10"
            },
            {
                "Source": "Rotten Tomatoes",
                "Value": "78%"
            },
            {
                "Source": "Metacritic",
                "Value": "56/100"
            }
        ],
        "Metascore": "56",
        "imdbRating": "7.6",
        "imdbVotes": "480,069",
        "imdbID": "tt6263850",
        "Type": "movie",
        "DVD": "N/A",
        "BoxOffice": "$636,745,858",
        "Production": "N/A",
        "Website": "N/A",
        "Response": "True"
    }
}