{
    "tmdb": {
        "adult": false,
        "backdrop_path": "/dx8wpD04sWu8g9oDi9j0Vi1ocqQ.jpg",
        "belongs_to_collection": null,
        "budget": 0,
        "genres": [
            {
                "id": 14,
                "name": "Fantasy"
            },
            {
                "id": 27,
                "name": "Horror"
            }
        ],
        "homepage": "",
        "id": 1140847,
        "imdb_id": "tt28087226",
        "origin_country": [
            "GB"
        ],
        "original_language": "en",
        "original_title": "Cinderella's Revenge",
        "overview": "Cinderella finds freedom from her wicked stepmother with the help of her fairy godmother. Only this time, they unleash a plan of bloody vengeance.",
        "popularity": 23.6014,
        "poster_path": "/cYB3SHhITJSbRoisgn9QQTP8YkZ.jpg",
        "production_companies": [
            {
                "id": 13923,
                "logo_path": "/wobbHfqb8lIBcsUxMOQEgMdVqsQ.png",
                "name": "Sobini Films",
                "origin_country": "US"
            },
            {
                "id": 39081,
                "logo_path": null,
                "name": "Titan Global Entertainment",
                "origin_country": ""
            },
            {
                "id": 220959,
                "logo_path": null,
                "name": "EMRJ Entertainment",
                "origin_country": ""
            }
        ],
        "production_countries": [
            {
                "iso_3166_1": "GB",
                "name": "United Kingdom"
            }
        ],
        "release_date": "2024-04-26",
        "revenue": 0,
        "runtime": 85,
        "spoken_languages": [
            {
                "english_name": "Spanish",
                "iso_639_1": "es",
                "name": "Español"
            },
            {
                "english_name": "English",
                "iso_639_1": "en",
                "name": "English"
            }
        ],
        "status": "Released",
        "tagline": "This ain't no fairy tale",
        "title": "Cinderella's Revenge",
        "video": false,
        "vote_average": 5.734,
        "vote_count": 32
    },
    "omdb": {
        "Title": "Cinderella's Revenge",
        "Year": "2024",
        "Rated": "N/A",
        "Released": "22 Aug 2024",
        "Runtime": "85 min",
        "Genre": "Drama, Fantasy, Horror",
        "Director": "Andy Edwards",
        "Writer": "Tom Jolliffe",
        "Actors": "Natasha Henstridge, Lauren Staerck, Stephanie Lodge",
        "Plot": "Cinderella is pushed too far by her evil stepsisters and stepmother, which causes her to switch out her glass shoes and use the assistance of her Fairy Godmother to seek bloody vengeance.",
        "Language": "N/A",
        "Country": "United Kingdom, United States",
        "Awards": "N/A",
        "Poster": "https://m.media-amazon.com/images/M/MV5BYzY0ZjIzZmQtZGI2YS00NDUyLWI3MDMtNzJkN2QzM2M4YTcxXkEyXkFqcGc@._V1_SX300.jpg",
        "Ratings": [
            {
                "Source": "Internet Movie Database",
                "Value": "3.6/10"
            }
        ],
        "Metascore": "N/A",
        "imdbRating": "3.6",
        "imdbVotes": "833",
        "imdbID": "tt28087226",
        "Type": "movie",
        "DVD": "N/A",
        "BoxOffice": "N/A",
        "Production": "N/A",
        "Website": "N/A",
        "Response": "True"
    }
}