{
    "tmdb": {
        "adult": false,
        "backdrop_path": "/dTaqzXA1auKRUjHPQjR3u0W7Gfl.jpg",
        "belongs_to_collection": null,
        "budget": 20000000,
        "genres": [
            {
                "id": 9648,
                "name": "Mystery"
            },
            {
                "id": 53,
                "name": "Thriller"
            }
        ],
        "homepage": "https://mgm.com/movies/blink-twice",
        "id": 840705,
        "imdb_id": "tt14858658",
        "origin_country": [
            "US"
        ],
        "original_language": "en",
        "original_title": "Blink Twice",
        "overview": "When tech billionaire Slater King meets cocktail waitress Frida at his fundraising gala, he invites her to join him and his friends on a dream vacation on his private island. But despite the epic setting, beautiful people, ever-flowing champagne, and late-night dance parties, Frida can sense that there’s something sinister hiding beneath the island’s lush façade.",
        "popularity": 20.9264,
        "poster_path": "/lZGOK0I2DJSRlEPNOAFTSNxSjDD.jpg",
        "production_companies": [
            {
                "id": 21,
                "logo_path": "/usUnaYV6hQnlVAXP6r4HwrlLFPG.png",
                "name": "Metro-Goldwyn-Mayer",
                "origin_country": "US"
            },
            {
                "id": 57743,
                "logo_path": "/fon2TaTj6WU8kVfAmlHsvpPdt2p.png",
                "name": "Free Association",
                "origin_country": "US"
            },
            {
                "id": 175566,
                "logo_path": null,
                "name": "This Is Important",
                "origin_country": "US"
            },
            {
                "id": 226970,
                "logo_path": null,
                "name": "Bold Choices",
                "origin_country": "US"
            }
        ],
        "production_countries": [
            {
                "iso_3166_1": "US",
                "name": "United States of America"
            }
        ],
        "release_date": "2024-08-21",
        "revenue": 46393906,
        "runtime": 102,
        "spoken_languages": [
            {
                "english_name": "English",
                "iso_639_1": "en",
                "name": "English"
            }
        ],
        "status": "Released",
        "tagline": "Are you having a good time?",
        "title": "Blink Twice",
        "video": false,
        "vote_average": 6.675,
        "vote_count": 1429
    },
    "omdb": {
        "Title": "Blink Twice",
        "Year": "2024",
        "Rated": "R",
        "Released": "23 Aug 2024",
        "Runtime": "102 min",
        "Genre": "Mystery, Thriller",
        "Director": "Zoë Kravitz",
        "Writer": "Zoë Kravitz, E.T. Feigenbaum",
        "Actors": "Naomi Ackie, Channing Tatum, Alia Shawkat",
        "Plot": "When tech billionaire Slater King meets cocktail waitress Frida at his fundraising gala, he invites her to join him and his friends on a dream vacation on his private island. As strange things start to happen, Frida questions her ...",
        "Language": "English",
        "Country": "Mexico, United States",
        "Awards": "2 wins & 20 nominations total",
        "Poster": "https://m.media-amazon.com/images/M/MV5BMzczYmQ0NTUtMTM5OS00Mzc4LWExZDYtOWE4YjRkOWJkYWRlXkEyXkFqcGc@._V1_SX300.jpg",
        "Ratings": [
            {
                "Source": "Internet Movie Database",
                "Value": "6.5/10"
            },
            {
                "Source": "Rotten Tomatoes",
                "Value": "75%"
            },
            {
                "Source": "Metacritic",
                "Value": "66/100"
            }
        ],
        "Metascore": "66",
        "imdbRating": "6.5",
        "imdbVotes": "85,125",
        "imdbID": "tt14858658",
        "Type": "movie",
        "DVD": "N/A",
        "BoxOffice": "$23,093,906",
        "Production": "N/A",
        "Website": "N/A",
        "Response": "True"
    }
}