{
    "tmdb": {
        "adult": false,
        "backdrop_path": "/gG9fTyDL03fiKnOpf2tr01sncnt.jpg",
        "belongs_to_collection": null,
        "budget": 75000000,
        "genres": [
            {
                "id": 28,
                "name": "Action"
            },
            {
                "id": 878,
                "name": "Science Fiction"
            },
            {
                "id": 14,
                "name": "Fantasy"
            }
        ],
        "homepage": "https://www.sonypictures.com/movies/morbius",
        "id": 526896,
        "imdb_id": "tt5108870",
        "origin_country": [
            "US"
        ],
        "original_language": "en",
        "original_title": "Morbius",
        "overview": "Dangerously ill with a rare blood disorder, and determined to save others suffering his same fate, Dr. Michael Morbius attempts a desperate gamble. What at first appears to be a radical success soon reveals itself to be a remedy potentially worse than the disease.",
        "popularity": 14.1603,
        "poster_path": "/6JjfSchsU6daXk2AKX8EEBjO3Fm.jpg",
        "production_companies": [
            {
                "id": 5,
                "logo_path": "/71BqEFAF4V3qjjMPCpLuyJFB9A.png",
                "name": "Columbia Pictures",
                "origin_country": "US"
            },
            {
                "id": 53462,
                "logo_path": "/nx8B3Phlcse02w86RW4CJqzCnfL.png",
                "name": "Matt Tolmach Productions",
                "origin_country": "US"
            },
            {
                "id": 14439,
                "logo_path": null,
                "name": "Arad Productions",
                "origin_country": "US"
            }
        ],
        "production_countries": [
            {
                "iso_3166_1": "US",
                "name": "United States of America"
            }
        ],
        "release_date": "2022-03-30",
        "revenue": 167635712,
        "runtime": 105,
        "spoken_languages": [
            {
                "english_name": "English",
                "iso_639_1": "en",
                "name": "English"
            },
            {
                "english_name": "Greek",
                "iso_639_1": "el",
                "name": "ελληνικά"
            },
            {
                "english_name": "Norwegian",
                "iso_639_1": "no",
                "name": "Norsk"
            },
            {
                "english_name": "Spanish",
                "iso_639_1": "es",
                "name": "Español"
            }
        ],
        "status": "Released",
        "tagline": "A new Marvel legend arrives.",
        "title": "Morbius",
        "video": false,
        "vote_average": 5.97,
        "vote_count": 4450
    },
    "omdb": {
        "Title": "Morbius",
        "Year": "2022",
        "Rated": "PG-13",
        "Released": "01 Apr 2022",
        "Runtime": "104 min",
        "Genre": "Action, Adventure, Horror",
        "Director": "Daniel Espinosa",
        "Writer": "Matt Sazama, Burk Sharpless",
        "Actors": "Jared Leto, Matt Smith, Adria Arjona",
        "Plot": "Biochemist Michael Morbius tries to cure himself of a rare blood disease, but he inadvertently infects himself with a form of vampirism instead.",
        "Language": "English, Spanish, Russian",
        "Country": "United States",
        "Awards": "3 wins & 4 nominations total",
        "Poster": "https://m.media-amazon.com/images/M/MV5BY2UzYzFiZWUtOGU5ZC00YTIxLWFlNGUtMGU1YmI4OWUzN2FmXkEyXkFqcGc@._V1_SX300.jpg",
        "Ratings": [
            {
                "Source": "Internet Movie Database",
                "Value": "5.1/10"
            },
            {
                "Source": "Rotten Tomatoes",
                "Value": "15%"
            },
            {
                "Source": "Metacritic",
                "Value": "35/100"
            }
        ],
        "Metascore": "35",
        "imdbRating": "5.1",
        "imdbVotes": "160,126",
        "imdbID": "tt5108870",
        "Type": "movie",
        "DVD": "N/A",
        "BoxOffice": "$73,865,530",
        "Production": "N/A",
        "Website": "N/A",
        "Response": "True"
    }
}