{
    "tmdb": {
        "adult": false,
        "backdrop_path": "/sc1abgWNXc29wSBaerrjGBih06l.jpg",
        "belongs_to_collection": null,
        "budget": 10000000,
        "genres": [
            {
                "id": 27,
                "name": "Horror"
            },
            {
                "id": 878,
                "name": "Science Fiction"
            },
            {
                "id": 53,
                "name": "Thriller"
            }
        ],
        "homepage": "https://www.findyourcompanion.com",
        "id": 1084199,
        "imdb_id": "tt26584495",
        "origin_country": [
            "US"
        ],
        "original_language": "en",
        "original_title": "Companion",
        "overview": "During a weekend getaway at a secluded lakeside estate, a group of friends finds themselves entangled in a web of secrets, deception, and advanced technology. As tensions rise and loyalties are tested, they uncover unsettling truths about themselves and the world around them.",
        "popularity": 50.3498,
        "poster_path": "/oCoTgC3UyWGfyQ9thE10ulWR7bn.jpg",
        "production_companies": [
            {
                "id": 18609,
                "logo_path": "/cYhbt3q231mWEkiMn3WPLCcXXl9.png",
                "name": "BoulderLight Pictures",
                "origin_country": "US"
            },
            {
                "id": 12,
                "logo_path": "/2ycs64eqV5rqKYHyQK0GVoKGvfX.png",
                "name": "New Line Cinema",
                "origin_country": "US"
            },
            {
                "id": 829,
                "logo_path": "/aXqwCvJSCDbTclkxAYfsT1l4Dsa.png",
                "name": "Vertigo Entertainment",
                "origin_country": "US"
            },
            {
                "id": 240675,
                "logo_path": null,
                "name": "Subconscious",
                "origin_country": "US"
            },
            {
                "id": 216687,
                "logo_path": "/kKVYqekveOvLK1IgqdJojLjQvtu.png",
                "name": "Domain Entertainment",
                "origin_country": "US"
            }
        ],
        "production_countries": [
            {
                "iso_3166_1": "US",
                "name": "United States of America"
            }
        ],
        "release_date": "2025-01-22",
        "revenue": 36709101,
        "runtime": 97,
        "spoken_languages": [
            {
                "english_name": "Mandarin",
                "iso_639_1": "zh",
                "name": "普通话"
            },
            {
                "english_name": "English",
                "iso_639_1": "en",
                "name": "English"
            },
            {
                "english_name": "Russian",
                "iso_639_1": "ru",
                "name": "Pусский"
            },
            {
                "english_name": "Spanish",
                "iso_639_1": "es",
                "name": "Español"
            },
            {
                "english_name": "German",
                "iso_639_1": "de",
                "name": "Deutsch"
            }
        ],
        "status": "Released",
        "tagline": "Find someone made just for you.",
        "title": "Companion",
        "video": false,
        "vote_average": 7.1,
        "vote_count": 1168
    },
    "omdb": {
        "Title": "Companion",
        "Year": "2025",
        "Rated": "R",
        "Released": "31 Jan 2025",
        "Runtime": "97 min",
        "Genre": "Sci-Fi, Thriller",
        "Director": "Drew Hancock",
        "Writer": "Drew Hancock",
        "Actors": "Sophie Thatcher, Jack Quaid, Lukas Gage",
        "Plot": "A weekend getaway with friends at a remote cabin turns into chaos after it's revealed that one of the guests is not what they seem.",
        "Language": "English",
        "Country": "United States",
        "Awards": "1 win total",
        "Poster": "https://m.media-amazon.com/images/M/MV5BYjkyZTA5NzAtYWU3Zi00MWM4LTgxNzAtNDQxY2JmNjMwYjk4XkEyXkFqcGc@._V1_SX300.jpg",
        "Ratings": [
            {
                "Source": "Internet Movie Database",
                "Value": "7.0/10"
            },
            {
                "Source": "Rotten Tomatoes",
                "Value": "94%"
            },
            {
                "Source": "Metacritic",
                "Value": "70/100"
            }
        ],
        "Metascore": "70",
        "imdbRating": "7.0",
        "imdbVotes": "62,373",
        "imdbID": "tt26584495",
        "Type": "movie",
        "DVD": "N/A",
        "BoxOffice": "$20,809,101",
        "Production": "N/A",
        "Website": "N/A",
        "Response": "True"
    }
}