{
    "tmdb": {
        "adult": false,
        "backdrop_path": "/ipcssF1DsfnrZr1VqCwwe04mLYj.jpg",
        "belongs_to_collection": null,
        "budget": 0,
        "genres": [
            {
                "id": 18,
                "name": "Drama"
            },
            {
                "id": 53,
                "name": "Thriller"
            }
        ],
        "homepage": "",
        "id": 1221451,
        "imdb_id": "tt31070448",
        "origin_country": [
            "PH"
        ],
        "original_language": "tl",
        "original_title": "Salawahan",
        "overview": "All eyes are on Vivamax Queen Angeli Khang as she is being shared by not one, not two, but three hot leading men. Melaine can't get enough with the two men in her life. When a new man arrives, she gives in to temptation.  Director: JEFFREY HIDALGO  Cast: ANGELI KHANG, ALBIE CASINO, SHEILA SNOW, VAN ALLEN ONG, ITAN ROSALES",
        "popularity": 24.7081,
        "poster_path": "/c6PovJ1flBiZeOkHpQIo8Ho8lrw.jpg",
        "production_companies": [
            {
                "id": 149142,
                "logo_path": "/25oYoXHsfWYlddAzJSBReajN3BM.png",
                "name": "Vivamax",
                "origin_country": "PH"
            }
        ],
        "production_countries": [
            {
                "iso_3166_1": "PH",
                "name": "Philippines"
            }
        ],
        "release_date": "2024-02-02",
        "revenue": 0,
        "runtime": 114,
        "spoken_languages": [
            {
                "english_name": "Tagalog",
                "iso_639_1": "tl",
                "name": ""
            }
        ],
        "status": "Released",
        "tagline": "",
        "title": "Salawahan",
        "video": false,
        "vote_average": 5.0,
        "vote_count": 4
    },
    "omdb": {
        "Title": "Salawahan",
        "Year": "2024",
        "Rated": "N/A",
        "Released": "02 Feb 2024",
        "Runtime": "116 min",
        "Genre": "Drama, Mystery, Thriller",
        "Director": "Jeffrey Hidalgo",
        "Writer": "Raquel Villavicencio",
        "Actors": "Angeli Khang, Albie Casiño, Sheila Snow",
        "Plot": "Melaine can't get enough with the two men in her life. When a new man arrives, she gives in to temptation.",
        "Language": "Tagalog, Filipino",
        "Country": "Philippines",
        "Awards": "N/A",
        "Poster": "https://m.media-amazon.com/images/M/MV5BMTc3ZmE0MzMtMjBiYS00YjU1LWIxMjQtYWZiYTg4OTk0N2E2XkEyXkFqcGc@._V1_SX300.jpg",
        "Ratings": [],
        "Metascore": "N/A",
        "imdbRating": "N/A",
        "imdbVotes": "169",
        "imdbID": "tt31070448",
        "Type": "movie",
        "DVD": "N/A",
        "BoxOffice": "N/A",
        "Production": "N/A",
        "Website": "N/A",
        "Response": "True"
    }
}