{
    "tmdb": {
        "adult": false,
        "backdrop_path": "/r17jFHAemzcWPPtoO0UxjIX0xas.jpg",
        "belongs_to_collection": {
            "id": 404609,
            "name": "John Wick Collection",
            "poster_path": "/sm7rZZivZm2NhJDucFf3gpfFdVt.jpg",
            "backdrop_path": "/fSwYa5q2xRkBoOOjueLpkLf3N1m.jpg"
        },
        "budget": 40000000,
        "genres": [
            {
                "id": 28,
                "name": "Action"
            },
            {
                "id": 53,
                "name": "Thriller"
            },
            {
                "id": 80,
                "name": "Crime"
            }
        ],
        "homepage": "https://johnwick.movie/film/john-wick/john-wick-chapter-2",
        "id": 324552,
        "imdb_id": "tt4425200",
        "origin_country": [
            "US"
        ],
        "original_language": "en",
        "original_title": "John Wick: Chapter 2",
        "overview": "John Wick is forced out of retirement by a former associate looking to seize control of a shadowy international assassins’ guild. Bound by a blood oath to aid him, Wick travels to Rome and does battle against some of the world’s most dangerous killers.",
        "popularity": 14.1389,
        "poster_path": "/hXWBc0ioZP3cN4zCu6SN3YHXZVO.jpg",
        "production_companies": [
            {
                "id": 3528,
                "logo_path": "/cCzCClIzIh81Fa79hpW5nXoUsHK.png",
                "name": "Thunder Road",
                "origin_country": "US"
            },
            {
                "id": 23008,
                "logo_path": "/5SarYupipdiejsEqUkwu1SpYfru.png",
                "name": "87Eleven",
                "origin_country": "US"
            },
            {
                "id": 491,
                "logo_path": "/5LvDUt3KmvRnXQ4NrdWJYHeuA8J.png",
                "name": "Summit Entertainment",
                "origin_country": "US"
            }
        ],
        "production_countries": [
            {
                "iso_3166_1": "US",
                "name": "United States of America"
            }
        ],
        "release_date": "2017-02-08",
        "revenue": 171539887,
        "runtime": 122,
        "spoken_languages": [
            {
                "english_name": "English",
                "iso_639_1": "en",
                "name": "English"
            },
            {
                "english_name": "Hebrew",
                "iso_639_1": "he",
                "name": "עִבְרִית"
            },
            {
                "english_name": "Italian",
                "iso_639_1": "it",
                "name": "Italiano"
            },
            {
                "english_name": "Russian",
                "iso_639_1": "ru",
                "name": "Pусский"
            }
        ],
        "status": "Released",
        "tagline": "Never stab the devil in the back!",
        "title": "John Wick: Chapter 2",
        "video": false,
        "vote_average": 7.332,
        "vote_count": 13381
    },
    "omdb": {
        "Title": "John Wick: Chapter 2",
        "Year": "2017",
        "Rated": "R",
        "Released": "10 Feb 2017",
        "Runtime": "122 min",
        "Genre": "Action, Crime, Thriller",
        "Director": "Chad Stahelski",
        "Writer": "Derek Kolstad",
        "Actors": "Keanu Reeves, Riccardo Scamarcio, Ian McShane",
        "Plot": "After returning to the criminal underworld to repay a debt, John Wick discovers that a large bounty has been put on his life.",
        "Language": "English, Italian, Russian, Sign , Hebrew",
        "Country": "United States, Italy, Hong Kong, Canada",
        "Awards": "4 wins & 10 nominations total",
        "Poster": "https://m.media-amazon.com/images/M/MV5BMjE2NDkxNTY2M15BMl5BanBnXkFtZTgwMDc2NzE0MTI@._V1_SX300.jpg",
        "Ratings": [
            {
                "Source": "Internet Movie Database",
                "Value": "7.4/10"
            },
            {
                "Source": "Rotten Tomatoes",
                "Value": "89%"
            },
            {
                "Source": "Metacritic",
                "Value": "75/100"
            }
        ],
        "Metascore": "75",
        "imdbRating": "7.4",
        "imdbVotes": "538,183",
        "imdbID": "tt4425200",
        "Type": "movie",
        "DVD": "N/A",
        "BoxOffice": "$92,029,184",
        "Production": "N/A",
        "Website": "N/A",
        "Response": "True"
    }
}