{
    "tmdb": {
        "adult": false,
        "backdrop_path": "/yVSgw4UyXWg0Edl7KMehdhhgIwL.jpg",
        "belongs_to_collection": {
            "id": 399,
            "name": "Predator Collection",
            "poster_path": "/mm2t5dd1QFxtX6X56Z9U5ucsIb1.jpg",
            "backdrop_path": "/u1CTqTYRUVyLwlEd1z1VJrVBp0J.jpg"
        },
        "budget": 40000000,
        "genres": [
            {
                "id": 878,
                "name": "Science Fiction"
            },
            {
                "id": 28,
                "name": "Action"
            },
            {
                "id": 53,
                "name": "Thriller"
            }
        ],
        "homepage": "https://www.20thcenturystudios.com/movies/predators",
        "id": 34851,
        "imdb_id": "tt1424381",
        "origin_country": [
            "US"
        ],
        "original_language": "en",
        "original_title": "Predators",
        "overview": "A group of cold-blooded killers find themselves trapped on an alien planet to be hunted by extraterrestrial Predators.",
        "popularity": 13.9621,
        "poster_path": "/wdniP8NDaJIydi1hMxhpbJMUfr6.jpg",
        "production_companies": [
            {
                "id": 1302,
                "logo_path": "/zC3b70ixHh89qJIikLQPEvLqbPM.png",
                "name": "Davis Entertainment",
                "origin_country": "US"
            },
            {
                "id": 25,
                "logo_path": "/qZCc1lty5FzX30aOCVRBLzaVmcp.png",
                "name": "20th Century Fox",
                "origin_country": "US"
            },
            {
                "id": 444,
                "logo_path": null,
                "name": "Dune Entertainment",
                "origin_country": "US"
            },
            {
                "id": 10807,
                "logo_path": "/5MhGwwNnXXcTKjIXJ9oALnUas4t.png",
                "name": "Troublemaker Studios",
                "origin_country": "US"
            }
        ],
        "production_countries": [
            {
                "iso_3166_1": "US",
                "name": "United States of America"
            }
        ],
        "release_date": "2010-07-07",
        "revenue": 127200000,
        "runtime": 107,
        "spoken_languages": [
            {
                "english_name": "English",
                "iso_639_1": "en",
                "name": "English"
            },
            {
                "english_name": "Spanish",
                "iso_639_1": "es",
                "name": "Español"
            },
            {
                "english_name": "Russian",
                "iso_639_1": "ru",
                "name": "Pусский"
            }
        ],
        "status": "Released",
        "tagline": "They are the most dangerous killers on the planet. But this is not our planet.",
        "title": "Predators",
        "video": false,
        "vote_average": 6.273,
        "vote_count": 4243
    },
    "omdb": {
        "Title": "Predators",
        "Year": "2010",
        "Rated": "R",
        "Released": "09 Jul 2010",
        "Runtime": "107 min",
        "Genre": "Action, Adventure, Sci-Fi",
        "Director": "Nimród Antal",
        "Writer": "Alex Litvak, Michael Finch, Jim Thomas",
        "Actors": "Adrien Brody, Laurence Fishburne, Topher Grace",
        "Plot": "A group of elite warriors parachute into an unfamiliar jungle and are hunted by members of a merciless alien race.",
        "Language": "English, Spanish, Russian",
        "Country": "United States",
        "Awards": "2 wins & 4 nominations total",
        "Poster": "https://m.media-amazon.com/images/M/MV5BODNhMWY0MDQtNjgwZC00YjM3LWEwMDItMWM3MTg4ZjA5ODgwXkEyXkFqcGc@._V1_SX300.jpg",
        "Ratings": [
            {
                "Source": "Internet Movie Database",
                "Value": "6.4/10"
            },
            {
                "Source": "Rotten Tomatoes",
                "Value": "65%"
            },
            {
                "Source": "Metacritic",
                "Value": "51/100"
            }
        ],
        "Metascore": "51",
        "imdbRating": "6.4",
        "imdbVotes": "250,491",
        "imdbID": "tt1424381",
        "Type": "movie",
        "DVD": "N/A",
        "BoxOffice": "$52,000,688",
        "Production": "N/A",
        "Website": "N/A",
        "Response": "True"
    }
}