{
    "tmdb": {
        "adult": false,
        "backdrop_path": "/zfbjgQE1uSd9wiPTX4VzsLi0rGG.jpg",
        "belongs_to_collection": null,
        "budget": 25000000,
        "genres": [
            {
                "id": 18,
                "name": "Drama"
            },
            {
                "id": 80,
                "name": "Crime"
            }
        ],
        "homepage": "",
        "id": 278,
        "imdb_id": "tt0111161",
        "origin_country": [
            "US"
        ],
        "original_language": "en",
        "original_title": "The Shawshank Redemption",
        "overview": "Imprisoned in the 1940s for the double murder of his wife and her lover, upstanding banker Andy Dufresne begins a new life at the Shawshank prison, where he puts his accounting skills to work for an amoral warden. During his long stretch in prison, Dufresne comes to be admired by the other inmates -- including an older prisoner named Red -- for his integrity and unquenchable sense of hope.",
        "popularity": 41.7587,
        "poster_path": "/9cqNxx0GxF0bflZmeSMuL5tnGzr.jpg",
        "production_companies": [
            {
                "id": 97,
                "logo_path": "/7znWcbDd4PcJzJUlJxYqAlPPykp.png",
                "name": "Castle Rock Entertainment",
                "origin_country": "US"
            }
        ],
        "production_countries": [
            {
                "iso_3166_1": "US",
                "name": "United States of America"
            }
        ],
        "release_date": "1994-09-23",
        "revenue": 28341469,
        "runtime": 142,
        "spoken_languages": [
            {
                "english_name": "English",
                "iso_639_1": "en",
                "name": "English"
            }
        ],
        "status": "Released",
        "tagline": "Fear can hold you prisoner. Hope can set you free.",
        "title": "The Shawshank Redemption",
        "video": false,
        "vote_average": 8.709,
        "vote_count": 28212
    },
    "omdb": {
        "Title": "The Shawshank Redemption",
        "Year": "1994",
        "Rated": "R",
        "Released": "14 Oct 1994",
        "Runtime": "142 min",
        "Genre": "Drama",
        "Director": "Frank Darabont",
        "Writer": "Stephen King, Frank Darabont",
        "Actors": "Tim Robbins, Morgan Freeman, Bob Gunton",
        "Plot": "A banker convicted of uxoricide forms a friendship over a quarter century with a hardened convict, while maintaining his innocence and trying to remain hopeful through simple compassion.",
        "Language": "English",
        "Country": "United States",
        "Awards": "Nominated for 7 Oscars. 21 wins & 42 nominations total",
        "Poster": "https://m.media-amazon.com/images/M/MV5BMDAyY2FhYjctNDc5OS00MDNlLThiMGUtY2UxYWVkNGY2ZjljXkEyXkFqcGc@._V1_SX300.jpg",
        "Ratings": [
            {
                "Source": "Internet Movie Database",
                "Value": "9.3/10"
            },
            {
                "Source": "Rotten Tomatoes",
                "Value": "89%"
            },
            {
                "Source": "Metacritic",
                "Value": "82/100"
            }
        ],
        "Metascore": "82",
        "imdbRating": "9.3",
        "imdbVotes": "3,031,101",
        "imdbID": "tt0111161",
        "Type": "movie",
        "DVD": "N/A",
        "BoxOffice": "$28,767,189",
        "Production": "N/A",
        "Website": "N/A",
        "Response": "True"
    }
}