{
    "tmdb": {
        "adult": false,
        "backdrop_path": "/7I6VUdPj6tQECNHdviJkUHD2u89.jpg",
        "belongs_to_collection": {
            "id": 404609,
            "name": "John Wick Collection",
            "poster_path": "/sm7rZZivZm2NhJDucFf3gpfFdVt.jpg",
            "backdrop_path": "/fSwYa5q2xRkBoOOjueLpkLf3N1m.jpg"
        },
        "budget": 100000000,
        "genres": [
            {
                "id": 28,
                "name": "Action"
            },
            {
                "id": 53,
                "name": "Thriller"
            },
            {
                "id": 80,
                "name": "Crime"
            }
        ],
        "homepage": "https://johnwick.movie/film/john-wick-4",
        "id": 603692,
        "imdb_id": "tt10366206",
        "origin_country": [
            "US"
        ],
        "original_language": "en",
        "original_title": "John Wick: Chapter 4",
        "overview": "With the price on his head ever increasing, John Wick uncovers a path to defeating The High Table. But before he can earn his freedom, Wick must face off against a new enemy with powerful alliances across the globe and forces that turn old friends into foes.",
        "popularity": 32.1892,
        "poster_path": "/vZloFAK7NmvMGKE7VkF5UHaz0I.jpg",
        "production_companies": [
            {
                "id": 3528,
                "logo_path": "/cCzCClIzIh81Fa79hpW5nXoUsHK.png",
                "name": "Thunder Road",
                "origin_country": "US"
            },
            {
                "id": 23008,
                "logo_path": "/5SarYupipdiejsEqUkwu1SpYfru.png",
                "name": "87Eleven",
                "origin_country": "US"
            },
            {
                "id": 264,
                "logo_path": "/fA90qwUKgPhMONqtwY60GaHRyrW.png",
                "name": "Studio Babelsberg",
                "origin_country": "DE"
            },
            {
                "id": 1632,
                "logo_path": "/cisLn1YAUuptXVBa0xjq7ST9cH0.png",
                "name": "Lionsgate",
                "origin_country": "US"
            }
        ],
        "production_countries": [
            {
                "iso_3166_1": "DE",
                "name": "Germany"
            },
            {
                "iso_3166_1": "US",
                "name": "United States of America"
            }
        ],
        "release_date": "2023-03-22",
        "revenue": 440157245,
        "runtime": 170,
        "spoken_languages": [
            {
                "english_name": "Arabic",
                "iso_639_1": "ar",
                "name": "العربية"
            },
            {
                "english_name": "Cantonese",
                "iso_639_1": "cn",
                "name": "广州话 / 廣州話"
            },
            {
                "english_name": "English",
                "iso_639_1": "en",
                "name": "English"
            },
            {
                "english_name": "French",
                "iso_639_1": "fr",
                "name": "Français"
            },
            {
                "english_name": "German",
                "iso_639_1": "de",
                "name": "Deutsch"
            },
            {
                "english_name": "Japanese",
                "iso_639_1": "ja",
                "name": "日本語"
            },
            {
                "english_name": "Latin",
                "iso_639_1": "la",
                "name": "Latin"
            },
            {
                "english_name": "Russian",
                "iso_639_1": "ru",
                "name": "Pусский"
            },
            {
                "english_name": "Spanish",
                "iso_639_1": "es",
                "name": "Español"
            }
        ],
        "status": "Released",
        "tagline": "No way back, one way out.",
        "title": "John Wick: Chapter 4",
        "video": false,
        "vote_average": 7.723,
        "vote_count": 7014
    },
    "omdb": {
        "Title": "John Wick: Chapter 4",
        "Year": "2023",
        "Rated": "R",
        "Released": "24 Mar 2023",
        "Runtime": "169 min",
        "Genre": "Action, Crime, Thriller",
        "Director": "Chad Stahelski",
        "Writer": "Shay Hatten, Michael Finch, Derek Kolstad",
        "Actors": "Keanu Reeves, Laurence Fishburne, George Georgiou",
        "Plot": "John Wick uncovers a path to defeating The High Table. But before he can earn his freedom, Wick must face off against a new enemy with powerful alliances across the globe and forces that turn old friends into foes.",
        "Language": "English, Japanese, Russian, French, Spanish, German, Latin, Cantonese, Arabic",
        "Country": "United States, Germany",
        "Awards": "38 wins & 53 nominations total",
        "Poster": "https://m.media-amazon.com/images/M/MV5BY2Q2ZmI5ZjUtNWVhMC00YzJkLTlmYjMtY2RmZDhkNzEzYjZhXkEyXkFqcGc@._V1_SX300.jpg",
        "Ratings": [
            {
                "Source": "Internet Movie Database",
                "Value": "7.6/10"
            },
            {
                "Source": "Rotten Tomatoes",
                "Value": "94%"
            },
            {
                "Source": "Metacritic",
                "Value": "78/100"
            }
        ],
        "Metascore": "78",
        "imdbRating": "7.6",
        "imdbVotes": "375,074",
        "imdbID": "tt10366206",
        "Type": "movie",
        "DVD": "N/A",
        "BoxOffice": "$187,131,806",
        "Production": "N/A",
        "Website": "N/A",
        "Response": "True"
    }
}