{
    "tmdb": {
        "adult": false,
        "backdrop_path": "/fOfcbdBQBCO4Y2hy6DfLbb30klU.jpg",
        "belongs_to_collection": null,
        "budget": 30000000,
        "genres": [
            {
                "id": 18,
                "name": "Drama"
            },
            {
                "id": 37,
                "name": "Western"
            },
            {
                "id": 10749,
                "name": "Romance"
            },
            {
                "id": 10752,
                "name": "War"
            },
            {
                "id": 28,
                "name": "Action"
            }
        ],
        "homepage": "",
        "id": 4476,
        "imdb_id": "tt0110322",
        "origin_country": [
            "US"
        ],
        "original_language": "en",
        "original_title": "Legends of the Fall",
        "overview": "In early 20th-century Montana, Col. William Ludlow lives on a ranch in the wilderness with his sons, Alfred, Tristan, and Samuel. Eventually, the unconventional but close-knit family are bound by loyalty, tested by war, and torn apart by love, as told over the course of several decades in this epic saga.",
        "popularity": 15.236,
        "poster_path": "/t1KPGlW0UGd0m515LPQmk2F4nu1.jpg",
        "production_companies": [
            {
                "id": 348,
                "logo_path": "/mztvNjgx77cXUL6vWR3r7fyeZCa.png",
                "name": "Bedford Falls Productions",
                "origin_country": "US"
            },
            {
                "id": 559,
                "logo_path": "/eC0bWHVjnjUducyA6YFoEFqnPMC.png",
                "name": "TriStar Pictures",
                "origin_country": "US"
            },
            {
                "id": 1656,
                "logo_path": null,
                "name": "Pangaea",
                "origin_country": ""
            }
        ],
        "production_countries": [
            {
                "iso_3166_1": "US",
                "name": "United States of America"
            }
        ],
        "release_date": "1994-12-23",
        "revenue": 160638883,
        "runtime": 133,
        "spoken_languages": [
            {
                "english_name": "Cornish",
                "iso_639_1": "kw",
                "name": ""
            },
            {
                "english_name": "English",
                "iso_639_1": "en",
                "name": "English"
            }
        ],
        "status": "Released",
        "tagline": "After the Fall from Innocence the Legend begins.",
        "title": "Legends of the Fall",
        "video": false,
        "vote_average": 7.393,
        "vote_count": 2644
    },
    "omdb": {
        "Title": "Legends of the Fall",
        "Year": "1994",
        "Rated": "R",
        "Released": "13 Jan 1995",
        "Runtime": "133 min",
        "Genre": "Drama, Romance, War",
        "Director": "Edward Zwick",
        "Writer": "Susan Shilliday, William D. Wittliff, Jim Harrison",
        "Actors": "Brad Pitt, Anthony Hopkins, Aidan Quinn",
        "Plot": "In the early 1900s, three brothers and their father living in the remote wilderness of Montana are affected by betrayal, history, love, nature, and war.",
        "Language": "English, Cornish",
        "Country": "United States",
        "Awards": "Won 1 Oscar. 3 wins & 11 nominations total",
        "Poster": "https://m.media-amazon.com/images/M/MV5BMzFlMjE3NjYtYjIwMC00YTVhLWJlOWMtZjM1NDdmMTk1OGRlXkEyXkFqcGc@._V1_SX300.jpg",
        "Ratings": [
            {
                "Source": "Internet Movie Database",
                "Value": "7.5/10"
            },
            {
                "Source": "Metacritic",
                "Value": "45/100"
            }
        ],
        "Metascore": "45",
        "imdbRating": "7.5",
        "imdbVotes": "189,407",
        "imdbID": "tt0110322",
        "Type": "movie",
        "DVD": "05 Feb 2008",
        "BoxOffice": "$66,638,883",
        "Production": "N/A",
        "Website": "N/A",
        "Response": "True"
    }
}