{
    "tmdb": {
        "adult": false,
        "backdrop_path": "/nYQJYdfoy7Tkx6bPzUpmCMmyJ4y.jpg",
        "belongs_to_collection": null,
        "budget": 0,
        "genres": [
            {
                "id": 53,
                "name": "Thriller"
            },
            {
                "id": 28,
                "name": "Action"
            }
        ],
        "homepage": "https://www.aimeemovie.com/",
        "id": 1151470,
        "imdb_id": "tt5660834",
        "origin_country": [
            "US"
        ],
        "original_language": "en",
        "original_title": "The Vigilante",
        "overview": "Returning from Afghanistan, Jessica, a Spec OPS Marine, finds herself in a war she never imagined and discovers middle America suburbia has changed when her thirteen year old sister, Aimee, is abducted by sex traffickers.",
        "popularity": 20.377,
        "poster_path": "/xD9LpYZYmNch2EhHWIJXXFayENH.jpg",
        "production_companies": [
            {
                "id": 86941,
                "logo_path": null,
                "name": "Shattered Images Films",
                "origin_country": ""
            }
        ],
        "production_countries": [
            {
                "iso_3166_1": "US",
                "name": "United States of America"
            }
        ],
        "release_date": "2023-09-08",
        "revenue": 0,
        "runtime": 100,
        "spoken_languages": [
            {
                "english_name": "English",
                "iso_639_1": "en",
                "name": "English"
            }
        ],
        "status": "Released",
        "tagline": "She will find you.",
        "title": "The Vigilante",
        "video": false,
        "vote_average": 5.957,
        "vote_count": 23
    },
    "omdb": {
        "Title": "The Vigilante",
        "Year": "2023",
        "Rated": "R",
        "Released": "08 Sep 2023",
        "Runtime": "101 min",
        "Genre": "Thriller",
        "Director": "Lee Whittaker",
        "Writer": "Kara Myers, Lee Whittaker",
        "Actors": "Jet Jandreau, Rome Stephens Singh, Alexander Gulati",
        "Plot": "When a Marine returns home from deployment overseas, she goes to war against human traffickers who have kidnapped her 13-year-old sister.",
        "Language": "N/A",
        "Country": "United States",
        "Awards": "N/A",
        "Poster": "https://m.media-amazon.com/images/M/MV5BNDk2NWVjMDMtZDU0ZC00NzU4LWE1MzItZmU2NmVhYjM3YzYyXkEyXkFqcGc@._V1_SX300.jpg",
        "Ratings": [
            {
                "Source": "Internet Movie Database",
                "Value": "4.7/10"
            }
        ],
        "Metascore": "N/A",
        "imdbRating": "4.7",
        "imdbVotes": "642",
        "imdbID": "tt5660834",
        "Type": "movie",
        "DVD": "N/A",
        "BoxOffice": "N/A",
        "Production": "N/A",
        "Website": "N/A",
        "Response": "True"
    }
}