{
    "tmdb": {
        "adult": false,
        "backdrop_path": "/7QabKu8tizoqy8qCZJXljdSpP4A.jpg",
        "belongs_to_collection": {
            "id": 185103,
            "name": "Hotel Transylvania Collection",
            "poster_path": "/uhwRuPmDFoiuBxOAU3bJxu6os6i.jpg",
            "backdrop_path": "/5MJt6g7k9gADQH4xHn5mOEMa3Vr.jpg"
        },
        "budget": 75000000,
        "genres": [
            {
                "id": 16,
                "name": "Animation"
            },
            {
                "id": 35,
                "name": "Comedy"
            },
            {
                "id": 10751,
                "name": "Family"
            },
            {
                "id": 12,
                "name": "Adventure"
            },
            {
                "id": 14,
                "name": "Fantasy"
            }
        ],
        "homepage": "https://www.hoteltmovie.com",
        "id": 585083,
        "imdb_id": "tt9848626",
        "origin_country": [
            "US"
        ],
        "original_language": "en",
        "original_title": "Hotel Transylvania: Transformania",
        "overview": "When Van Helsing's mysterious invention, the \"Monsterfication Ray,\" goes haywire, Drac and his monster pals are all transformed into humans, and Johnny becomes a monster. In their new mismatched bodies, Drac and Johnny must team up and race across the globe to find a cure before it's too late, and before they drive each other crazy.",
        "popularity": 19.5008,
        "poster_path": "/teCy1egGQa0y8ULJvlrDHQKnxBL.jpg",
        "production_companies": [
            {
                "id": 2251,
                "logo_path": "/5ilV5mH3gxTEU7p5wjxptHvXkyr.png",
                "name": "Sony Pictures Animation",
                "origin_country": "US"
            },
            {
                "id": 34,
                "logo_path": "/mtp1fvZbe4H991Ka1HOORl572VH.png",
                "name": "Sony Pictures",
                "origin_country": "US"
            },
            {
                "id": 2531,
                "logo_path": "/9MfCJ2G6Nrf9yyRj4tAgPmMiDcn.png",
                "name": "MRC",
                "origin_country": "US"
            },
            {
                "id": 5,
                "logo_path": "/71BqEFAF4V3qjjMPCpLuyJFB9A.png",
                "name": "Columbia Pictures",
                "origin_country": "US"
            }
        ],
        "production_countries": [
            {
                "iso_3166_1": "US",
                "name": "United States of America"
            }
        ],
        "release_date": "2022-01-31",
        "revenue": 18500000,
        "runtime": 92,
        "spoken_languages": [
            {
                "english_name": "English",
                "iso_639_1": "en",
                "name": "English"
            }
        ],
        "status": "Released",
        "tagline": "Change can be scary.",
        "title": "Hotel Transylvania: Transformania",
        "video": false,
        "vote_average": 7.073,
        "vote_count": 2840
    },
    "omdb": {
        "Title": "Hotel Transylvania 4: Transformania",
        "Year": "2022",
        "Rated": "PG",
        "Released": "14 Jan 2022",
        "Runtime": "87 min",
        "Genre": "Animation, Adventure, Comedy",
        "Director": "Derek Drymon, Jennifer Kluska",
        "Writer": "Amos Vernon, Nunzio Randazzo, Genndy Tartakovsky",
        "Actors": "Andy Samberg, Selena Gomez, Kathryn Hahn",
        "Plot": "After one experiment, Johnny turns into a monster and everyone else becomes human. Now it has to be seen whether they will be able to reverse this experiment.",
        "Language": "English, Spanish, Ukrainian",
        "Country": "United States",
        "Awards": "1 win & 5 nominations total",
        "Poster": "https://m.media-amazon.com/images/M/MV5BNGYyN2Q5NGQtYWI3OS00MDMxLTlhNTktNjBkOWIwMTIzNGZkXkEyXkFqcGc@._V1_SX300.jpg",
        "Ratings": [
            {
                "Source": "Internet Movie Database",
                "Value": "6.0/10"
            },
            {
                "Source": "Rotten Tomatoes",
                "Value": "47%"
            },
            {
                "Source": "Metacritic",
                "Value": "46/100"
            }
        ],
        "Metascore": "46",
        "imdbRating": "6.0",
        "imdbVotes": "42,142",
        "imdbID": "tt9848626",
        "Type": "movie",
        "DVD": "N/A",
        "BoxOffice": "N/A",
        "Production": "N/A",
        "Website": "N/A",
        "Response": "True"
    }
}