{
    "tmdb": {
        "adult": false,
        "backdrop_path": "/1N0MYYFvYwpM5fi3mjw4150ReoR.jpg",
        "belongs_to_collection": null,
        "budget": 100000000,
        "genres": [
            {
                "id": 53,
                "name": "Thriller"
            },
            {
                "id": 878,
                "name": "Science Fiction"
            },
            {
                "id": 28,
                "name": "Action"
            },
            {
                "id": 12,
                "name": "Adventure"
            }
        ],
        "homepage": "http://www.planetoftheapes.com/films/planet-of-the-apes",
        "id": 869,
        "imdb_id": "tt0133152",
        "origin_country": [
            "US"
        ],
        "original_language": "en",
        "original_title": "Planet of the Apes",
        "overview": "After a spectacular crash-landing on an uncharted planet, brash astronaut Leo Davidson finds himself trapped in a savage world where talking apes dominate the human race. Desperate to find a way home, Leo must evade the invincible gorilla army led by Ruthless General Thade.",
        "popularity": 13.7193,
        "poster_path": "/kB55VSuv4fR7ssDI5Z2TSgaaOnf.jpg",
        "production_companies": [
            {
                "id": 25,
                "logo_path": "/qZCc1lty5FzX30aOCVRBLzaVmcp.png",
                "name": "20th Century Fox",
                "origin_country": "US"
            },
            {
                "id": 80,
                "logo_path": "/i6B0AIrUESLt5Fm6MOPXmuPhsvA.png",
                "name": "The Zanuck Company",
                "origin_country": "US"
            }
        ],
        "production_countries": [
            {
                "iso_3166_1": "US",
                "name": "United States of America"
            }
        ],
        "release_date": "2001-07-25",
        "revenue": 362211740,
        "runtime": 120,
        "spoken_languages": [
            {
                "english_name": "English",
                "iso_639_1": "en",
                "name": "English"
            }
        ],
        "status": "Released",
        "tagline": "You'll be sorry you were ever born human.",
        "title": "Planet of the Apes",
        "video": false,
        "vote_average": 5.758,
        "vote_count": 4159
    },
    "omdb": {
        "Title": "Planet of the Apes",
        "Year": "2001",
        "Rated": "PG-13",
        "Released": "27 Jul 2001",
        "Runtime": "120 min",
        "Genre": "Action, Adventure, Sci-Fi",
        "Director": "Tim Burton",
        "Writer": "Pierre Boulle, William Broyles Jr., Lawrence Konner",
        "Actors": "Mark Wahlberg, Helena Bonham Carter, Tim Roth",
        "Plot": "In 2029, an Air Force astronaut crash-lands on a mysterious planet where evolved, talking apes dominate a race of primitive humans.",
        "Language": "English",
        "Country": "United States",
        "Awards": "Nominated for 2 BAFTA 11 wins & 32 nominations total",
        "Poster": "https://m.media-amazon.com/images/M/MV5BYjczODRhOTQtZjdkYi00MmM2LTg1ZmEtZDQ3YjA5MDJhODNhXkEyXkFqcGc@._V1_SX300.jpg",
        "Ratings": [
            {
                "Source": "Internet Movie Database",
                "Value": "5.7/10"
            },
            {
                "Source": "Rotten Tomatoes",
                "Value": "43%"
            },
            {
                "Source": "Metacritic",
                "Value": "50/100"
            }
        ],
        "Metascore": "50",
        "imdbRating": "5.7",
        "imdbVotes": "237,015",
        "imdbID": "tt0133152",
        "Type": "movie",
        "DVD": "N/A",
        "BoxOffice": "$180,011,740",
        "Production": "N/A",
        "Website": "N/A",
        "Response": "True"
    }
}