{
    "tmdb": {
        "adult": false,
        "backdrop_path": "/dFOFsm3z8tss4Nz8dzahbc6r5CD.jpg",
        "belongs_to_collection": null,
        "budget": 0,
        "genres": [
            {
                "id": 16,
                "name": "Animation"
            },
            {
                "id": 35,
                "name": "Comedy"
            }
        ],
        "homepage": "https://www.netflix.com/title/81686326",
        "id": 1329336,
        "imdb_id": "tt33130902",
        "origin_country": [
            "US"
        ],
        "original_language": "en",
        "original_title": "The Bad Guys: Haunted Heist",
        "overview": "The crafty Bad Guys crew embarks on a high-stakes Halloween heist to swipe a priceless amulet from a spooky mansion. What could go wrong?",
        "popularity": 13.7317,
        "poster_path": "/oEJC05CqPugMxC4rFu9r6r6vg6m.jpg",
        "production_companies": [
            {
                "id": 42141,
                "logo_path": "/3DWUezrpxTqVMW4oKRhzfqJbULK.png",
                "name": "DreamWorks Animation Television",
                "origin_country": "US"
            }
        ],
        "production_countries": [
            {
                "iso_3166_1": "US",
                "name": "United States of America"
            }
        ],
        "release_date": "2024-10-02",
        "revenue": 0,
        "runtime": 25,
        "spoken_languages": [
            {
                "english_name": "English",
                "iso_639_1": "en",
                "name": "English"
            }
        ],
        "status": "Released",
        "tagline": "",
        "title": "The Bad Guys: Haunted Heist",
        "video": false,
        "vote_average": 6.984,
        "vote_count": 122
    },
    "omdb": {
        "Title": "The Bad Guys: Haunted Heist",
        "Year": "2024",
        "Rated": "TV-Y7",
        "Released": "03 Oct 2024",
        "Runtime": "25 min",
        "Genre": "Animation, Action, Adventure",
        "Director": "Kevin Peaty, Christo Stamboliev",
        "Writer": "Ben Glass, Elizabeth Chun, Shane Lynch",
        "Actors": "Michael Godere, Ezekiel Ajeigbe, Raul Ceballos",
        "Plot": "The Bad Guys' Halloween night of thievery and crime turns into a night of terror when they come across a dangerous enemy of the supernatural kind that gives them a taste of their own medicine.",
        "Language": "English",
        "Country": "United States",
        "Awards": "N/A",
        "Poster": "https://m.media-amazon.com/images/M/MV5BZDQ0NTRkNGMtMDM2NS00ZTkxLWE3NWYtNzE3MTQ4YTg4Njg2XkEyXkFqcGc@._V1_SX300.jpg",
        "Ratings": [
            {
                "Source": "Internet Movie Database",
                "Value": "5.5/10"
            }
        ],
        "Metascore": "N/A",
        "imdbRating": "5.5",
        "imdbVotes": "1,324",
        "imdbID": "tt33130902",
        "Type": "movie",
        "DVD": "N/A",
        "BoxOffice": "N/A",
        "Production": "N/A",
        "Website": "N/A",
        "Response": "True"
    }
}