{
    "tmdb": {
        "adult": false,
        "backdrop_path": "/orXMq2jZy8wFmePv7zXS2Kor7Ug.jpg",
        "belongs_to_collection": null,
        "budget": 1800000,
        "genres": [
            {
                "id": 37,
                "name": "Western"
            },
            {
                "id": 27,
                "name": "Horror"
            },
            {
                "id": 18,
                "name": "Drama"
            }
        ],
        "homepage": "http://www.thefyzz.com/project/bone-tomahawk",
        "id": 294963,
        "imdb_id": "tt2494362",
        "origin_country": [
            "US"
        ],
        "original_language": "en",
        "original_title": "Bone Tomahawk",
        "overview": "During a shootout in a saloon, Sheriff Hunt injures a suspicious stranger. The doctor's assistant, wife of the local foreman, tends to him in prison. That night, the town is attacked and they both disappear—only the arrow of a cannibal tribe is found. Hunt and a few of his men go in search of the prisoner and the foreman's wife.",
        "popularity": 30.3397,
        "poster_path": "/4MmTHpn2Y8emqvBgvOjufImUmKZ.jpg",
        "production_companies": [
            {
                "id": 11049,
                "logo_path": null,
                "name": "Caliber Media Company",
                "origin_country": ""
            },
            {
                "id": 36109,
                "logo_path": "/wca0Jcidf2N1KAPicYMjGoKOmYu.png",
                "name": "The Fyzz",
                "origin_country": "GB"
            },
            {
                "id": 116266,
                "logo_path": null,
                "name": "Realmbuilders Productions",
                "origin_country": ""
            },
            {
                "id": 147956,
                "logo_path": null,
                "name": "Twilight Riders",
                "origin_country": ""
            },
            {
                "id": 88455,
                "logo_path": "/fjTsx46gQwXR83NGYMlB7ez4q9f.png",
                "name": "The Jokers Films",
                "origin_country": "FR"
            },
            {
                "id": 89741,
                "logo_path": null,
                "name": "Platinum Platypus",
                "origin_country": ""
            },
            {
                "id": 20555,
                "logo_path": "/hD8yEGUBlHOcfHYbujp71vD8gZp.png",
                "name": "Taurus Film",
                "origin_country": "DE"
            }
        ],
        "production_countries": [
            {
                "iso_3166_1": "FR",
                "name": "France"
            },
            {
                "iso_3166_1": "US",
                "name": "United States of America"
            }
        ],
        "release_date": "2015-10-23",
        "revenue": 475846,
        "runtime": 133,
        "spoken_languages": [
            {
                "english_name": "English",
                "iso_639_1": "en",
                "name": "English"
            }
        ],
        "status": "Released",
        "tagline": "Death comes for all men.",
        "title": "Bone Tomahawk",
        "video": false,
        "vote_average": 6.9,
        "vote_count": 2299
    },
    "omdb": {
        "Title": "Bone Tomahawk",
        "Year": "2015",
        "Rated": "Not Rated",
        "Released": "19 Feb 2016",
        "Runtime": "132 min",
        "Genre": "Drama, Horror, Western",
        "Director": "S. Craig Zahler",
        "Writer": "S. Craig Zahler",
        "Actors": "Kurt Russell, Patrick Wilson, Matthew Fox",
        "Plot": "In the dying days of the old west, an elderly sheriff and his posse set out to rescue their town's doctor from cannibalistic cave dwellers.",
        "Language": "English",
        "Country": "United States, United Kingdom",
        "Awards": "9 wins & 20 nominations",
        "Poster": "https://m.media-amazon.com/images/M/MV5BMzQ0MzE4OTUzMF5BMl5BanBnXkFtZTgwODAyNzI3NjE@._V1_SX300.jpg",
        "Ratings": [
            {
                "Source": "Internet Movie Database",
                "Value": "7.1/10"
            },
            {
                "Source": "Rotten Tomatoes",
                "Value": "91%"
            },
            {
                "Source": "Metacritic",
                "Value": "72/100"
            }
        ],
        "Metascore": "72",
        "imdbRating": "7.1",
        "imdbVotes": "126,236",
        "imdbID": "tt2494362",
        "Type": "movie",
        "DVD": "N/A",
        "BoxOffice": "N/A",
        "Production": "N/A",
        "Website": "N/A",
        "Response": "True"
    }
}