{
    "tmdb": {
        "adult": false,
        "backdrop_path": "/eSVu1FvGPy86TDo4hQbpuHx55DJ.jpg",
        "belongs_to_collection": null,
        "budget": 45000000,
        "genres": [
            {
                "id": 28,
                "name": "Action"
            },
            {
                "id": 12,
                "name": "Adventure"
            },
            {
                "id": 878,
                "name": "Science Fiction"
            }
        ],
        "homepage": "https://www.65.movie",
        "id": 700391,
        "imdb_id": "tt12261776",
        "origin_country": [
            "US"
        ],
        "original_language": "en",
        "original_title": "65",
        "overview": "65 million years ago, the only 2 survivors of a spaceship from Somaris that crash-landed on Earth, must fend off dinosaurs to reach the escape vessel in time before an imminent asteroid strike threatens to destroy the planet.",
        "popularity": 76.0482,
        "poster_path": "/rzRb63TldOKdKydCvWJM8B6EkPM.jpg",
        "production_companies": [
            {
                "id": 122323,
                "logo_path": "/gWiaDcDxt0AkSE9hxsUn5naFGRT.png",
                "name": "Raimi Productions",
                "origin_country": "US"
            },
            {
                "id": 133303,
                "logo_path": "/nZzVZZIXkyjb9omN7uiIzOIxgGw.png",
                "name": "Beck/Woods",
                "origin_country": "US"
            },
            {
                "id": 13240,
                "logo_path": "/aTc07YaNHo8WNgkQSnvLmG6w4nW.png",
                "name": "Bron Studios",
                "origin_country": "CA"
            },
            {
                "id": 5,
                "logo_path": "/71BqEFAF4V3qjjMPCpLuyJFB9A.png",
                "name": "Columbia Pictures",
                "origin_country": "US"
            },
            {
                "id": 22213,
                "logo_path": "/qx9K6bFWJupwde0xQDwOvXkOaL8.png",
                "name": "TSG Entertainment",
                "origin_country": "US"
            }
        ],
        "production_countries": [
            {
                "iso_3166_1": "CA",
                "name": "Canada"
            },
            {
                "iso_3166_1": "US",
                "name": "United States of America"
            }
        ],
        "release_date": "2023-03-02",
        "revenue": 60730568,
        "runtime": 92,
        "spoken_languages": [
            {
                "english_name": "English",
                "iso_639_1": "en",
                "name": "English"
            }
        ],
        "status": "Released",
        "tagline": "When past meets future",
        "title": "65",
        "video": false,
        "vote_average": 5.979,
        "vote_count": 2533
    },
    "omdb": {
        "Title": "65",
        "Year": "2023",
        "Rated": "PG-13",
        "Released": "10 Mar 2023",
        "Runtime": "93 min",
        "Genre": "Action, Adventure, Sci-Fi",
        "Director": "Scott Beck, Bryan Woods",
        "Writer": "Scott Beck, Bryan Woods",
        "Actors": "Adam Driver, Ariana Greenblatt, Chloe Coleman",
        "Plot": "An astronaut crash lands on a mysterious planet only to discover he's not alone.",
        "Language": "English",
        "Country": "United States, Ireland, Australia, Canada",
        "Awards": "1 nomination total",
        "Poster": "https://m.media-amazon.com/images/M/MV5BZWQ2NjUyNWMtNDhlYy00Y2Y3LThlZTYtNzI3ODhiYjQ5YmFjXkEyXkFqcGc@._V1_SX300.jpg",
        "Ratings": [
            {
                "Source": "Internet Movie Database",
                "Value": "5.4/10"
            },
            {
                "Source": "Rotten Tomatoes",
                "Value": "36%"
            },
            {
                "Source": "Metacritic",
                "Value": "40/100"
            }
        ],
        "Metascore": "40",
        "imdbRating": "5.4",
        "imdbVotes": "98,822",
        "imdbID": "tt12261776",
        "Type": "movie",
        "DVD": "N/A",
        "BoxOffice": "$32,062,904",
        "Production": "N/A",
        "Website": "N/A",
        "Response": "True"
    }
}