{
    "tmdb": {
        "adult": false,
        "backdrop_path": "/nNCleqiADKVMKWDC5G7hjYcVCmv.jpg",
        "belongs_to_collection": null,
        "budget": 35000000,
        "genres": [
            {
                "id": 35,
                "name": "Comedy"
            }
        ],
        "homepage": "http://www.nacholibre.com/",
        "id": 9353,
        "imdb_id": "tt0457510",
        "origin_country": [
            "US"
        ],
        "original_language": "en",
        "original_title": "Nacho Libre",
        "overview": "Ignacio, a disrespected cook at a Mexican monastery, can barely afford to feed the orphans who live there. Inspired by a local wrestling hero, he decides to moonlight as the not-so-famous Luchador \"Nacho Libre\" to earn money for the monastery -- not to mention the admiration of beautiful nun Sister Encarnación.",
        "popularity": 14.4183,
        "poster_path": "/kh7B91bMl2lZ0mH9WhPfaNUIEQH.jpg",
        "production_companies": [
            {
                "id": 4,
                "logo_path": "/gz66EfNoYPqHTYI4q9UEN4CbHRc.png",
                "name": "Paramount Pictures",
                "origin_country": "US"
            },
            {
                "id": 2348,
                "logo_path": "/m31fQvZJuUvAgxoqTiCGYFBfZYe.png",
                "name": "Nickelodeon Movies",
                "origin_country": "US"
            },
            {
                "id": 2777,
                "logo_path": null,
                "name": "Black & White Productions",
                "origin_country": ""
            },
            {
                "id": 126304,
                "logo_path": null,
                "name": "MP Inka",
                "origin_country": "DE"
            }
        ],
        "production_countries": [
            {
                "iso_3166_1": "DE",
                "name": "Germany"
            },
            {
                "iso_3166_1": "US",
                "name": "United States of America"
            }
        ],
        "release_date": "2006-06-16",
        "revenue": 99255460,
        "runtime": 92,
        "spoken_languages": [
            {
                "english_name": "Spanish",
                "iso_639_1": "es",
                "name": "Español"
            },
            {
                "english_name": "English",
                "iso_639_1": "en",
                "name": "English"
            }
        ],
        "status": "Released",
        "tagline": "He's nacho average hero.",
        "title": "Nacho Libre",
        "video": false,
        "vote_average": 6.483,
        "vote_count": 1695
    },
    "omdb": {
        "Title": "Nacho Libre",
        "Year": "2006",
        "Rated": "PG",
        "Released": "16 Jun 2006",
        "Runtime": "92 min",
        "Genre": "Comedy, Family, Sport",
        "Director": "Jared Hess",
        "Writer": "Jared Hess, Jerusha Hess, Mike White",
        "Actors": "Jack Black, Ana de la Reguera, Héctor Jiménez",
        "Plot": "Berated all his life by those around him, a monk follows his dream and dons a mask to moonlight as a Luchador (Mexican wrestler).",
        "Language": "English, Spanish",
        "Country": "United States, Germany",
        "Awards": "1 win & 11 nominations total",
        "Poster": "https://m.media-amazon.com/images/M/MV5BMjMyNmEzNWYtMDNkYS00NGFmLWE3YjYtNDViYjUyMDA3MTlkXkEyXkFqcGc@._V1_SX300.jpg",
        "Ratings": [
            {
                "Source": "Internet Movie Database",
                "Value": "5.9/10"
            },
            {
                "Source": "Rotten Tomatoes",
                "Value": "39%"
            },
            {
                "Source": "Metacritic",
                "Value": "52/100"
            }
        ],
        "Metascore": "52",
        "imdbRating": "5.9",
        "imdbVotes": "97,025",
        "imdbID": "tt0457510",
        "Type": "movie",
        "DVD": "N/A",
        "BoxOffice": "$80,197,993",
        "Production": "N/A",
        "Website": "N/A",
        "Response": "True"
    }
}