{
    "tmdb": {
        "adult": false,
        "backdrop_path": "/58D6ZAvOKxlHjyX9S8qNKSBE9Y.jpg",
        "belongs_to_collection": {
            "id": 1062948,
            "name": "Twister Collection",
            "poster_path": "/vfTgngAGpgzBLZ3mS9Carcgbawb.jpg",
            "backdrop_path": "/bnb3pWSDihCCeZ0wGlFBbTScyZv.jpg"
        },
        "budget": 155000000,
        "genres": [
            {
                "id": 28,
                "name": "Action"
            },
            {
                "id": 53,
                "name": "Thriller"
            }
        ],
        "homepage": "https://www.twisters-movie.com",
        "id": 718821,
        "imdb_id": "tt12584954",
        "origin_country": [
            "US"
        ],
        "original_language": "en",
        "original_title": "Twisters",
        "overview": "As storm season intensifies, the paths of former storm chaser Kate Carter and reckless social-media superstar Tyler Owens collide when terrifying phenomena never seen before are unleashed. The pair and their competing teams find themselves squarely in the paths of multiple storm systems converging over central Oklahoma in the fight of their lives.",
        "popularity": 20.0163,
        "poster_path": "/pjnD08FlMAIXsfOLKQbvmO0f0MD.jpg",
        "production_companies": [
            {
                "id": 33,
                "logo_path": "/3wwjVpkZtnog6lSKzWDjvw2Yi00.png",
                "name": "Universal Pictures",
                "origin_country": "US"
            },
            {
                "id": 174,
                "logo_path": "/zhD3hhtKB5qyv7ZeL4uLpNxgMVU.png",
                "name": "Warner Bros. Pictures",
                "origin_country": "US"
            },
            {
                "id": 56,
                "logo_path": "/cEaxANEisCqeEoRvODv2dO1I0iI.png",
                "name": "Amblin Entertainment",
                "origin_country": "US"
            },
            {
                "id": 216687,
                "logo_path": "/kKVYqekveOvLK1IgqdJojLjQvtu.png",
                "name": "Domain Entertainment",
                "origin_country": "US"
            }
        ],
        "production_countries": [
            {
                "iso_3166_1": "US",
                "name": "United States of America"
            }
        ],
        "release_date": "2024-07-10",
        "revenue": 370962265,
        "runtime": 123,
        "spoken_languages": [
            {
                "english_name": "English",
                "iso_639_1": "en",
                "name": "English"
            }
        ],
        "status": "Released",
        "tagline": "Chase. Ride. Survive.",
        "title": "Twisters",
        "video": false,
        "vote_average": 6.832,
        "vote_count": 2414
    },
    "omdb": {
        "Title": "Twisters",
        "Year": "2024",
        "Rated": "PG-13",
        "Released": "19 Jul 2024",
        "Runtime": "122 min",
        "Genre": "Action, Adventure, Thriller",
        "Director": "Lee Isaac Chung",
        "Writer": "Mark L. Smith, Joseph Kosinski, Michael Crichton",
        "Actors": "Daisy Edgar-Jones, Glen Powell, Anthony Ramos",
        "Plot": "Kate Carter, a retired tornado-chaser and meteorologist, is persuaded to return to Oklahoma to work with a new team and new technologies.",
        "Language": "English",
        "Country": "Japan, United States",
        "Awards": "22 nominations total",
        "Poster": "https://m.media-amazon.com/images/M/MV5BNjM4MWEwMTEtNTcwYi00ZDI4LWEwMzUtNDMzODBhZmI5MWE1XkEyXkFqcGc@._V1_SX300.jpg",
        "Ratings": [
            {
                "Source": "Internet Movie Database",
                "Value": "6.5/10"
            },
            {
                "Source": "Rotten Tomatoes",
                "Value": "75%"
            },
            {
                "Source": "Metacritic",
                "Value": "65/100"
            }
        ],
        "Metascore": "65",
        "imdbRating": "6.5",
        "imdbVotes": "150,147",
        "imdbID": "tt12584954",
        "Type": "movie",
        "DVD": "N/A",
        "BoxOffice": "$267,762,265",
        "Production": "N/A",
        "Website": "N/A",
        "Response": "True"
    }
}