{
    "tmdb": {
        "adult": false,
        "backdrop_path": "/wRxLAw4l17LqiFcPLkobriPTZAw.jpg",
        "belongs_to_collection": {
            "id": 735127,
            "name": "Extraction Collection",
            "poster_path": "/npMSYY9x9zy5iWZSffkUO78fVeg.jpg",
            "backdrop_path": "/gxBbFVb2SUWtHTJQXjwAtEPTWcA.jpg"
        },
        "budget": 65000000,
        "genres": [
            {
                "id": 28,
                "name": "Action"
            },
            {
                "id": 53,
                "name": "Thriller"
            },
            {
                "id": 80,
                "name": "Crime"
            }
        ],
        "homepage": "https://www.netflix.com/title/81098494",
        "id": 697843,
        "imdb_id": "tt12263384",
        "origin_country": [
            "US"
        ],
        "original_language": "en",
        "original_title": "Extraction 2",
        "overview": "Back from the brink of death, highly skilled commando Tyler Rake takes on another dangerous mission: saving the imprisoned family of a ruthless gangster.",
        "popularity": 16.986,
        "poster_path": "/7gKI9hpEMcZUQpNgKrkDzJpbnNS.jpg",
        "production_companies": [
            {
                "id": 106544,
                "logo_path": "/psd84iF7PTGrKf4yFOStKj8JbAh.png",
                "name": "AGBO",
                "origin_country": "US"
            },
            {
                "id": 92029,
                "logo_path": null,
                "name": "TGIM Films",
                "origin_country": "US"
            },
            {
                "id": 183787,
                "logo_path": "/8G6CbTenzORJdoep1AaghtSEQrY.png",
                "name": "Wild State",
                "origin_country": "US"
            }
        ],
        "production_countries": [
            {
                "iso_3166_1": "US",
                "name": "United States of America"
            }
        ],
        "release_date": "2023-06-09",
        "revenue": 0,
        "runtime": 122,
        "spoken_languages": [
            {
                "english_name": "English",
                "iso_639_1": "en",
                "name": "English"
            },
            {
                "english_name": "German",
                "iso_639_1": "de",
                "name": "Deutsch"
            },
            {
                "english_name": "Georgian",
                "iso_639_1": "ka",
                "name": "ქართული"
            },
            {
                "english_name": "French",
                "iso_639_1": "fr",
                "name": "Français"
            }
        ],
        "status": "Released",
        "tagline": "Prepare for the ride of your life.",
        "title": "Extraction 2",
        "video": false,
        "vote_average": 7.43,
        "vote_count": 2573
    },
    "omdb": {
        "Title": "Extraction II",
        "Year": "2023",
        "Rated": "R",
        "Released": "16 Jun 2023",
        "Runtime": "122 min",
        "Genre": "Action, Crime, Thriller",
        "Director": "Sam Hargrave",
        "Writer": "Joe Russo, Ande Parks, Anthony Russo",
        "Actors": "Chris Hemsworth, Golshifteh Farahani, Adam Bessa",
        "Plot": "After barely surviving his grievous wounds from his mission in Dhaka, Bangladesh, Tyler Rake is back, and his team is ready to take on their next mission.",
        "Language": "English, Georgian, French, German",
        "Country": "Czech Republic, Austria, Australia, United States, Spain, Germany, Canada, United Kingdom",
        "Awards": "2 wins & 13 nominations total",
        "Poster": "https://m.media-amazon.com/images/M/MV5BZGQwNDdhODAtY2Y0Ni00YzFhLTk1OGUtY2RkMDAzNzBmZjAxXkEyXkFqcGc@._V1_SX300.jpg",
        "Ratings": [
            {
                "Source": "Internet Movie Database",
                "Value": "7.0/10"
            },
            {
                "Source": "Rotten Tomatoes",
                "Value": "80%"
            },
            {
                "Source": "Metacritic",
                "Value": "57/100"
            }
        ],
        "Metascore": "57",
        "imdbRating": "7.0",
        "imdbVotes": "160,442",
        "imdbID": "tt12263384",
        "Type": "movie",
        "DVD": "N/A",
        "BoxOffice": "N/A",
        "Production": "N/A",
        "Website": "N/A",
        "Response": "True"
    }
}