{
    "tmdb": {
        "adult": false,
        "backdrop_path": "/533xAMhhVyjTy8hwMUFEt5TuDfR.jpg",
        "belongs_to_collection": {
            "id": 2344,
            "name": "The Matrix Collection",
            "poster_path": "/bV9qTVHTVf0gkW0j7p7M0ILD4pG.jpg",
            "backdrop_path": "/bRm2DEgUiYciDw3myHuYFInD7la.jpg"
        },
        "budget": 150000000,
        "genres": [
            {
                "id": 12,
                "name": "Adventure"
            },
            {
                "id": 28,
                "name": "Action"
            },
            {
                "id": 53,
                "name": "Thriller"
            },
            {
                "id": 878,
                "name": "Science Fiction"
            }
        ],
        "homepage": "",
        "id": 605,
        "imdb_id": "tt0242653",
        "origin_country": [
            "US"
        ],
        "original_language": "en",
        "original_title": "The Matrix Revolutions",
        "overview": "The human city of Zion defends itself against the massive invasion of the machines as Neo fights to end the war at another front while also opposing the rogue Agent Smith.",
        "popularity": 15.8182,
        "poster_path": "/t1wm4PgOQ8e4z1C6tk1yDNrps4T.jpg",
        "production_companies": [
            {
                "id": 79,
                "logo_path": "/at4uYdwAAgNRKhZuuFX8ShKSybw.png",
                "name": "Village Roadshow Pictures",
                "origin_country": "US"
            },
            {
                "id": 172,
                "logo_path": null,
                "name": "NPV Entertainment",
                "origin_country": "US"
            },
            {
                "id": 1885,
                "logo_path": "/xlvoOZr4s1PygosrwZyolIFe5xs.png",
                "name": "Silver Pictures",
                "origin_country": "US"
            }
        ],
        "production_countries": [
            {
                "iso_3166_1": "US",
                "name": "United States of America"
            }
        ],
        "release_date": "2003-11-05",
        "revenue": 424988211,
        "runtime": 129,
        "spoken_languages": [
            {
                "english_name": "English",
                "iso_639_1": "en",
                "name": "English"
            },
            {
                "english_name": "French",
                "iso_639_1": "fr",
                "name": "Français"
            }
        ],
        "status": "Released",
        "tagline": "Everything that has a beginning has an end.",
        "title": "The Matrix Revolutions",
        "video": false,
        "vote_average": 6.734,
        "vote_count": 10130
    },
    "omdb": {
        "Title": "The Matrix Revolutions",
        "Year": "2003",
        "Rated": "R",
        "Released": "05 Nov 2003",
        "Runtime": "129 min",
        "Genre": "Action, Sci-Fi",
        "Director": "Lana Wachowski, Lilly Wachowski",
        "Writer": "Lilly Wachowski, Lana Wachowski",
        "Actors": "Keanu Reeves, Laurence Fishburne, Carrie-Anne Moss",
        "Plot": "The human city of Zion defends itself against the massive invasion of the machines as Neo fights to end the war at another front while also opposing the rogue Agent Smith.",
        "Language": "English, French",
        "Country": "United States, Australia",
        "Awards": "5 wins & 36 nominations total",
        "Poster": "https://m.media-amazon.com/images/M/MV5BMmNmMTEzODQtNmExMS00OGUxLWFkNTItMTM3NzBlNDk0YWU5XkEyXkFqcGc@._V1_SX300.jpg",
        "Ratings": [
            {
                "Source": "Internet Movie Database",
                "Value": "6.7/10"
            },
            {
                "Source": "Rotten Tomatoes",
                "Value": "33%"
            },
            {
                "Source": "Metacritic",
                "Value": "47/100"
            }
        ],
        "Metascore": "47",
        "imdbRating": "6.7",
        "imdbVotes": "558,579",
        "imdbID": "tt0242653",
        "Type": "movie",
        "DVD": "N/A",
        "BoxOffice": "$139,313,948",
        "Production": "N/A",
        "Website": "N/A",
        "Response": "True"
    }
}