{
    "tmdb": {
        "adult": false,
        "backdrop_path": "/c6H7Z4u73ir3cIoCteuhJh7UCAR.jpg",
        "belongs_to_collection": null,
        "budget": 200000000,
        "genres": [
            {
                "id": 878,
                "name": "Science Fiction"
            },
            {
                "id": 28,
                "name": "Action"
            },
            {
                "id": 12,
                "name": "Adventure"
            }
        ],
        "homepage": "https://www.marvel.com/movies/eternals",
        "id": 524434,
        "imdb_id": "tt9032400",
        "origin_country": [
            "US"
        ],
        "original_language": "en",
        "original_title": "Eternals",
        "overview": "The Eternals are a team of ancient aliens who have been living on Earth in secret for thousands of years. When an unexpected tragedy forces them out of the shadows, they are forced to reunite against mankind’s most ancient enemy, the Deviants.",
        "popularity": 19.9422,
        "poster_path": "/lFByFSLV5WDJEv3KabbdAF959F2.jpg",
        "production_companies": [
            {
                "id": 420,
                "logo_path": "/hUzeosd33nzE5MCNsZxCGEKTXaQ.png",
                "name": "Marvel Studios",
                "origin_country": "US"
            }
        ],
        "production_countries": [
            {
                "iso_3166_1": "US",
                "name": "United States of America"
            }
        ],
        "release_date": "2021-11-03",
        "revenue": 402064899,
        "runtime": 156,
        "spoken_languages": [
            {
                "english_name": "Arabic",
                "iso_639_1": "ar",
                "name": "العربية"
            },
            {
                "english_name": "English",
                "iso_639_1": "en",
                "name": "English"
            },
            {
                "english_name": "Hindi",
                "iso_639_1": "hi",
                "name": "हिन्दी"
            },
            {
                "english_name": "Latin",
                "iso_639_1": "la",
                "name": "Latin"
            },
            {
                "english_name": "Spanish",
                "iso_639_1": "es",
                "name": "Español"
            }
        ],
        "status": "Released",
        "tagline": "In the beginning...",
        "title": "Eternals",
        "video": false,
        "vote_average": 6.822,
        "vote_count": 8520
    },
    "omdb": {
        "Title": "Eternals",
        "Year": "2021",
        "Rated": "PG-13",
        "Released": "05 Nov 2021",
        "Runtime": "156 min",
        "Genre": "Action, Adventure, Fantasy",
        "Director": "Chloé Zhao",
        "Writer": "Chloé Zhao, Patrick Burleigh, Ryan Firpo",
        "Actors": "Gemma Chan, Richard Madden, Angelina Jolie",
        "Plot": "The saga of the Eternals, a race of immortal beings who lived on Earth and shaped its history and civilizations.",
        "Language": "English, American Sign , Marathi, Assyrian Neo-Aramaic, Spanish, Sumerian, Latin, Sanskrit, Greek, Ancient (to 1453), Arabic",
        "Country": "United States",
        "Awards": "7 wins & 25 nominations total",
        "Poster": "https://m.media-amazon.com/images/M/MV5BZTBiZjI2M2UtZTNiNy00NmU4LWJiMjYtZjk4MDIzMzhlMjFlXkEyXkFqcGc@._V1_SX300.jpg",
        "Ratings": [
            {
                "Source": "Internet Movie Database",
                "Value": "6.3/10"
            },
            {
                "Source": "Rotten Tomatoes",
                "Value": "47%"
            },
            {
                "Source": "Metacritic",
                "Value": "52/100"
            }
        ],
        "Metascore": "52",
        "imdbRating": "6.3",
        "imdbVotes": "404,566",
        "imdbID": "tt9032400",
        "Type": "movie",
        "DVD": "N/A",
        "BoxOffice": "$164,870,234",
        "Production": "N/A",
        "Website": "N/A",
        "Response": "True"
    }
}