{
    "tmdb": {
        "adult": false,
        "backdrop_path": "/rRcNmiH55Tz0ugUsDUGmj8Bsa4V.jpg",
        "belongs_to_collection": null,
        "budget": 45000000,
        "genres": [
            {
                "id": 35,
                "name": "Comedy"
            },
            {
                "id": 10749,
                "name": "Romance"
            }
        ],
        "homepage": "https://www.nohardfeelingsmovie.com",
        "id": 884605,
        "imdb_id": "tt15671028",
        "origin_country": [
            "US"
        ],
        "original_language": "en",
        "original_title": "No Hard Feelings",
        "overview": "On the brink of losing her childhood home, Maddie discovers an intriguing job listing: wealthy helicopter parents looking for someone to “date” their introverted 19-year-old son, Percy, before he leaves for college. To her surprise, Maddie soon discovers the awkward Percy is no sure thing.",
        "popularity": 19.7561,
        "poster_path": "/gD72DhJ7NbfxvtxGiAzLaa0xaoj.jpg",
        "production_companies": [
            {
                "id": 117188,
                "logo_path": null,
                "name": "Excellent Cadaver",
                "origin_country": "US"
            },
            {
                "id": 86647,
                "logo_path": "/jefZmEJlxUAkuuwkH9CHQchgmJX.png",
                "name": "Odenkirk Provissiero Entertainment",
                "origin_country": "US"
            },
            {
                "id": 5,
                "logo_path": "/71BqEFAF4V3qjjMPCpLuyJFB9A.png",
                "name": "Columbia Pictures",
                "origin_country": "US"
            },
            {
                "id": 194285,
                "logo_path": null,
                "name": "Saks Picture Company",
                "origin_country": "US"
            }
        ],
        "production_countries": [
            {
                "iso_3166_1": "US",
                "name": "United States of America"
            }
        ],
        "release_date": "2023-06-15",
        "revenue": 83000000,
        "runtime": 104,
        "spoken_languages": [
            {
                "english_name": "English",
                "iso_639_1": "en",
                "name": "English"
            },
            {
                "english_name": "Portuguese",
                "iso_639_1": "pt",
                "name": "Português"
            },
            {
                "english_name": "Spanish",
                "iso_639_1": "es",
                "name": "Español"
            }
        ],
        "status": "Released",
        "tagline": "Pretty. Awkward.",
        "title": "No Hard Feelings",
        "video": false,
        "vote_average": 6.744,
        "vote_count": 3308
    },
    "omdb": {
        "Title": "No Hard Feelings",
        "Year": "2023",
        "Rated": "R",
        "Released": "23 Jun 2023",
        "Runtime": "103 min",
        "Genre": "Comedy, Romance",
        "Director": "Gene Stupnitsky",
        "Writer": "Gene Stupnitsky, John Phillips",
        "Actors": "Jennifer Lawrence, Andrew Barth Feldman, Laura Benanti",
        "Plot": "On the brink of losing her home, Maddie finds an intriguing job listing: helicopter parents looking for someone to bring their introverted 19-year-old son out of his shell before college. She has one summer to make him a man or di...",
        "Language": "English",
        "Country": "United States",
        "Awards": "1 win & 10 nominations total",
        "Poster": "https://m.media-amazon.com/images/M/MV5BZjk1NmZiNzYtZGUyYi00YzEwLTgwNWQtM2VmOWFmMGIwZDM2XkEyXkFqcGc@._V1_SX300.jpg",
        "Ratings": [
            {
                "Source": "Internet Movie Database",
                "Value": "6.4/10"
            },
            {
                "Source": "Rotten Tomatoes",
                "Value": "70%"
            },
            {
                "Source": "Metacritic",
                "Value": "59/100"
            }
        ],
        "Metascore": "59",
        "imdbRating": "6.4",
        "imdbVotes": "186,409",
        "imdbID": "tt15671028",
        "Type": "movie",
        "DVD": "N/A",
        "BoxOffice": "$50,452,282",
        "Production": "N/A",
        "Website": "N/A",
        "Response": "True"
    }
}