{
    "tmdb": {
        "adult": false,
        "backdrop_path": "/91BAmpop4AJ5Pf7E0zuQiHdSV4Q.jpg",
        "belongs_to_collection": null,
        "budget": 60000000,
        "genres": [
            {
                "id": 16,
                "name": "Animation"
            },
            {
                "id": 10751,
                "name": "Family"
            },
            {
                "id": 14,
                "name": "Fantasy"
            }
        ],
        "homepage": "http://coraline.com/",
        "id": 14836,
        "imdb_id": "tt0327597",
        "origin_country": [
            "US"
        ],
        "original_language": "en",
        "original_title": "Coraline",
        "overview": "Wandering her rambling old house in her boring new town, 11-year-old Coraline discovers a hidden door to a strangely idealized version of her life. In order to stay in the fantasy, she must make a frighteningly real sacrifice.",
        "popularity": 25.4781,
        "poster_path": "/4jeFXQYytChdZYE9JYO7Un87IlW.jpg",
        "production_companies": [
            {
                "id": 11537,
                "logo_path": "/AgCkAk8EpUG9fTmK6mWcaJA2Zwh.png",
                "name": "Laika",
                "origin_country": "US"
            },
            {
                "id": 8915,
                "logo_path": null,
                "name": "Pandemonium",
                "origin_country": "US"
            },
            {
                "id": 155450,
                "logo_path": "/5QNMsdZzvW3BD9HHxnB8VRRj4Bq.png",
                "name": "Pandemonium",
                "origin_country": ""
            }
        ],
        "production_countries": [
            {
                "iso_3166_1": "US",
                "name": "United States of America"
            }
        ],
        "release_date": "2009-02-05",
        "revenue": 185860104,
        "runtime": 100,
        "spoken_languages": [
            {
                "english_name": "English",
                "iso_639_1": "en",
                "name": "English"
            },
            {
                "english_name": "Spanish",
                "iso_639_1": "es",
                "name": "Español"
            }
        ],
        "status": "Released",
        "tagline": "Be careful what you wish for.",
        "title": "Coraline",
        "video": false,
        "vote_average": 7.891,
        "vote_count": 8351
    },
    "omdb": {
        "Title": "Coraline",
        "Year": "2009",
        "Rated": "PG",
        "Released": "06 Feb 2009",
        "Runtime": "100 min",
        "Genre": "Animation, Drama, Family",
        "Director": "Henry Selick",
        "Writer": "Henry Selick, Neil Gaiman",
        "Actors": "Dakota Fanning, Teri Hatcher, John Hodgman",
        "Plot": "Wandering her rambling old house in her boring new town, a young girl discovers a hidden door to a strangely idealized version of her life that seems too good to be true.",
        "Language": "English, Russian",
        "Country": "United States",
        "Awards": "Nominated for 1 Oscar. 8 wins & 46 nominations total",
        "Poster": "https://m.media-amazon.com/images/M/MV5BMzQxNjM5NzkxNV5BMl5BanBnXkFtZTcwMzg5NDMwMg@@._V1_SX300.jpg",
        "Ratings": [
            {
                "Source": "Internet Movie Database",
                "Value": "7.8/10"
            },
            {
                "Source": "Rotten Tomatoes",
                "Value": "91%"
            },
            {
                "Source": "Metacritic",
                "Value": "80/100"
            }
        ],
        "Metascore": "80",
        "imdbRating": "7.8",
        "imdbVotes": "281,175",
        "imdbID": "tt0327597",
        "Type": "movie",
        "DVD": "N/A",
        "BoxOffice": "$116,896,576",
        "Production": "N/A",
        "Website": "N/A",
        "Response": "True"
    }
}