{
    "tmdb": {
        "adult": false,
        "backdrop_path": "/8U1xsLUtWSN8WlH0xzwYGZxHMUi.jpg",
        "belongs_to_collection": null,
        "budget": 0,
        "genres": [
            {
                "id": 35,
                "name": "Comedy"
            }
        ],
        "homepage": "",
        "id": 1304594,
        "imdb_id": "tt33372007",
        "origin_country": [
            "MX"
        ],
        "original_language": "es",
        "original_title": "Una pequeña confusión",
        "overview": "Lola and Cuau, a progressive middle-class pair, and Iñigo and Majo, a young conservative, well-heeled duo, turn to artificial insemination as a last resort to have children. In a madcap twist based on actual events, a mix-up at the clinic results in each mom-to-be carrying the other one's baby.",
        "popularity": 41.7667,
        "poster_path": "/ApXr9phfcvIX06tLGhxOH2kmndb.jpg",
        "production_companies": [
            {
                "id": 7570,
                "logo_path": "/gW8dfVtl1JsGIiLnvglea1OHHVr.png",
                "name": "Videocine",
                "origin_country": "MX"
            },
            {
                "id": 231437,
                "logo_path": null,
                "name": "No Dancing Today",
                "origin_country": "MX"
            },
            {
                "id": 181497,
                "logo_path": null,
                "name": "Arco Entertainment Media",
                "origin_country": "MX"
            },
            {
                "id": 231443,
                "logo_path": null,
                "name": "Gebo Films",
                "origin_country": "MX"
            },
            {
                "id": 177843,
                "logo_path": null,
                "name": "Espectro MX Films",
                "origin_country": "MX"
            }
        ],
        "production_countries": [
            {
                "iso_3166_1": "MX",
                "name": "Mexico"
            }
        ],
        "release_date": "2024-12-25",
        "revenue": 0,
        "runtime": 107,
        "spoken_languages": [
            {
                "english_name": "Spanish",
                "iso_639_1": "es",
                "name": "Español"
            }
        ],
        "status": "Released",
        "tagline": "",
        "title": "Una pequeña confusión",
        "video": false,
        "vote_average": 7.578,
        "vote_count": 64
    },
    "omdb": {
        "Title": "Una Pequeña Confusion",
        "Year": "2024",
        "Rated": "N/A",
        "Released": "25 Dec 2024",
        "Runtime": "107 min",
        "Genre": "Comedy",
        "Director": "Ariel Winograd",
        "Writer": "Marcos Bucay",
        "Actors": "Ana de la Reguera, Juanpa Zurita, Vico Escorcia",
        "Plot": "Two couples, Lola - Cuau and Iñigo - Majo, from different socioeconomic backgrounds, undergo artificial insemination procedures to conceive children, exploring their contrasting perspectives on parenthood.",
        "Language": "Spanish",
        "Country": "Mexico",
        "Awards": "N/A",
        "Poster": "https://m.media-amazon.com/images/M/MV5BN2Y3YzZjZTUtMjAyZS00M2QxLTgxNGEtNmU1ODIyZDlkYTk4XkEyXkFqcGc@._V1_SX300.jpg",
        "Ratings": [
            {
                "Source": "Internet Movie Database",
                "Value": "6.1/10"
            }
        ],
        "Metascore": "N/A",
        "imdbRating": "6.1",
        "imdbVotes": "236",
        "imdbID": "tt33372007",
        "Type": "movie",
        "DVD": "N/A",
        "BoxOffice": "N/A",
        "Production": "N/A",
        "Website": "N/A",
        "Response": "True"
    }
}