{
    "tmdb": {
        "adult": false,
        "backdrop_path": "/4HWAQu28e2yaWrtupFPGFkdNU7V.jpg",
        "belongs_to_collection": {
            "id": 722971,
            "name": "Knives Out Collection",
            "poster_path": "/hAEATQo1enoasXMuSbeqw67E7N2.jpg",
            "backdrop_path": "/G7qYINSq5xyDd0I0zn3DpAssA0.jpg"
        },
        "budget": 40000000,
        "genres": [
            {
                "id": 35,
                "name": "Comedy"
            },
            {
                "id": 80,
                "name": "Crime"
            },
            {
                "id": 9648,
                "name": "Mystery"
            }
        ],
        "homepage": "https://www.lionsgate.com/movies/knives-out",
        "id": 546554,
        "imdb_id": "tt8946378",
        "origin_country": [
            "US"
        ],
        "original_language": "en",
        "original_title": "Knives Out",
        "overview": "When renowned crime novelist Harlan Thrombey is found dead at his estate just after his 85th birthday, the inquisitive and debonair Detective Benoit Blanc is mysteriously enlisted to investigate. From Harlan's dysfunctional family to his devoted staff, Blanc sifts through a web of red herrings and self-serving lies to uncover the truth behind Harlan's untimely death.",
        "popularity": 23.5363,
        "poster_path": "/pThyQovXQrw2m0s9x82twj48Jq4.jpg",
        "production_companies": [
            {
                "id": 1632,
                "logo_path": "/cisLn1YAUuptXVBa0xjq7ST9cH0.png",
                "name": "Lionsgate",
                "origin_country": "US"
            },
            {
                "id": 2531,
                "logo_path": "/9MfCJ2G6Nrf9yyRj4tAgPmMiDcn.png",
                "name": "MRC",
                "origin_country": "US"
            },
            {
                "id": 37871,
                "logo_path": "/aUOo1S2AabqQnRrXK6XuObWPDyK.png",
                "name": "T-Street",
                "origin_country": "US"
            }
        ],
        "production_countries": [
            {
                "iso_3166_1": "US",
                "name": "United States of America"
            }
        ],
        "release_date": "2019-11-27",
        "revenue": 312897920,
        "runtime": 131,
        "spoken_languages": [
            {
                "english_name": "Spanish",
                "iso_639_1": "es",
                "name": "Español"
            },
            {
                "english_name": "English",
                "iso_639_1": "en",
                "name": "English"
            }
        ],
        "status": "Released",
        "tagline": "Hell, any of them could have done it.",
        "title": "Knives Out",
        "video": false,
        "vote_average": 7.844,
        "vote_count": 12806
    },
    "omdb": {
        "Title": "Knives Out",
        "Year": "2019",
        "Rated": "PG-13",
        "Released": "27 Nov 2019",
        "Runtime": "130 min",
        "Genre": "Comedy, Crime, Drama",
        "Director": "Rian Johnson",
        "Writer": "Rian Johnson",
        "Actors": "Daniel Craig, Chris Evans, Ana de Armas",
        "Plot": "When renowned crime novelist Harlan Thrombey is found dead at his estate just after his 85th birthday, the inquisitive and debonair Detective Benoit Blanc is mysteriously enlisted to investigate.",
        "Language": "English",
        "Country": "United States",
        "Awards": "Nominated for 1 Oscar. 52 wins & 116 nominations total",
        "Poster": "https://m.media-amazon.com/images/M/MV5BZDU5ZTRkYmItZjg0Mi00ZTQwLThjMWItNWM3MTMxMzVjZmVjXkEyXkFqcGc@._V1_SX300.jpg",
        "Ratings": [
            {
                "Source": "Internet Movie Database",
                "Value": "7.9/10"
            },
            {
                "Source": "Rotten Tomatoes",
                "Value": "97%"
            },
            {
                "Source": "Metacritic",
                "Value": "82/100"
            }
        ],
        "Metascore": "82",
        "imdbRating": "7.9",
        "imdbVotes": "814,026",
        "imdbID": "tt8946378",
        "Type": "movie",
        "DVD": "N/A",
        "BoxOffice": "$165,363,234",
        "Production": "N/A",
        "Website": "N/A",
        "Response": "True"
    }
}