{
    "tmdb": {
        "adult": false,
        "backdrop_path": "/A7KwHKB5faRRRRveVQC5TPI35kV.jpg",
        "belongs_to_collection": null,
        "budget": 0,
        "genres": [
            {
                "id": 18,
                "name": "Drama"
            },
            {
                "id": 10749,
                "name": "Romance"
            }
        ],
        "homepage": "https://www.polar-bear.tv/young-hearts",
        "id": 1232449,
        "imdb_id": "tt15245268",
        "origin_country": [
            "BE",
            "NL"
        ],
        "original_language": "nl",
        "original_title": "Young Hearts",
        "overview": "14-year-old Elias increasingly feels like an outsider in his village. When he meets his new neighbour of the same age, Alexander, Elias is confronted with his burgeoning sexuality.",
        "popularity": 17.4266,
        "poster_path": "/iGCtYxfuvXfy0BD5m6p7vKuPOxS.jpg",
        "production_companies": [
            {
                "id": 87096,
                "logo_path": "/sqt7ajp5cVUueF0UveIKvDjOiUd.png",
                "name": "Polar Bear Films",
                "origin_country": "BE"
            },
            {
                "id": 26389,
                "logo_path": "/eZG7nmYHpVpp6jsOytILEmITHNf.png",
                "name": "Family Affair Films",
                "origin_country": "NL"
            },
            {
                "id": 104097,
                "logo_path": "/tzhYtZqLNn0TFEQ27dmT8qFTEA1.png",
                "name": "Kwassa Films",
                "origin_country": "BE"
            }
        ],
        "production_countries": [
            {
                "iso_3166_1": "BE",
                "name": "Belgium"
            },
            {
                "iso_3166_1": "NL",
                "name": "Netherlands"
            }
        ],
        "release_date": "2024-10-26",
        "revenue": 2160,
        "runtime": 99,
        "spoken_languages": [
            {
                "english_name": "Dutch",
                "iso_639_1": "nl",
                "name": "Nederlands"
            },
            {
                "english_name": "French",
                "iso_639_1": "fr",
                "name": "Français"
            }
        ],
        "status": "Released",
        "tagline": "",
        "title": "Young Hearts",
        "video": false,
        "vote_average": 8.5,
        "vote_count": 68
    },
    "omdb": {
        "Title": "Young Hearts",
        "Year": "2024",
        "Rated": "N/A",
        "Released": "18 Dec 2024",
        "Runtime": "99 min",
        "Genre": "Drama, Family",
        "Director": "Anthony Schatteman",
        "Writer": "Anthony Schatteman",
        "Actors": "Lou Goossens, Marius De Saeger, Geert Van Rampelberg",
        "Plot": "Elias develops feelings for his new neighbor Alexander. He soon realizes he's falling in love for the first time.",
        "Language": "Dutch, French",
        "Country": "Belgium, Netherlands",
        "Awards": "9 wins & 8 nominations total",
        "Poster": "https://m.media-amazon.com/images/M/MV5BNzI2NWQyYTctMDNhOC00OTBkLTk4MTktMTAzNGNkZDM0MjI1XkEyXkFqcGc@._V1_SX300.jpg",
        "Ratings": [
            {
                "Source": "Internet Movie Database",
                "Value": "8.0/10"
            },
            {
                "Source": "Rotten Tomatoes",
                "Value": "100%"
            },
            {
                "Source": "Metacritic",
                "Value": "69/100"
            }
        ],
        "Metascore": "69",
        "imdbRating": "8.0",
        "imdbVotes": "4,751",
        "imdbID": "tt15245268",
        "Type": "movie",
        "DVD": "N/A",
        "BoxOffice": "N/A",
        "Production": "N/A",
        "Website": "N/A",
        "Response": "True"
    }
}