{
    "tmdb": {
        "adult": false,
        "backdrop_path": "/cOkgL3jfyHtU5Lfuo4pelYNgfO6.jpg",
        "belongs_to_collection": null,
        "budget": 0,
        "genres": [
            {
                "id": 28,
                "name": "Action"
            },
            {
                "id": 35,
                "name": "Comedy"
            },
            {
                "id": 10751,
                "name": "Family"
            },
            {
                "id": 878,
                "name": "Science Fiction"
            }
        ],
        "homepage": "",
        "id": 926670,
        "imdb_id": "tt7787524",
        "origin_country": [
            "US"
        ],
        "original_language": "en",
        "original_title": "Henry Danger: The Movie",
        "overview": "Henry Hart meets a superfan—eager to fight crime with Kid Danger—who comes into possession of a device that can open up alternate realities. Facing a wild ride, Henry will need his best friend Jasper and his new superfan sidekick to find his way out or be stuck in another dimension forever.",
        "popularity": 28.8127,
        "poster_path": "/dFWj2rOGsqSIX1PHFghbCBgpMnk.jpg",
        "production_companies": [
            {
                "id": 250545,
                "logo_path": null,
                "name": "Yes, Yes Coffee.",
                "origin_country": "US"
            },
            {
                "id": 5371,
                "logo_path": "/2GFJ3jJ7dhjqcOGj41aTwd3OhQT.png",
                "name": "Nickelodeon Productions",
                "origin_country": "US"
            }
        ],
        "production_countries": [
            {
                "iso_3166_1": "US",
                "name": "United States of America"
            }
        ],
        "release_date": "2025-01-17",
        "revenue": 0,
        "runtime": 86,
        "spoken_languages": [
            {
                "english_name": "English",
                "iso_639_1": "en",
                "name": "English"
            },
            {
                "english_name": "Spanish",
                "iso_639_1": "es",
                "name": "Español"
            }
        ],
        "status": "Released",
        "tagline": "Danger... Like you've never seen before.",
        "title": "Henry Danger: The Movie",
        "video": false,
        "vote_average": 7.785,
        "vote_count": 200
    },
    "omdb": {
        "Title": "Henry Danger: The Movie",
        "Year": "2025",
        "Rated": "TV-PG",
        "Released": "17 Jan 2025",
        "Runtime": "86 min",
        "Genre": "Action, Adventure, Comedy",
        "Director": "Joe Menendez",
        "Writer": "Christopher J. Nowak, Jake Farrow, Dan Schneider",
        "Actors": "Jace Norman, Sean Ryan Fox, Ella Anderson",
        "Plot": "A theatrical film based on the Nickelodeon Show 'Henry Danger.'",
        "Language": "English",
        "Country": "United States",
        "Awards": "N/A",
        "Poster": "https://m.media-amazon.com/images/M/MV5BNDg3ZjBjZmQtMmVlZC00MTJiLThjNDItZjJhMGFlYmYzZmM4XkEyXkFqcGc@._V1_SX300.jpg",
        "Ratings": [
            {
                "Source": "Internet Movie Database",
                "Value": "4.7/10"
            }
        ],
        "Metascore": "N/A",
        "imdbRating": "4.7",
        "imdbVotes": "1,884",
        "imdbID": "tt7787524",
        "Type": "movie",
        "DVD": "N/A",
        "BoxOffice": "N/A",
        "Production": "N/A",
        "Website": "N/A",
        "Response": "True"
    }
}