{
    "tmdb": {
        "adult": false,
        "backdrop_path": "/vm8mhrjk5nQ562UQ0KbUzi0yOHr.jpg",
        "belongs_to_collection": null,
        "budget": 120000000,
        "genres": [
            {
                "id": 28,
                "name": "Action"
            },
            {
                "id": 12,
                "name": "Adventure"
            },
            {
                "id": 878,
                "name": "Science Fiction"
            }
        ],
        "homepage": "http://www.rampagethemovie.com",
        "id": 427641,
        "imdb_id": "tt2231461",
        "origin_country": [
            "US"
        ],
        "original_language": "en",
        "original_title": "Rampage",
        "overview": "Primatologist Davis Okoye shares an unshakable bond with George, the extraordinarily intelligent, silverback gorilla who has been in his care since birth.  But a rogue genetic experiment gone awry mutates this gentle ape into a raging creature of enormous size.  To make matters worse, it’s soon discovered there are other similarly altered animals.  As these newly created alpha predators tear across North America, destroying everything in their path, Okoye teams with a discredited genetic engineer to secure an antidote, fighting his way through an ever-changing battlefield, not only to halt a global catastrophe but to save the fearsome creature that was once his friend.",
        "popularity": 16.9854,
        "poster_path": "/MGADip4thVSErP34FAAfzFBTZ5.jpg",
        "production_companies": [
            {
                "id": 73118,
                "logo_path": "/ilgyxz2B9rTdLUy8St7hbekO0y7.png",
                "name": "Wrigley Pictures",
                "origin_country": "US"
            },
            {
                "id": 12,
                "logo_path": "/2ycs64eqV5rqKYHyQK0GVoKGvfX.png",
                "name": "New Line Cinema",
                "origin_country": "US"
            },
            {
                "id": 105751,
                "logo_path": null,
                "name": "ASAP Entertainment",
                "origin_country": "US"
            },
            {
                "id": 34081,
                "logo_path": null,
                "name": "Flynn Picture Company",
                "origin_country": "US"
            },
            {
                "id": 101832,
                "logo_path": "/vO7CKIeogFxphT1CHkUIhjEXf2C.png",
                "name": "Twisted Media",
                "origin_country": "US"
            },
            {
                "id": 73669,
                "logo_path": "/pZ1sOLrUxvCvW1jODdCFgU6RxUA.png",
                "name": "Seven Bucks Productions",
                "origin_country": "US"
            }
        ],
        "production_countries": [
            {
                "iso_3166_1": "US",
                "name": "United States of America"
            }
        ],
        "release_date": "2018-04-11",
        "revenue": 428028233,
        "runtime": 107,
        "spoken_languages": [
            {
                "english_name": "English",
                "iso_639_1": "en",
                "name": "English"
            },
            {
                "english_name": "Spanish",
                "iso_639_1": "es",
                "name": "Español"
            }
        ],
        "status": "Released",
        "tagline": "Big meets bigger",
        "title": "Rampage",
        "video": false,
        "vote_average": 6.457,
        "vote_count": 7174
    },
    "omdb": {
        "Title": "Rampage",
        "Year": "2018",
        "Rated": "PG-13",
        "Released": "13 Apr 2018",
        "Runtime": "107 min",
        "Genre": "Action, Adventure, Sci-Fi",
        "Director": "Brad Peyton",
        "Writer": "Ryan Engle, Carlton Cuse, Ryan J. Condal",
        "Actors": "Dwayne Johnson, Naomie Harris, Malin Akerman",
        "Plot": "When three different animals become infected with a dangerous pathogen, a primatologist and a geneticist team up to stop them from destroying Chicago.",
        "Language": "English, American Sign ",
        "Country": "United States",
        "Awards": "7 nominations total",
        "Poster": "https://m.media-amazon.com/images/M/MV5BNDA1NjA3ODU3OV5BMl5BanBnXkFtZTgwOTg3MTIwNTM@._V1_SX300.jpg",
        "Ratings": [
            {
                "Source": "Internet Movie Database",
                "Value": "6.1/10"
            },
            {
                "Source": "Rotten Tomatoes",
                "Value": "51%"
            },
            {
                "Source": "Metacritic",
                "Value": "45/100"
            }
        ],
        "Metascore": "45",
        "imdbRating": "6.1",
        "imdbVotes": "191,228",
        "imdbID": "tt2231461",
        "Type": "movie",
        "DVD": "N/A",
        "BoxOffice": "$101,028,233",
        "Production": "N/A",
        "Website": "N/A",
        "Response": "True"
    }
}