{
    "tmdb": {
        "adult": false,
        "backdrop_path": "/jsgRkhPxYtzAhDFCUyNbvlX63tY.jpg",
        "belongs_to_collection": {
            "id": 153010,
            "name": "Beauty and the Beast Collection",
            "poster_path": "/bSeNKX5JtMQOhC3arCHznIham2k.jpg",
            "backdrop_path": "/bXCm94g4TXKmACRj02ZlvmKp09m.jpg"
        },
        "budget": 25000000,
        "genres": [
            {
                "id": 10749,
                "name": "Romance"
            },
            {
                "id": 10751,
                "name": "Family"
            },
            {
                "id": 16,
                "name": "Animation"
            },
            {
                "id": 14,
                "name": "Fantasy"
            }
        ],
        "homepage": "http://disney.go.com/disneyvideos/animatedfilms/beauty/?cmp=dcom_VAN_WDSHE_BEA_van_batb__Extl",
        "id": 10020,
        "imdb_id": "tt0101414",
        "origin_country": [
            "US"
        ],
        "original_language": "en",
        "original_title": "Beauty and the Beast",
        "overview": "Follow the adventures of Belle, a bright young woman who finds herself in the castle of a prince who's been turned into a mysterious beast. With the help of the castle's enchanted staff, Belle soon learns the most important lesson of all -- that true beauty comes from within.",
        "popularity": 13.7966,
        "poster_path": "/hUJ0UvQ5tgE2Z9WpfuduVSdiCiU.jpg",
        "production_companies": [
            {
                "id": 2,
                "logo_path": "/wdrCwmRnLFJhEoH8GSfymY85KHT.png",
                "name": "Walt Disney Pictures",
                "origin_country": "US"
            },
            {
                "id": 10282,
                "logo_path": null,
                "name": "Silver Screen Partners IV",
                "origin_country": "US"
            },
            {
                "id": 171656,
                "logo_path": "/4UBohOtIr9DtxylH48Qsg6aDow6.png",
                "name": "Walt Disney Feature Animation",
                "origin_country": "US"
            }
        ],
        "production_countries": [
            {
                "iso_3166_1": "US",
                "name": "United States of America"
            }
        ],
        "release_date": "1991-10-22",
        "revenue": 424967620,
        "runtime": 84,
        "spoken_languages": [
            {
                "english_name": "French",
                "iso_639_1": "fr",
                "name": "Français"
            },
            {
                "english_name": "English",
                "iso_639_1": "en",
                "name": "English"
            }
        ],
        "status": "Released",
        "tagline": "The most beautiful love story ever told.",
        "title": "Beauty and the Beast",
        "video": false,
        "vote_average": 7.731,
        "vote_count": 10117
    },
    "omdb": {
        "Title": "Beauty and the Beast",
        "Year": "1991",
        "Rated": "G",
        "Released": "22 Nov 1991",
        "Runtime": "84 min",
        "Genre": "Animation, Family, Fantasy",
        "Director": "Gary Trousdale, Kirk Wise",
        "Writer": "Linda Woolverton, Brenda Chapman, Chris Sanders",
        "Actors": "Paige O'Hara, Robby Benson, Jesse Corti",
        "Plot": "A prince cursed to spend his days as a hideous monster sets out to regain his humanity by earning a young woman's love.",
        "Language": "English, French",
        "Country": "United States, Japan",
        "Awards": "Won 2 Oscars. 33 wins & 32 nominations total",
        "Poster": "https://m.media-amazon.com/images/M/MV5BYTY3NDg2YzktYWFjZC00MTExLTlmZDctMGY3MWYzZTlkYTNiXkEyXkFqcGc@._V1_SX300.jpg",
        "Ratings": [
            {
                "Source": "Internet Movie Database",
                "Value": "8.0/10"
            },
            {
                "Source": "Rotten Tomatoes",
                "Value": "95%"
            },
            {
                "Source": "Metacritic",
                "Value": "95/100"
            }
        ],
        "Metascore": "95",
        "imdbRating": "8.0",
        "imdbVotes": "492,170",
        "imdbID": "tt0101414",
        "Type": "movie",
        "DVD": "N/A",
        "BoxOffice": "$218,967,620",
        "Production": "N/A",
        "Website": "N/A",
        "Response": "True"
    }
}