{
    "tmdb": {
        "adult": false,
        "backdrop_path": "/deLWkOLZmBNkm8p16igfapQyqeq.jpg",
        "belongs_to_collection": null,
        "budget": 60000000,
        "genres": [
            {
                "id": 14,
                "name": "Fantasy"
            },
            {
                "id": 28,
                "name": "Action"
            },
            {
                "id": 12,
                "name": "Adventure"
            }
        ],
        "homepage": "https://www.netflix.com/title/80991090",
        "id": 763215,
        "imdb_id": "tt13452446",
        "origin_country": [
            "US"
        ],
        "original_language": "en",
        "original_title": "Damsel",
        "overview": "A young woman's marriage to a charming prince turns into a fierce fight for survival when she's offered up as a sacrifice to a fire-breathing dragon.",
        "popularity": 16.9289,
        "poster_path": "/290Lsuy4GJF3VEVqMbJqHs7xFdv.jpg",
        "production_companies": [
            {
                "id": 121424,
                "logo_path": "/laQkxRzl2PTQFHPKVUE54UM38sw.png",
                "name": "PCMA Productions",
                "origin_country": "US"
            },
            {
                "id": 105052,
                "logo_path": "/v0s09QaxgCrrXrbz2LctvSfRKRi.png",
                "name": "Roth-Kirschenbaum Films",
                "origin_country": "US"
            },
            {
                "id": 233919,
                "logo_path": null,
                "name": "Palma Pictures",
                "origin_country": "ES"
            }
        ],
        "production_countries": [
            {
                "iso_3166_1": "ES",
                "name": "Spain"
            },
            {
                "iso_3166_1": "US",
                "name": "United States of America"
            }
        ],
        "release_date": "2024-03-07",
        "revenue": 5000,
        "runtime": 107,
        "spoken_languages": [
            {
                "english_name": "English",
                "iso_639_1": "en",
                "name": "English"
            }
        ],
        "status": "Released",
        "tagline": "This is not a fairytale.",
        "title": "Damsel",
        "video": false,
        "vote_average": 7.025,
        "vote_count": 2403
    },
    "omdb": {
        "Title": "Damsel",
        "Year": "2024",
        "Rated": "PG-13",
        "Released": "08 Mar 2024",
        "Runtime": "110 min",
        "Genre": "Action, Adventure, Fantasy",
        "Director": "Juan Carlos Fresnadillo",
        "Writer": "Dan Mazeau",
        "Actors": "Millie Bobby Brown, Ray Winstone, Angela Bassett",
        "Plot": "A dutiful damsel agrees to marry a handsome prince, only to find the royal family has recruited her as a sacrifice to repay an ancient debt.",
        "Language": "English",
        "Country": "United States",
        "Awards": "1 win & 1 nomination total",
        "Poster": "https://m.media-amazon.com/images/M/MV5BZTAzODc1ZjUtNGQwZS00YTc2LTliNzQtMDdlNzllNmU5Yzk4XkEyXkFqcGc@._V1_SX300.jpg",
        "Ratings": [
            {
                "Source": "Internet Movie Database",
                "Value": "6.1/10"
            },
            {
                "Source": "Rotten Tomatoes",
                "Value": "56%"
            },
            {
                "Source": "Metacritic",
                "Value": "46/100"
            }
        ],
        "Metascore": "46",
        "imdbRating": "6.1",
        "imdbVotes": "104,813",
        "imdbID": "tt13452446",
        "Type": "movie",
        "DVD": "N/A",
        "BoxOffice": "N/A",
        "Production": "N/A",
        "Website": "N/A",
        "Response": "True"
    }
}