{
    "tmdb": {
        "adult": false,
        "backdrop_path": "/41objfan7PDTBG5MFXQl4ownQzJ.jpg",
        "belongs_to_collection": {
            "id": 401562,
            "name": "Teenage Mutant Ninja Turtles (Remake) Collection",
            "poster_path": "/i3DywIl37k83YXWreQGIcWNF7kL.jpg",
            "backdrop_path": "/uzCsSNd3ImvH7Q6DIHAYrG0Q11Q.jpg"
        },
        "budget": 135000000,
        "genres": [
            {
                "id": 28,
                "name": "Action"
            },
            {
                "id": 12,
                "name": "Adventure"
            },
            {
                "id": 35,
                "name": "Comedy"
            },
            {
                "id": 10751,
                "name": "Family"
            },
            {
                "id": 878,
                "name": "Science Fiction"
            }
        ],
        "homepage": "http://www.teenagemutantninjaturtlesmovie.com/",
        "id": 308531,
        "imdb_id": "tt3949660",
        "origin_country": [
            "US"
        ],
        "original_language": "en",
        "original_title": "Teenage Mutant Ninja Turtles: Out of the Shadows",
        "overview": "After supervillain Shredder escapes custody, he joins forces with mad scientist Baxter Stockman and two dimwitted henchmen, Bebop and Rocksteady, to unleash a diabolical plan to take over the world. As the Turtles prepare to take on Shredder and his new crew, they find themselves facing an even greater evil with similar intentions: the notorious Krang.",
        "popularity": 16.0895,
        "poster_path": "/euVaCiCWz3AALcQXHT6aUqdGUo6.jpg",
        "production_companies": [
            {
                "id": 47354,
                "logo_path": null,
                "name": "5150 Action",
                "origin_country": ""
            },
            {
                "id": 4,
                "logo_path": "/gz66EfNoYPqHTYI4q9UEN4CbHRc.png",
                "name": "Paramount Pictures",
                "origin_country": "US"
            },
            {
                "id": 2348,
                "logo_path": "/m31fQvZJuUvAgxoqTiCGYFBfZYe.png",
                "name": "Nickelodeon Movies",
                "origin_country": "US"
            },
            {
                "id": 2481,
                "logo_path": "/vOQg26GjR0LnkN1Ph9uyog1UuOE.png",
                "name": "Platinum Dunes",
                "origin_country": "US"
            },
            {
                "id": 77208,
                "logo_path": null,
                "name": "Gama Entertainment Partners",
                "origin_country": ""
            }
        ],
        "production_countries": [
            {
                "iso_3166_1": "US",
                "name": "United States of America"
            }
        ],
        "release_date": "2016-06-01",
        "revenue": 245623848,
        "runtime": 112,
        "spoken_languages": [
            {
                "english_name": "English",
                "iso_639_1": "en",
                "name": "English"
            }
        ],
        "status": "Released",
        "tagline": "Raise some shell.",
        "title": "Teenage Mutant Ninja Turtles: Out of the Shadows",
        "video": false,
        "vote_average": 6.0,
        "vote_count": 3584
    },
    "omdb": {
        "Title": "Teenage Mutant Ninja Turtles: Out of the Shadows",
        "Year": "2016",
        "Rated": "PG-13",
        "Released": "03 Jun 2016",
        "Runtime": "112 min",
        "Genre": "Action, Adventure, Comedy",
        "Director": "Dave Green",
        "Writer": "Josh Appelbaum, André Nemec, Peter Laird",
        "Actors": "Megan Fox, Will Arnett, Tyler Perry",
        "Plot": "The Turtles get into another battle with their enemy the Shredder, who has acquired new allies: the mutant thugs Bebop and Rocksteady and the alien being Krang.",
        "Language": "English",
        "Country": "United States, Hong Kong, China",
        "Awards": "10 nominations total",
        "Poster": "https://m.media-amazon.com/images/M/MV5BZDgyNWExMzUtOTAyMy00ZjkzLWFhNzgtZTFhOTBmN2RhZGJhXkEyXkFqcGc@._V1_SX300.jpg",
        "Ratings": [
            {
                "Source": "Internet Movie Database",
                "Value": "5.9/10"
            },
            {
                "Source": "Rotten Tomatoes",
                "Value": "38%"
            },
            {
                "Source": "Metacritic",
                "Value": "40/100"
            }
        ],
        "Metascore": "40",
        "imdbRating": "5.9",
        "imdbVotes": "103,159",
        "imdbID": "tt3949660",
        "Type": "movie",
        "DVD": "N/A",
        "BoxOffice": "$82,051,601",
        "Production": "N/A",
        "Website": "N/A",
        "Response": "True"
    }
}