{
    "tmdb": {
        "adult": false,
        "backdrop_path": "/yOm993lsJyPmBodlYjgpPwBjXP9.jpg",
        "belongs_to_collection": {
            "id": 1393821,
            "name": "Wonka Collection",
            "poster_path": "/sLopxASQflGGB0XFNDdYXcZL73C.jpg",
            "backdrop_path": "/1YGHfJG7daHrJi9OziN80fYgua3.jpg"
        },
        "budget": 125000000,
        "genres": [
            {
                "id": 35,
                "name": "Comedy"
            },
            {
                "id": 10751,
                "name": "Family"
            },
            {
                "id": 14,
                "name": "Fantasy"
            }
        ],
        "homepage": "https://www.wonkamovie.com",
        "id": 787699,
        "imdb_id": "tt6166392",
        "origin_country": [
            "GB"
        ],
        "original_language": "en",
        "original_title": "Wonka",
        "overview": "Willy Wonka – chock-full of ideas and determined to change the world one delectable bite at a time – is proof that the best things in life begin with a dream, and if you’re lucky enough to meet Willy Wonka, anything is possible.",
        "popularity": 22.5717,
        "poster_path": "/qhb1qOilapbapxWQn9jtRCMwXJF.jpg",
        "production_companies": [
            {
                "id": 174,
                "logo_path": "/zhD3hhtKB5qyv7ZeL4uLpNxgMVU.png",
                "name": "Warner Bros. Pictures",
                "origin_country": "US"
            },
            {
                "id": 79,
                "logo_path": "/at4uYdwAAgNRKhZuuFX8ShKSybw.png",
                "name": "Village Roadshow Pictures",
                "origin_country": "US"
            },
            {
                "id": 214904,
                "logo_path": "/9S6xSAsUiE1zuKzxayco7fD0p26.png",
                "name": "The Roald Dahl Story Company",
                "origin_country": "GB"
            },
            {
                "id": 437,
                "logo_path": "/nu20mtwbEIhUNnQ5NXVhHsNknZj.png",
                "name": "Heyday Films",
                "origin_country": "GB"
            },
            {
                "id": 216687,
                "logo_path": "/kKVYqekveOvLK1IgqdJojLjQvtu.png",
                "name": "Domain Entertainment",
                "origin_country": "US"
            }
        ],
        "production_countries": [
            {
                "iso_3166_1": "GB",
                "name": "United Kingdom"
            },
            {
                "iso_3166_1": "US",
                "name": "United States of America"
            }
        ],
        "release_date": "2023-12-06",
        "revenue": 634502312,
        "runtime": 117,
        "spoken_languages": [
            {
                "english_name": "English",
                "iso_639_1": "en",
                "name": "English"
            }
        ],
        "status": "Released",
        "tagline": "Every good thing in this world started with a dream.",
        "title": "Wonka",
        "video": false,
        "vote_average": 7.083,
        "vote_count": 3854
    },
    "omdb": {
        "Title": "Wonka",
        "Year": "2023",
        "Rated": "PG",
        "Released": "15 Dec 2023",
        "Runtime": "116 min",
        "Genre": "Adventure, Comedy, Family",
        "Director": "Paul King",
        "Writer": "Roald Dahl, Paul King, Simon Farnaby",
        "Actors": "Timothée Chalamet, Gustave Die, Murray McArthur",
        "Plot": "With dreams of opening a shop in a city renowned for its chocolate, a young and poor Willy Wonka discovers that the industry is run by a cartel of greedy chocolatiers.",
        "Language": "English, Latin, French",
        "Country": "United States, United Kingdom, Canada",
        "Awards": "Nominated for 1 BAFTA Award3 wins & 42 nominations total",
        "Poster": "https://m.media-amazon.com/images/M/MV5BM2Y1N2ZhNjctYjVhZC00MDg2LWFhNTItMzI3ZjAwZDhjYmFiXkEyXkFqcGc@._V1_SX300.jpg",
        "Ratings": [
            {
                "Source": "Internet Movie Database",
                "Value": "7.0/10"
            },
            {
                "Source": "Rotten Tomatoes",
                "Value": "82%"
            },
            {
                "Source": "Metacritic",
                "Value": "66/100"
            }
        ],
        "Metascore": "66",
        "imdbRating": "7.0",
        "imdbVotes": "168,112",
        "imdbID": "tt6166392",
        "Type": "movie",
        "DVD": "N/A",
        "BoxOffice": "$218,402,312",
        "Production": "N/A",
        "Website": "N/A",
        "Response": "True"
    }
}