{
    "tmdb": {
        "adult": false,
        "backdrop_path": "/v9Du2HC3hlknAvGlWhquRbeifwW.jpg",
        "belongs_to_collection": null,
        "budget": 120000000,
        "genres": [
            {
                "id": 28,
                "name": "Action"
            },
            {
                "id": 12,
                "name": "Adventure"
            },
            {
                "id": 53,
                "name": "Thriller"
            }
        ],
        "homepage": "https://www.kravenmovie.com",
        "id": 539972,
        "imdb_id": "tt8790086",
        "origin_country": [
            "US"
        ],
        "original_language": "en",
        "original_title": "Kraven the Hunter",
        "overview": "Kraven Kravinoff's complex relationship with his ruthless gangster father, Nikolai, starts him down a path of vengeance with brutal consequences, motivating him to become not only the greatest hunter in the world, but also one of its most feared.",
        "popularity": 58.9618,
        "poster_path": "/1GvBhRxY6MELDfxFrete6BNhBB5.jpg",
        "production_companies": [
            {
                "id": 5,
                "logo_path": "/71BqEFAF4V3qjjMPCpLuyJFB9A.png",
                "name": "Columbia Pictures",
                "origin_country": "US"
            },
            {
                "id": 53462,
                "logo_path": "/nx8B3Phlcse02w86RW4CJqzCnfL.png",
                "name": "Matt Tolmach Productions",
                "origin_country": "US"
            },
            {
                "id": 14439,
                "logo_path": null,
                "name": "Arad Productions",
                "origin_country": "US"
            }
        ],
        "production_countries": [
            {
                "iso_3166_1": "US",
                "name": "United States of America"
            }
        ],
        "release_date": "2024-12-11",
        "revenue": 59184643,
        "runtime": 127,
        "spoken_languages": [
            {
                "english_name": "English",
                "iso_639_1": "en",
                "name": "English"
            },
            {
                "english_name": "Russian",
                "iso_639_1": "ru",
                "name": "Pусский"
            },
            {
                "english_name": "Turkish",
                "iso_639_1": "tr",
                "name": "Türkçe"
            }
        ],
        "status": "Released",
        "tagline": "Villains aren't born. They're made.",
        "title": "Kraven the Hunter",
        "video": false,
        "vote_average": 6.596,
        "vote_count": 1619
    },
    "omdb": {
        "Title": "Kraven the Hunter",
        "Year": "2024",
        "Rated": "R",
        "Released": "13 Dec 2024",
        "Runtime": "127 min",
        "Genre": "Action, Thriller",
        "Director": "J.C. Chandor",
        "Writer": "Richard Wenk, Art Marcum, Matt Holloway",
        "Actors": "Aaron Taylor-Johnson, Ariana DeBose, Fred Hechinger",
        "Plot": "Kraven's complex relationship with his ruthless father, Nikolai Kravinoff, starts him down a path of vengeance with brutal consequences, motivating him to become not only the greatest hunter in the world, but also one of its most ...",
        "Language": "English, Russian, Turkish",
        "Country": "United Kingdom, Iceland, Canada, United States",
        "Awards": "5 nominations total",
        "Poster": "https://m.media-amazon.com/images/M/MV5BZDU0YTI5ODAtN2NmMS00YTg3LTgyNDItN2RmOWEzOTkzZjcyXkEyXkFqcGc@._V1_SX300.jpg",
        "Ratings": [
            {
                "Source": "Internet Movie Database",
                "Value": "5.4/10"
            },
            {
                "Source": "Rotten Tomatoes",
                "Value": "15%"
            },
            {
                "Source": "Metacritic",
                "Value": "35/100"
            }
        ],
        "Metascore": "35",
        "imdbRating": "5.4",
        "imdbVotes": "44,505",
        "imdbID": "tt8790086",
        "Type": "movie",
        "DVD": "N/A",
        "BoxOffice": "$25,026,310",
        "Production": "N/A",
        "Website": "N/A",
        "Response": "True"
    }
}