{
    "tmdb": {
        "adult": false,
        "backdrop_path": "/4npL5g0QOxuIZKsEx6SnC8niDuo.jpg",
        "belongs_to_collection": {
            "id": 1565,
            "name": "28 Days/Weeks Later Collection",
            "poster_path": "/4AeGz1Jwnq6ky2kfLT95Tm8nEiw.jpg",
            "backdrop_path": "/bpn1vynevsKLwAMRikY1L6cb18p.jpg"
        },
        "budget": 8000000,
        "genres": [
            {
                "id": 27,
                "name": "Horror"
            },
            {
                "id": 53,
                "name": "Thriller"
            },
            {
                "id": 878,
                "name": "Science Fiction"
            }
        ],
        "homepage": "https://www.sonypictures.com/movies/28dayslater",
        "id": 170,
        "imdb_id": "tt0289043",
        "origin_country": [
            "GB"
        ],
        "original_language": "en",
        "original_title": "28 Days Later",
        "overview": "Twenty-eight days after a killer virus was accidentally unleashed from a British research facility, a small group of London survivors are caught in a desperate struggle to protect themselves from the infected. Carried by animals and humans, the virus turns those it infects into homicidal maniacs -- and it's absolutely impossible to contain.",
        "popularity": 15.8628,
        "poster_path": "/sQckQRt17VaWbo39GIu0TMOiszq.jpg",
        "production_companies": [
            {
                "id": 284,
                "logo_path": "/1lEgJkA2GckrMvzhfqENfkr04vO.png",
                "name": "DNA Films",
                "origin_country": "GB"
            }
        ],
        "production_countries": [
            {
                "iso_3166_1": "GB",
                "name": "United Kingdom"
            }
        ],
        "release_date": "2002-10-31",
        "revenue": 84661434,
        "runtime": 113,
        "spoken_languages": [
            {
                "english_name": "Spanish",
                "iso_639_1": "es",
                "name": "Español"
            },
            {
                "english_name": "English",
                "iso_639_1": "en",
                "name": "English"
            }
        ],
        "status": "Released",
        "tagline": "His fear began when he woke up alone. His terror began when he realised he wasn't.",
        "title": "28 Days Later",
        "video": false,
        "vote_average": 7.232,
        "vote_count": 7071
    },
    "omdb": {
        "Title": "28 Days Later",
        "Year": "2002",
        "Rated": "R",
        "Released": "27 Jun 2003",
        "Runtime": "113 min",
        "Genre": "Drama, Horror, Sci-Fi",
        "Director": "Danny Boyle",
        "Writer": "Alex Garland",
        "Actors": "Cillian Murphy, Naomie Harris, Christopher Eccleston",
        "Plot": "Four weeks after a mysterious, incurable virus spreads throughout the United Kingdom, a handful of survivors try to find sanctuary.",
        "Language": "English, Spanish",
        "Country": "United Kingdom, United States",
        "Awards": "10 wins & 32 nominations total",
        "Poster": "https://m.media-amazon.com/images/M/MV5BM2I4NTI0ZGQtNGQ2ZC00ODIxLWI2N2QtMDBkNzI1NDhjYjE5XkEyXkFqcGc@._V1_SX300.jpg",
        "Ratings": [
            {
                "Source": "Internet Movie Database",
                "Value": "7.5/10"
            },
            {
                "Source": "Rotten Tomatoes",
                "Value": "87%"
            },
            {
                "Source": "Metacritic",
                "Value": "73/100"
            }
        ],
        "Metascore": "73",
        "imdbRating": "7.5",
        "imdbVotes": "472,156",
        "imdbID": "tt0289043",
        "Type": "movie",
        "DVD": "N/A",
        "BoxOffice": "$45,064,915",
        "Production": "N/A",
        "Website": "N/A",
        "Response": "True"
    }
}