{
    "tmdb": {
        "adult": false,
        "backdrop_path": "/aqMBEpd4kC8GpUg6761qFPkvQuS.jpg",
        "belongs_to_collection": null,
        "budget": 0,
        "genres": [
            {
                "id": 28,
                "name": "Action"
            },
            {
                "id": 80,
                "name": "Crime"
            }
        ],
        "homepage": "",
        "id": 1188104,
        "imdb_id": "tt28955168",
        "origin_country": [
            "TH"
        ],
        "original_language": "th",
        "original_title": "ปล้นทะลุไมล์",
        "overview": "A fast-paced action drama about siblings desperately needing money for their mother's treatment. Then the brother, who is the stunt performer, inevitably needs to be involved with.",
        "popularity": 14.6083,
        "poster_path": "/r6vVnsWyESNpiamrfBvnxXYcWlZ.jpg",
        "production_companies": [
            {
                "id": 170213,
                "logo_path": "/8f90dMTDLQU4yjPhwHrEUFdWMyV.png",
                "name": "Neramitnung Film",
                "origin_country": "TH"
            }
        ],
        "production_countries": [
            {
                "iso_3166_1": "TH",
                "name": "Thailand"
            }
        ],
        "release_date": "2023-11-09",
        "revenue": 0,
        "runtime": 75,
        "spoken_languages": [
            {
                "english_name": "English",
                "iso_639_1": "en",
                "name": "English"
            },
            {
                "english_name": "Thai",
                "iso_639_1": "th",
                "name": "ภาษาไทย"
            }
        ],
        "status": "Released",
        "tagline": "Faith or Revenge.",
        "title": "The X-Treme Riders",
        "video": false,
        "vote_average": 7.905,
        "vote_count": 21
    },
    "omdb": {
        "Title": "Kla Fun",
        "Year": "2023",
        "Rated": "N/A",
        "Released": "09 Nov 2023",
        "Runtime": "76 min",
        "Genre": "Action, Adventure, Crime",
        "Director": "N/A",
        "Writer": "N/A",
        "Actors": "Nichari Chokprajakchat, Chaleeda Gilbert, Jirayu La-ongmanee",
        "Plot": "Kla and Fun two siblings find themselves involved with a transnational mafia who use mixed martial arts competition for a drug trafficking operation. They become mafia's tools for a murder plot and they have to fight for survival.",
        "Language": "N/A",
        "Country": "Thailand",
        "Awards": "N/A",
        "Poster": "https://m.media-amazon.com/images/M/MV5BMTFjOTU1YTMtYmVlZS00Y2E0LTg0MmMtOThkMzA2MmE5OTNlXkEyXkFqcGc@._V1_SX300.jpg",
        "Ratings": [],
        "Metascore": "N/A",
        "imdbRating": "N/A",
        "imdbVotes": "45",
        "imdbID": "tt28955168",
        "Type": "movie",
        "DVD": "N/A",
        "BoxOffice": "N/A",
        "Production": "N/A",
        "Website": "N/A",
        "Response": "True"
    }
}