{
    "tmdb": {
        "adult": false,
        "backdrop_path": "/X7zKxmyrVmYCfcyvDgVLH8iNzA.jpg",
        "belongs_to_collection": {
            "id": 1048282,
            "name": "Heat Collection",
            "poster_path": "/e7H6NLnhioMqOizYAqHmZyYxNID.jpg",
            "backdrop_path": "/2rX05YZJJVoO1cgEnuvFsyU56YS.jpg"
        },
        "budget": 60000000,
        "genres": [
            {
                "id": 80,
                "name": "Crime"
            },
            {
                "id": 18,
                "name": "Drama"
            },
            {
                "id": 28,
                "name": "Action"
            }
        ],
        "homepage": "https://www.20thcenturystudios.com/movies/heat",
        "id": 949,
        "imdb_id": "tt0113277",
        "origin_country": [
            "US"
        ],
        "original_language": "en",
        "original_title": "Heat",
        "overview": "Obsessive master thief Neil McCauley leads a top-notch crew on various daring heists throughout Los Angeles while determined detective Vincent Hanna pursues him without rest. Each man recognizes and respects the ability and the dedication of the other even though they are aware their cat-and-mouse game may end in violence.",
        "popularity": 23.1844,
        "poster_path": "/umSVjVdbVwtx5ryCA2QXL44Durm.jpg",
        "production_companies": [
            {
                "id": 174,
                "logo_path": "/zhD3hhtKB5qyv7ZeL4uLpNxgMVU.png",
                "name": "Warner Bros. Pictures",
                "origin_country": "US"
            },
            {
                "id": 508,
                "logo_path": "/7cxRWzi4LsVm4Utfpr1hfARNurT.png",
                "name": "Regency Enterprises",
                "origin_country": "US"
            },
            {
                "id": 675,
                "logo_path": "/fy7laY9J4tbYz7yNxGEKmoMrXRt.png",
                "name": "Forward Pass",
                "origin_country": "US"
            }
        ],
        "production_countries": [
            {
                "iso_3166_1": "US",
                "name": "United States of America"
            }
        ],
        "release_date": "1995-12-15",
        "revenue": 187400000,
        "runtime": 170,
        "spoken_languages": [
            {
                "english_name": "English",
                "iso_639_1": "en",
                "name": "English"
            },
            {
                "english_name": "Spanish",
                "iso_639_1": "es",
                "name": "Español"
            }
        ],
        "status": "Released",
        "tagline": "A Los Angeles crime saga.",
        "title": "Heat",
        "video": false,
        "vote_average": 7.919,
        "vote_count": 7574
    },
    "omdb": {
        "Title": "Heat",
        "Year": "1995",
        "Rated": "R",
        "Released": "15 Dec 1995",
        "Runtime": "170 min",
        "Genre": "Action, Crime, Drama",
        "Director": "Michael Mann",
        "Writer": "Michael Mann",
        "Actors": "Al Pacino, Robert De Niro, Val Kilmer",
        "Plot": "A group of high-end professional thieves start to feel the heat from the LAPD when they unknowingly leave a verbal clue at their latest heist.",
        "Language": "English, Spanish",
        "Country": "United States",
        "Awards": "15 nominations total",
        "Poster": "https://m.media-amazon.com/images/M/MV5BMTkxYjU1OTMtYWViZC00ZjAzLWI3MDktZGQ2N2VmMjVjNDRlXkEyXkFqcGc@._V1_SX300.jpg",
        "Ratings": [
            {
                "Source": "Internet Movie Database",
                "Value": "8.3/10"
            },
            {
                "Source": "Rotten Tomatoes",
                "Value": "83%"
            },
            {
                "Source": "Metacritic",
                "Value": "76/100"
            }
        ],
        "Metascore": "76",
        "imdbRating": "8.3",
        "imdbVotes": "745,497",
        "imdbID": "tt0113277",
        "Type": "movie",
        "DVD": "N/A",
        "BoxOffice": "$67,436,818",
        "Production": "N/A",
        "Website": "N/A",
        "Response": "True"
    }
}