{
    "tmdb": {
        "adult": false,
        "backdrop_path": "/tOkSenL74N23O4S7wjJSUHz7Aeh.jpg",
        "belongs_to_collection": {
            "id": 631194,
            "name": "Inside Man Collection",
            "poster_path": "/iRZqd1ugl3VYIJIlPH6xuJGHkH5.jpg",
            "backdrop_path": "/iof2gQRw2gDYKhtO99CYxmzerB2.jpg"
        },
        "budget": 45000000,
        "genres": [
            {
                "id": 80,
                "name": "Crime"
            },
            {
                "id": 18,
                "name": "Drama"
            },
            {
                "id": 53,
                "name": "Thriller"
            }
        ],
        "homepage": "http://theinsideman.net",
        "id": 388,
        "imdb_id": "tt0454848",
        "origin_country": [
            "US"
        ],
        "original_language": "en",
        "original_title": "Inside Man",
        "overview": "When an armed, masked gang enter a Manhattan bank, lock the doors and take hostages, the detective assigned to effect their release enters negotiations preoccupied with corruption charges he is facing.",
        "popularity": 15.8581,
        "poster_path": "/ffMUgkDZICNiyaws1Jkv8qG8uFW.jpg",
        "production_companies": [
            {
                "id": 4319,
                "logo_path": "/dU4Y8EqPLCz6jARM63NwGhr4DcG.png",
                "name": "40 Acres and a Mule Filmworks",
                "origin_country": "US"
            },
            {
                "id": 23,
                "logo_path": "/bJOFo2ufq7iFC1F4qZm8aLxF5aS.png",
                "name": "Imagine Entertainment",
                "origin_country": "US"
            },
            {
                "id": 33,
                "logo_path": "/3wwjVpkZtnog6lSKzWDjvw2Yi00.png",
                "name": "Universal Pictures",
                "origin_country": "US"
            }
        ],
        "production_countries": [
            {
                "iso_3166_1": "US",
                "name": "United States of America"
            }
        ],
        "release_date": "2006-03-17",
        "revenue": 186003591,
        "runtime": 129,
        "spoken_languages": [
            {
                "english_name": "English",
                "iso_639_1": "en",
                "name": "English"
            },
            {
                "english_name": "Albanian",
                "iso_639_1": "sq",
                "name": "shqip"
            }
        ],
        "status": "Released",
        "tagline": "It looked like the perfect bank robbery. But you can’t judge a crime by its cover.",
        "title": "Inside Man",
        "video": false,
        "vote_average": 7.395,
        "vote_count": 5941
    },
    "omdb": {
        "Title": "Inside Man",
        "Year": "2006",
        "Rated": "R",
        "Released": "24 Mar 2006",
        "Runtime": "129 min",
        "Genre": "Crime, Drama, Mystery",
        "Director": "Spike Lee",
        "Writer": "Russell Gewirtz",
        "Actors": "Denzel Washington, Clive Owen, Jodie Foster",
        "Plot": "A police detective, a bank robber and a high-power broker enter high-stakes negotiations after the criminal's brilliant heist spirals into a hostage situation.",
        "Language": "English, Albanian, Spanish, Polish",
        "Country": "United States",
        "Awards": "5 wins & 12 nominations total",
        "Poster": "https://m.media-amazon.com/images/M/MV5BZWFmMDZkYjktMjYyOS00MTM2LTg2MmQtOTUwMzJjMDlhZDY1XkEyXkFqcGc@._V1_SX300.jpg",
        "Ratings": [
            {
                "Source": "Internet Movie Database",
                "Value": "7.6/10"
            },
            {
                "Source": "Rotten Tomatoes",
                "Value": "86%"
            },
            {
                "Source": "Metacritic",
                "Value": "76/100"
            }
        ],
        "Metascore": "76",
        "imdbRating": "7.6",
        "imdbVotes": "411,859",
        "imdbID": "tt0454848",
        "Type": "movie",
        "DVD": "N/A",
        "BoxOffice": "$88,513,495",
        "Production": "N/A",
        "Website": "N/A",
        "Response": "True"
    }
}