{
    "tmdb": {
        "adult": false,
        "backdrop_path": "/syKiIOqEoOi1Hb0Oh0n9cImcBab.jpg",
        "belongs_to_collection": {
            "id": 1197140,
            "name": "The Black Phone Collection",
            "poster_path": "/29aGUA42KUHE1pwXMjmklT4TgVb.jpg",
            "backdrop_path": "/qfFAPLFQ7tBoD7e8o9FvrcrrJ76.jpg"
        },
        "budget": 16000000,
        "genres": [
            {
                "id": 27,
                "name": "Horror"
            },
            {
                "id": 53,
                "name": "Thriller"
            }
        ],
        "homepage": "https://www.theblackphonemovie.com/",
        "id": 756999,
        "imdb_id": "tt7144666",
        "origin_country": [
            "US"
        ],
        "original_language": "en",
        "original_title": "The Black Phone",
        "overview": "Finney Blake, a shy but clever 13-year-old boy, is abducted by a sadistic killer and trapped in a soundproof basement where screaming is of little use. When a disconnected phone on the wall begins to ring, Finney discovers that he can hear the voices of the killer’s previous victims. And they are dead set on making sure that what happened to them doesn’t happen to Finney.",
        "popularity": 14.5523,
        "poster_path": "/p9ZUzCyy9wRTDuuQexkQ78R2BgF.jpg",
        "production_companies": [
            {
                "id": 3172,
                "logo_path": "/rzKluDcRkIwHZK2pHsiT667A2Kw.png",
                "name": "Blumhouse Productions",
                "origin_country": "US"
            },
            {
                "id": 162439,
                "logo_path": "/h9hG1svKeylr9KqUOGmO4i3wRP0.png",
                "name": "Crooked Highway",
                "origin_country": "US"
            }
        ],
        "production_countries": [
            {
                "iso_3166_1": "US",
                "name": "United States of America"
            }
        ],
        "release_date": "2022-06-17",
        "revenue": 161440742,
        "runtime": 103,
        "spoken_languages": [
            {
                "english_name": "English",
                "iso_639_1": "en",
                "name": "English"
            },
            {
                "english_name": "Portuguese",
                "iso_639_1": "pt",
                "name": "Português"
            },
            {
                "english_name": "Spanish",
                "iso_639_1": "es",
                "name": "Español"
            }
        ],
        "status": "Released",
        "tagline": "Never talk to strangers.",
        "title": "The Black Phone",
        "video": false,
        "vote_average": 7.574,
        "vote_count": 5100
    },
    "omdb": {
        "Title": "The Black Phone",
        "Year": "2021",
        "Rated": "R",
        "Released": "24 Jun 2022",
        "Runtime": "103 min",
        "Genre": "Horror, Mystery, Thriller",
        "Director": "Scott Derrickson",
        "Writer": "Joe Hill, Scott Derrickson, C. Robert Cargill",
        "Actors": "Mason Thames, Madeleine McGraw, Ethan Hawke",
        "Plot": "After being abducted and locked in a basement, a boy starts receiving calls on a disconnected phone from the killer's previous victims.",
        "Language": "English",
        "Country": "United States",
        "Awards": "10 wins & 19 nominations total",
        "Poster": "https://m.media-amazon.com/images/M/MV5BMjFhZTcxOTktMzllMS00MzIzLWJhODEtZDU5YTFkNzRjZWQyXkEyXkFqcGc@._V1_SX300.jpg",
        "Ratings": [
            {
                "Source": "Internet Movie Database",
                "Value": "6.9/10"
            },
            {
                "Source": "Rotten Tomatoes",
                "Value": "81%"
            },
            {
                "Source": "Metacritic",
                "Value": "65/100"
            }
        ],
        "Metascore": "65",
        "imdbRating": "6.9",
        "imdbVotes": "217,892",
        "imdbID": "tt7144666",
        "Type": "movie",
        "DVD": "N/A",
        "BoxOffice": "$90,123,230",
        "Production": "N/A",
        "Website": "N/A",
        "Response": "True"
    }
}