{
    "tmdb": {
        "adult": false,
        "backdrop_path": "/cRdA9xjHBbobw4LJFsQ3j1CgpVq.jpg",
        "belongs_to_collection": {
            "id": 727761,
            "name": "Terrifier Collection",
            "poster_path": "/60PWLvDagquCysvzNWmpdPeVvsx.jpg",
            "backdrop_path": "/zREjCmCHIHdEF6ufPoDQjhl4Wdm.jpg"
        },
        "budget": 250000,
        "genres": [
            {
                "id": 27,
                "name": "Horror"
            },
            {
                "id": 53,
                "name": "Thriller"
            }
        ],
        "homepage": "http://www.terrifier2themovie.com/",
        "id": 663712,
        "imdb_id": "tt10403420",
        "origin_country": [
            "US"
        ],
        "original_language": "en",
        "original_title": "Terrifier 2",
        "overview": "A year after the Miles County massacre, Art the Clown is resurrected by a sinister entity. Art returns home, where he must hunt down and destroy teenage Sienna and her younger brother Jonathan on Halloween. As the body count rises, the siblings fight to stay alive while uncovering the true nature of Art's evil intent.",
        "popularity": 13.3578,
        "poster_path": "/qEAlwXbYk6IHA4ztoS2XFFaa7Xo.jpg",
        "production_companies": [
            {
                "id": 84591,
                "logo_path": null,
                "name": "Dark Age Cinema",
                "origin_country": "US"
            },
            {
                "id": 114220,
                "logo_path": "/b5n3DtfUySREkq4Xi962zMg69qq.png",
                "name": "Fuzz on the Lens Productions",
                "origin_country": "US"
            },
            {
                "id": 15157,
                "logo_path": "/yezzLb9RbKNtQUsyYySAqC9TQr7.png",
                "name": "Bloody Disgusting",
                "origin_country": "US"
            },
            {
                "id": 213025,
                "logo_path": "/bFz17QGqfF8wiQAH3T4kfzKC8dU.png",
                "name": "The Coven",
                "origin_country": "US"
            },
            {
                "id": 215195,
                "logo_path": null,
                "name": "Gelt Films",
                "origin_country": ""
            }
        ],
        "production_countries": [
            {
                "iso_3166_1": "US",
                "name": "United States of America"
            }
        ],
        "release_date": "2022-10-06",
        "revenue": 15741780,
        "runtime": 138,
        "spoken_languages": [
            {
                "english_name": "English",
                "iso_639_1": "en",
                "name": "English"
            }
        ],
        "status": "Released",
        "tagline": "Who's laughing now?",
        "title": "Terrifier 2",
        "video": false,
        "vote_average": 6.711,
        "vote_count": 2233
    },
    "omdb": {
        "Title": "Terrifier 2",
        "Year": "2022",
        "Rated": "Not Rated",
        "Released": "06 Oct 2022",
        "Runtime": "138 min",
        "Genre": "Horror",
        "Director": "Damien Leone",
        "Writer": "Damien Leone",
        "Actors": "Lauren LaVera, David Howard Thornton, Elliott Fullam",
        "Plot": "Resurrected by a sinister entity, Art the Clown returns to Miles County to terrorize a teenage girl and her younger brother on Halloween night.",
        "Language": "English",
        "Country": "United States",
        "Awards": "6 wins & 12 nominations total",
        "Poster": "https://m.media-amazon.com/images/M/MV5BYTUyZWM1MDgtMGZiZi00OWZlLTgwNzItZGU3NTkwN2I4OWNiXkEyXkFqcGc@._V1_SX300.jpg",
        "Ratings": [
            {
                "Source": "Internet Movie Database",
                "Value": "6.1/10"
            },
            {
                "Source": "Rotten Tomatoes",
                "Value": "87%"
            },
            {
                "Source": "Metacritic",
                "Value": "59/100"
            }
        ],
        "Metascore": "59",
        "imdbRating": "6.1",
        "imdbVotes": "69,179",
        "imdbID": "tt10403420",
        "Type": "movie",
        "DVD": "N/A",
        "BoxOffice": "$10,962,499",
        "Production": "N/A",
        "Website": "N/A",
        "Response": "True"
    }
}