{
    "tmdb": {
        "adult": false,
        "backdrop_path": "/jMBpJFRtrtIXymer93XLavPwI3P.jpg",
        "belongs_to_collection": {
            "id": 8091,
            "name": "Alien Collection",
            "poster_path": "/gWFHIY77cRVoBRGERwMHqpD27gc.jpg",
            "backdrop_path": "/6X42JnSMdo3dPAswOHUuvebdTq7.jpg"
        },
        "budget": 18500000,
        "genres": [
            {
                "id": 28,
                "name": "Action"
            },
            {
                "id": 53,
                "name": "Thriller"
            },
            {
                "id": 878,
                "name": "Science Fiction"
            }
        ],
        "homepage": "https://www.20thcenturystudios.com/movies/aliens",
        "id": 679,
        "imdb_id": "tt0090605",
        "origin_country": [
            "US"
        ],
        "original_language": "en",
        "original_title": "Aliens",
        "overview": "Ripley, the sole survivor of the Nostromo's deadly encounter with the monstrous Alien, returns to Earth after drifting through space in hypersleep for 57 years. Although her story is initially met with skepticism, she agrees to accompany a team of Colonial Marines back to LV-426.",
        "popularity": 20.6005,
        "poster_path": "/r1x5JGpyqZU8PYhbs4UcrO1Xb6x.jpg",
        "production_companies": [
            {
                "id": 396,
                "logo_path": "/5iNXO7nAiSsms7ur1Qy2UwuwcDP.png",
                "name": "SLM Production Group",
                "origin_country": "US"
            },
            {
                "id": 25,
                "logo_path": "/qZCc1lty5FzX30aOCVRBLzaVmcp.png",
                "name": "20th Century Fox",
                "origin_country": "US"
            },
            {
                "id": 401,
                "logo_path": "/t7mM3DvQ9MwDT3YzMCBrkWpWiiz.png",
                "name": "Brandywine Productions",
                "origin_country": "US"
            }
        ],
        "production_countries": [
            {
                "iso_3166_1": "US",
                "name": "United States of America"
            }
        ],
        "release_date": "1986-07-18",
        "revenue": 183316455,
        "runtime": 137,
        "spoken_languages": [
            {
                "english_name": "English",
                "iso_639_1": "en",
                "name": "English"
            }
        ],
        "status": "Released",
        "tagline": "This time it's war.",
        "title": "Aliens",
        "video": false,
        "vote_average": 7.951,
        "vote_count": 10071
    },
    "omdb": {
        "Title": "Aliens",
        "Year": "1986",
        "Rated": "R",
        "Released": "18 Jul 1986",
        "Runtime": "137 min",
        "Genre": "Action, Adventure, Horror",
        "Director": "James Cameron",
        "Writer": "James Cameron, David Giler, Walter Hill",
        "Actors": "Sigourney Weaver, Michael Biehn, Carrie Henn",
        "Plot": "Decades after surviving the Nostromo incident, Ellen Ripley is sent out to re-establish contact with a terraforming colony but finds herself battling the Alien Queen and her offspring.",
        "Language": "English, Spanish",
        "Country": "United Kingdom, United States",
        "Awards": "Won 2 Oscars. 20 wins & 25 nominations total",
        "Poster": "https://m.media-amazon.com/images/M/MV5BZjIyNGJhYzYtN2I1My00OTVhLWEyMzItZTVjNDMzOTVkYWViXkEyXkFqcGc@._V1_SX300.jpg",
        "Ratings": [
            {
                "Source": "Internet Movie Database",
                "Value": "8.4/10"
            },
            {
                "Source": "Rotten Tomatoes",
                "Value": "94%"
            },
            {
                "Source": "Metacritic",
                "Value": "84/100"
            }
        ],
        "Metascore": "84",
        "imdbRating": "8.4",
        "imdbVotes": "803,271",
        "imdbID": "tt0090605",
        "Type": "movie",
        "DVD": "N/A",
        "BoxOffice": "$85,160,248",
        "Production": "N/A",
        "Website": "N/A",
        "Response": "True"
    }
}