{
    "tmdb": {
        "adult": false,
        "backdrop_path": "/pD5Z6YglDNcRhcrCJKDhJlbGzni.jpg",
        "belongs_to_collection": null,
        "budget": 18000000,
        "genres": [
            {
                "id": 36,
                "name": "History"
            },
            {
                "id": 10402,
                "name": "Music"
            },
            {
                "id": 18,
                "name": "Drama"
            }
        ],
        "homepage": "",
        "id": 279,
        "imdb_id": "tt0086879",
        "origin_country": [
            "US"
        ],
        "original_language": "en",
        "original_title": "Amadeus",
        "overview": "Disciplined Italian composer Antonio Salieri becomes consumed by jealousy and resentment towards the hedonistic and remarkably talented young Viennese composer Wolfgang Amadeus Mozart.",
        "popularity": 59.2554,
        "poster_path": "/1n5VUlCqgmVax1adxGZm8oCFaKc.jpg",
        "production_companies": [
            {
                "id": 5237,
                "logo_path": "/mlnr7vsBHvLye8oEb5A76C0t8x9.png",
                "name": "The Saul Zaentz Company",
                "origin_country": "US"
            }
        ],
        "production_countries": [
            {
                "iso_3166_1": "US",
                "name": "United States of America"
            }
        ],
        "release_date": "1984-09-19",
        "revenue": 90007557,
        "runtime": 160,
        "spoken_languages": [
            {
                "english_name": "English",
                "iso_639_1": "en",
                "name": "English"
            },
            {
                "english_name": "Latin",
                "iso_639_1": "la",
                "name": "Latin"
            },
            {
                "english_name": "German",
                "iso_639_1": "de",
                "name": "Deutsch"
            },
            {
                "english_name": "Italian",
                "iso_639_1": "it",
                "name": "Italiano"
            }
        ],
        "status": "Released",
        "tagline": "Everything you've heard is true...",
        "title": "Amadeus",
        "video": false,
        "vote_average": 8.024,
        "vote_count": 4388
    },
    "omdb": {
        "Title": "Amadeus",
        "Year": "1984",
        "Rated": "PG",
        "Released": "19 Sep 1984",
        "Runtime": "160 min",
        "Genre": "Biography, Drama, Music",
        "Director": "Milos Forman",
        "Writer": "Peter Shaffer, Zdenek Mahler",
        "Actors": "F. Murray Abraham, Tom Hulce, Elizabeth Berridge",
        "Plot": "The life, success and troubles of Wolfgang Amadeus Mozart, as told by Antonio Salieri, the contemporaneous composer who was deeply jealous of Mozart's talent and claimed to have murdered him.",
        "Language": "English, Italian, Latin, German, French",
        "Country": "United States, France",
        "Awards": "Won 8 Oscars. 43 wins & 15 nominations total",
        "Poster": "https://m.media-amazon.com/images/M/MV5BMzc2MjM0NTMtOGY4NC00NzY1LWE2ODUtZjMzY2RhNGNkZDAyXkEyXkFqcGc@._V1_SX300.jpg",
        "Ratings": [
            {
                "Source": "Internet Movie Database",
                "Value": "8.4/10"
            },
            {
                "Source": "Rotten Tomatoes",
                "Value": "90%"
            },
            {
                "Source": "Metacritic",
                "Value": "87/100"
            }
        ],
        "Metascore": "87",
        "imdbRating": "8.4",
        "imdbVotes": "443,510",
        "imdbID": "tt0086879",
        "Type": "movie",
        "DVD": "N/A",
        "BoxOffice": "$51,973,029",
        "Production": "N/A",
        "Website": "N/A",
        "Response": "True"
    }
}