{
    "tmdb": {
        "adult": false,
        "backdrop_path": "/xNNF4l1OVscJNchJc5xvejHzTDO.jpg",
        "belongs_to_collection": null,
        "budget": 0,
        "genres": [
            {
                "id": 18,
                "name": "Drama"
            },
            {
                "id": 10749,
                "name": "Romance"
            }
        ],
        "homepage": "https://www.serendipitypoint.com/below-her-mouth",
        "id": 370663,
        "imdb_id": "tt5073620",
        "origin_country": [
            "CA"
        ],
        "original_language": "en",
        "original_title": "Below Her Mouth",
        "overview": "An unexpected affair quickly escalates into a heart-stopping reality for two women whose passionate connection changes their lives forever.",
        "popularity": 21.5291,
        "poster_path": "/tPhBftWySbanfEialbsUzOuccgN.jpg",
        "production_companies": [
            {
                "id": 805,
                "logo_path": "/A83WG8qZA4JdaudhJl0G3iG6W4M.png",
                "name": "Serendipity Point Films",
                "origin_country": "CA"
            }
        ],
        "production_countries": [
            {
                "iso_3166_1": "CA",
                "name": "Canada"
            }
        ],
        "release_date": "2017-02-10",
        "revenue": 33673,
        "runtime": 92,
        "spoken_languages": [
            {
                "english_name": "English",
                "iso_639_1": "en",
                "name": "English"
            }
        ],
        "status": "Released",
        "tagline": "Where desire lives",
        "title": "Below Her Mouth",
        "video": false,
        "vote_average": 6.801,
        "vote_count": 1225
    },
    "omdb": {
        "Title": "Below Her Mouth",
        "Year": "2016",
        "Rated": "Not Rated",
        "Released": "28 Apr 2017",
        "Runtime": "94 min",
        "Genre": "Drama, Romance",
        "Director": "April Mullen",
        "Writer": "Stephanie Fabrizi",
        "Actors": "Erika Linder, Natalie Krill, Sebastian Pigott",
        "Plot": "An unexpected affair quickly escalates into a heart-stopping reality for two women whose passionate connection changes their lives forever.",
        "Language": "English",
        "Country": "Canada",
        "Awards": "1 nomination total",
        "Poster": "https://m.media-amazon.com/images/M/MV5BMjFiNDM4MWQtNmM4Zi00YWU1LWE1YmYtYzZkYjRhNWExZDY1XkEyXkFqcGc@._V1_SX300.jpg",
        "Ratings": [
            {
                "Source": "Internet Movie Database",
                "Value": "5.5/10"
            },
            {
                "Source": "Rotten Tomatoes",
                "Value": "21%"
            },
            {
                "Source": "Metacritic",
                "Value": "42/100"
            }
        ],
        "Metascore": "42",
        "imdbRating": "5.5",
        "imdbVotes": "15,103",
        "imdbID": "tt5073620",
        "Type": "movie",
        "DVD": "N/A",
        "BoxOffice": "N/A",
        "Production": "N/A",
        "Website": "N/A",
        "Response": "True"
    }
}