{
    "tmdb": {
        "adult": false,
        "backdrop_path": "/zj8XS0l1cWStpKnuD1LFMB3VoV1.jpg",
        "belongs_to_collection": {
            "id": 97459,
            "name": "The Jungle Book Collection",
            "poster_path": "/uwtMVtIFZy7dfQrR7brKHoDN5H6.jpg",
            "backdrop_path": "/ywQavBCNbyz23SCC7E93nvRcapS.jpg"
        },
        "budget": 4000000,
        "genres": [
            {
                "id": 10751,
                "name": "Family"
            },
            {
                "id": 16,
                "name": "Animation"
            },
            {
                "id": 12,
                "name": "Adventure"
            }
        ],
        "homepage": "http://movies.disney.com/the-jungle-book-1967",
        "id": 9325,
        "imdb_id": "tt0061852",
        "origin_country": [
            "US"
        ],
        "original_language": "en",
        "original_title": "The Jungle Book",
        "overview": "The boy Mowgli makes his way to the man-village with Bagheera, the wise panther. Along the way he meets jazzy King Louie, the hypnotic snake Kaa and the lovable, happy-go-lucky bear Baloo, who teaches Mowgli \"The Bare Necessities\" of life and the true meaning of friendship.",
        "popularity": 13.4053,
        "poster_path": "/7a6VJd4TXNrTlY6MDvZL1kqPVg7.jpg",
        "production_companies": [
            {
                "id": 3166,
                "logo_path": "/vyyv4Gy9nPqAZKElPm2izLlEaVS.png",
                "name": "Walt Disney Productions",
                "origin_country": "US"
            }
        ],
        "production_countries": [
            {
                "iso_3166_1": "US",
                "name": "United States of America"
            }
        ],
        "release_date": "1967-10-18",
        "revenue": 378000000,
        "runtime": 78,
        "spoken_languages": [
            {
                "english_name": "English",
                "iso_639_1": "en",
                "name": "English"
            }
        ],
        "status": "Released",
        "tagline": "The Jungle is JUMPIN'!",
        "title": "The Jungle Book",
        "video": false,
        "vote_average": 7.277,
        "vote_count": 6343
    },
    "omdb": {
        "Title": "The Jungle Book",
        "Year": "1967",
        "Rated": "Approved",
        "Released": "18 Oct 1967",
        "Runtime": "78 min",
        "Genre": "Animation, Adventure, Comedy",
        "Director": "Wolfgang Reitherman",
        "Writer": "Larry Clemmons, Ralph Wright, Ken Anderson",
        "Actors": "Phil Harris, Sebastian Cabot, Louis Prima",
        "Plot": "Bagheera the Panther and Baloo the Bear have a difficult time trying to convince a boy to leave the jungle for human civilization.",
        "Language": "English",
        "Country": "United States",
        "Awards": "Nominated for 1 Oscar. 6 wins & 4 nominations total",
        "Poster": "https://m.media-amazon.com/images/M/MV5BNGE4M2NiZDktY2E2MC00ZTY5LWIyMDktZWIxNzQ2OWU2NmQzXkEyXkFqcGc@._V1_SX300.jpg",
        "Ratings": [
            {
                "Source": "Internet Movie Database",
                "Value": "7.6/10"
            },
            {
                "Source": "Rotten Tomatoes",
                "Value": "88%"
            },
            {
                "Source": "Metacritic",
                "Value": "65/100"
            }
        ],
        "Metascore": "65",
        "imdbRating": "7.6",
        "imdbVotes": "205,105",
        "imdbID": "tt0061852",
        "Type": "movie",
        "DVD": "N/A",
        "BoxOffice": "$141,843,612",
        "Production": "N/A",
        "Website": "N/A",
        "Response": "True"
    }
}