{
    "tmdb": {
        "adult": false,
        "backdrop_path": "/h3HsfV8Kn9Sz2QWUYYdP5ya23hx.jpg",
        "belongs_to_collection": {
            "id": 726871,
            "name": "Dune Collection",
            "poster_path": "/lxIGYkpvYjLtYtZH684AQft0FhD.jpg",
            "backdrop_path": "/ygVSGv86R0BTOKJIb8RQ1sFxs4q.jpg"
        },
        "budget": 165000000,
        "genres": [
            {
                "id": 878,
                "name": "Science Fiction"
            },
            {
                "id": 12,
                "name": "Adventure"
            }
        ],
        "homepage": "https://www.dunemovie.com/",
        "id": 438631,
        "imdb_id": "tt1160419",
        "origin_country": [
            "US"
        ],
        "original_language": "en",
        "original_title": "Dune",
        "overview": "Paul Atreides, a brilliant and gifted young man born into a great destiny beyond his understanding, must travel to the most dangerous planet in the universe to ensure the future of his family and his people. As malevolent forces explode into conflict over the planet's exclusive supply of the most precious resource in existence-a commodity capable of unlocking humanity's greatest potential-only those who can conquer their fear will survive.",
        "popularity": 23.3268,
        "poster_path": "/d5NXSklXo0qyIYkgV94XAgMIckC.jpg",
        "production_companies": [
            {
                "id": 923,
                "logo_path": "/5UQsZrfbfG2dYJbx8DxfoTr2Bvu.png",
                "name": "Legendary Pictures",
                "origin_country": "US"
            }
        ],
        "production_countries": [
            {
                "iso_3166_1": "US",
                "name": "United States of America"
            }
        ],
        "release_date": "2021-09-15",
        "revenue": 407573628,
        "runtime": 155,
        "spoken_languages": [
            {
                "english_name": "Mandarin",
                "iso_639_1": "zh",
                "name": "普通话"
            },
            {
                "english_name": "English",
                "iso_639_1": "en",
                "name": "English"
            }
        ],
        "status": "Released",
        "tagline": "It begins.",
        "title": "Dune",
        "video": false,
        "vote_average": 7.783,
        "vote_count": 13468
    },
    "omdb": {
        "Title": "Dune: Part One",
        "Year": "2021",
        "Rated": "PG-13",
        "Released": "22 Oct 2021",
        "Runtime": "155 min",
        "Genre": "Action, Adventure, Drama",
        "Director": "Denis Villeneuve",
        "Writer": "Jon Spaihts, Denis Villeneuve, Eric Roth",
        "Actors": "Timothée Chalamet, Rebecca Ferguson, Zendaya",
        "Plot": "Paul Atreides arrives on Arrakis after his father accepts the stewardship of the dangerous planet. However, chaos ensues after a betrayal as forces clash to control melange, a precious resource.",
        "Language": "English, Mandarin",
        "Country": "United States, Canada",
        "Awards": "Won 6 Oscars. 177 wins & 303 nominations total",
        "Poster": "https://m.media-amazon.com/images/M/MV5BNWIyNmU5MGYtZDZmNi00ZjAwLWJlYjgtZTc0ZGIxMDE4ZGYwXkEyXkFqcGc@._V1_SX300.jpg",
        "Ratings": [
            {
                "Source": "Internet Movie Database",
                "Value": "8.0/10"
            },
            {
                "Source": "Rotten Tomatoes",
                "Value": "83%"
            },
            {
                "Source": "Metacritic",
                "Value": "74/100"
            }
        ],
        "Metascore": "74",
        "imdbRating": "8.0",
        "imdbVotes": "951,653",
        "imdbID": "tt1160419",
        "Type": "movie",
        "DVD": "N/A",
        "BoxOffice": "$108,897,830",
        "Production": "N/A",
        "Website": "N/A",
        "Response": "True"
    }
}