{
    "tmdb": {
        "adult": false,
        "backdrop_path": "/15SmfUxqEj7ZpdqyJTqQldRYOtr.jpg",
        "belongs_to_collection": {
            "id": 399,
            "name": "Predator Collection",
            "poster_path": "/mm2t5dd1QFxtX6X56Z9U5ucsIb1.jpg",
            "backdrop_path": "/u1CTqTYRUVyLwlEd1z1VJrVBp0J.jpg"
        },
        "budget": 0,
        "genres": [
            {
                "id": 878,
                "name": "Science Fiction"
            },
            {
                "id": 28,
                "name": "Action"
            }
        ],
        "homepage": "",
        "id": 1242898,
        "imdb_id": "tt31227572",
        "origin_country": [
            "US"
        ],
        "original_language": "en",
        "original_title": "Predator: Badlands",
        "overview": "Cast out from its clan, an alien hunter and an unlikely ally embark on a treacherous journey in search of the ultimate adversary.",
        "popularity": 26.1609,
        "poster_path": "/pHpq9yNUIo6aDoCXEBzjSolywgz.jpg",
        "production_companies": [
            {
                "id": 127928,
                "logo_path": "/h0rjX5vjW5r8yEnUBStFarjcLT4.png",
                "name": "20th Century Studios",
                "origin_country": "US"
            }
        ],
        "production_countries": [
            {
                "iso_3166_1": "US",
                "name": "United States of America"
            }
        ],
        "release_date": "2025-11-05",
        "revenue": 0,
        "runtime": 0,
        "spoken_languages": [
            {
                "english_name": "English",
                "iso_639_1": "en",
                "name": "English"
            }
        ],
        "status": "Post Production",
        "tagline": "First hunt. Last chance.",
        "title": "Predator: Badlands",
        "video": false,
        "vote_average": 0.0,
        "vote_count": 0
    },
    "omdb": {
        "Title": "Predator: Badlands",
        "Year": "2025",
        "Rated": "N/A",
        "Released": "07 Nov 2025",
        "Runtime": "N/A",
        "Genre": "Horror, Sci-Fi",
        "Director": "Dan Trachtenberg",
        "Writer": "Patrick Aison, Jim Thomas, John Thomas",
        "Actors": "Elle Fanning",
        "Plot": "Plot is under wraps.",
        "Language": "N/A",
        "Country": "N/A",
        "Awards": "N/A",
        "Poster": "N/A",
        "Ratings": [],
        "Metascore": "N/A",
        "imdbRating": "N/A",
        "imdbVotes": "N/A",
        "imdbID": "tt31227572",
        "Type": "movie",
        "DVD": "N/A",
        "BoxOffice": "N/A",
        "Production": "N/A",
        "Website": "N/A",
        "Response": "True"
    }
}