{
    "tmdb": {
        "adult": false,
        "backdrop_path": "/umyOinNa6vqqnqoVc9QqzyaapUz.jpg",
        "belongs_to_collection": null,
        "budget": 2000000,
        "genres": [
            {
                "id": 27,
                "name": "Horror"
            }
        ],
        "homepage": "https://www.latenightwiththedevil.movie",
        "id": 938614,
        "imdb_id": "tt14966898",
        "origin_country": [
            "US"
        ],
        "original_language": "en",
        "original_title": "Late Night with the Devil",
        "overview": "A live broadcast of a late-night talk show in 1977 goes horribly wrong, unleashing evil into the nation's living rooms.",
        "popularity": 16.4769,
        "poster_path": "/mu8LRWT9GHkfiyHm7kgxT6YNvMW.jpg",
        "production_companies": [
            {
                "id": 169906,
                "logo_path": "/vEiG2JXNpnJD8k8jkF6cHOpsFLe.png",
                "name": "Spooky Pictures",
                "origin_country": "US"
            },
            {
                "id": 131223,
                "logo_path": "/cqTFMN4VU4dOQ5wl2nZtxXDEdEE.png",
                "name": "Future Pictures",
                "origin_country": "AU"
            },
            {
                "id": 195800,
                "logo_path": "/wT79wm2n1yeaK7HjJbQbPhnxzZr.png",
                "name": "Good Fiend Films",
                "origin_country": "US"
            },
            {
                "id": 204763,
                "logo_path": "/aqWMgtLOf2ClBDnK0f4DvYNTZf6.png",
                "name": "VicScreen",
                "origin_country": "AU"
            },
            {
                "id": 110799,
                "logo_path": "/eHjtiQJjrGQTooEsBmPSYoUnNB.png",
                "name": "AGC Studios",
                "origin_country": "US"
            },
            {
                "id": 6736,
                "logo_path": "/cdCAYeb3K3Ajhn1tfXHPSfT1KzB.png",
                "name": "Image Nation Abu Dhabi",
                "origin_country": "AE"
            }
        ],
        "production_countries": [
            {
                "iso_3166_1": "AU",
                "name": "Australia"
            },
            {
                "iso_3166_1": "AE",
                "name": "United Arab Emirates"
            },
            {
                "iso_3166_1": "US",
                "name": "United States of America"
            }
        ],
        "release_date": "2024-03-19",
        "revenue": 15469415,
        "runtime": 93,
        "spoken_languages": [
            {
                "english_name": "English",
                "iso_639_1": "en",
                "name": "English"
            }
        ],
        "status": "Released",
        "tagline": "Do not adjust your set.",
        "title": "Late Night with the Devil",
        "video": false,
        "vote_average": 7.136,
        "vote_count": 1561
    },
    "omdb": {
        "Title": "Late Night with the Devil",
        "Year": "2023",
        "Rated": "R",
        "Released": "22 Mar 2024",
        "Runtime": "93 min",
        "Genre": "Horror",
        "Director": "Cameron Cairnes, Colin Cairnes",
        "Writer": "Colin Cairnes, Cameron Cairnes",
        "Actors": "David Dastmalchian, Laura Gordon, Ian Bliss",
        "Plot": "A live television broadcast in 1977 goes horribly wrong, unleashing evil into the nation's living rooms.",
        "Language": "English",
        "Country": "Australia, United Arab Emirates, United States",
        "Awards": "8 wins & 32 nominations total",
        "Poster": "https://m.media-amazon.com/images/M/MV5BYTRiNWZlNGMtOTUwZi00ZjE4LWE1ZjEtNWE4MGQ2ZGU5NDliXkEyXkFqcGc@._V1_SX300.jpg",
        "Ratings": [
            {
                "Source": "Internet Movie Database",
                "Value": "7.0/10"
            },
            {
                "Source": "Rotten Tomatoes",
                "Value": "97%"
            },
            {
                "Source": "Metacritic",
                "Value": "72/100"
            }
        ],
        "Metascore": "72",
        "imdbRating": "7.0",
        "imdbVotes": "120,362",
        "imdbID": "tt14966898",
        "Type": "movie",
        "DVD": "N/A",
        "BoxOffice": "$10,001,000",
        "Production": "N/A",
        "Website": "N/A",
        "Response": "True"
    }
}