{
    "tmdb": {
        "adult": false,
        "backdrop_path": "/d7JUXVvjvVCXWs1mlpyO5ESdWdT.jpg",
        "belongs_to_collection": null,
        "budget": 5000000,
        "genres": [
            {
                "id": 35,
                "name": "Comedy"
            },
            {
                "id": 10749,
                "name": "Romance"
            },
            {
                "id": 878,
                "name": "Science Fiction"
            }
        ],
        "homepage": "https://www.hulu.com/movie/palm-springs-f70dfd4d-dbfb-46b8-abb3-136c841bba11?",
        "id": 587792,
        "imdb_id": "tt9484998",
        "origin_country": [
            "US"
        ],
        "original_language": "en",
        "original_title": "Palm Springs",
        "overview": "When carefree Nyles and reluctant maid of honor Sarah have a chance encounter at a Palm Springs wedding, things get complicated when they find themselves unable to escape the venue, themselves, or each other.",
        "popularity": 13.738,
        "poster_path": "/yf5IuMW6GHghu39kxA0oFx7Bxmj.jpg",
        "production_companies": [
            {
                "id": 128360,
                "logo_path": "/a9YkOw7I1CCBOc9Cy1FDGYfFrJm.png",
                "name": "Limelight",
                "origin_country": "US"
            },
            {
                "id": 53808,
                "logo_path": "/k0pZvs5B71HHuj8ybypApC1LV5u.png",
                "name": "The Lonely Island",
                "origin_country": "US"
            },
            {
                "id": 215031,
                "logo_path": null,
                "name": "Sun Entertainment Culture Los Angeles",
                "origin_country": "US"
            }
        ],
        "production_countries": [
            {
                "iso_3166_1": "US",
                "name": "United States of America"
            }
        ],
        "release_date": "2020-07-10",
        "revenue": 1818417,
        "runtime": 90,
        "spoken_languages": [
            {
                "english_name": "English",
                "iso_639_1": "en",
                "name": "English"
            },
            {
                "english_name": "Spanish",
                "iso_639_1": "es",
                "name": "Español"
            }
        ],
        "status": "Released",
        "tagline": "Live like there's no tomorrow",
        "title": "Palm Springs",
        "video": false,
        "vote_average": 7.3,
        "vote_count": 3266
    },
    "omdb": {
        "Title": "Palm Springs",
        "Year": "2020",
        "Rated": "R",
        "Released": "10 Jul 2020",
        "Runtime": "90 min",
        "Genre": "Comedy, Fantasy, Mystery",
        "Director": "Max Barbakow",
        "Writer": "Andy Siara, Max Barbakow",
        "Actors": "Andy Samberg, Cristin Milioti, J.K. Simmons",
        "Plot": "Nyles and Sarah find themselves stuck in a time loop and living the same day over and over again. They are drawn to each other, but certain revelations threaten their budding romance.",
        "Language": "English",
        "Country": "United States, Hong Kong",
        "Awards": "15 wins & 45 nominations total",
        "Poster": "https://m.media-amazon.com/images/M/MV5BY2VkNGY0MTMtMjEzZi00OThkLWJiOTMtNGU4ZGNjZDE5ZGIyXkEyXkFqcGc@._V1_SX300.jpg",
        "Ratings": [
            {
                "Source": "Internet Movie Database",
                "Value": "7.4/10"
            },
            {
                "Source": "Rotten Tomatoes",
                "Value": "94%"
            },
            {
                "Source": "Metacritic",
                "Value": "83/100"
            }
        ],
        "Metascore": "83",
        "imdbRating": "7.4",
        "imdbVotes": "195,391",
        "imdbID": "tt9484998",
        "Type": "movie",
        "DVD": "N/A",
        "BoxOffice": "$164,000",
        "Production": "N/A",
        "Website": "N/A",
        "Response": "True"
    }
}