{
    "tmdb": {
        "adult": false,
        "backdrop_path": "/sjcPWJ5TXgFglsoixNxyZRyEUq3.jpg",
        "belongs_to_collection": {
            "id": 87359,
            "name": "Mission: Impossible Collection",
            "poster_path": "/geEjCGfdmRAA1skBPwojcdvnZ8A.jpg",
            "backdrop_path": "/mroWh717g0Ah2c0rrPGW6f3EWMM.jpg"
        },
        "budget": 150000000,
        "genres": [
            {
                "id": 12,
                "name": "Adventure"
            },
            {
                "id": 28,
                "name": "Action"
            },
            {
                "id": 53,
                "name": "Thriller"
            }
        ],
        "homepage": "",
        "id": 956,
        "imdb_id": "tt0317919",
        "origin_country": [
            "US"
        ],
        "original_language": "en",
        "original_title": "Mission: Impossible III",
        "overview": "Retired from active duty, and training recruits for the Impossible Mission Force, agent Ethan Hunt faces the toughest foe of his career: Owen Davian, an international broker of arms and information, who's as cunning as he is ruthless. Davian emerges to threaten Hunt and all that he holds dear – including the woman Hunt loves.",
        "popularity": 19.5823,
        "poster_path": "/vKGYCpmQyV9uHybWDzXuII8Los5.jpg",
        "production_companies": [
            {
                "id": 4,
                "logo_path": "/gz66EfNoYPqHTYI4q9UEN4CbHRc.png",
                "name": "Paramount Pictures",
                "origin_country": "US"
            },
            {
                "id": 44,
                "logo_path": "/6Hs6K20Hz1W9W1Tiam5QN2Kpx8V.png",
                "name": "Cruise/Wagner Productions",
                "origin_country": "US"
            }
        ],
        "production_countries": [
            {
                "iso_3166_1": "US",
                "name": "United States of America"
            }
        ],
        "release_date": "2006-04-25",
        "revenue": 398479497,
        "runtime": 126,
        "spoken_languages": [
            {
                "english_name": "German",
                "iso_639_1": "de",
                "name": "Deutsch"
            },
            {
                "english_name": "English",
                "iso_639_1": "en",
                "name": "English"
            },
            {
                "english_name": "Italian",
                "iso_639_1": "it",
                "name": "Italiano"
            },
            {
                "english_name": "Mandarin",
                "iso_639_1": "zh",
                "name": "普通话"
            },
            {
                "english_name": "Czech",
                "iso_639_1": "cs",
                "name": "Český"
            },
            {
                "english_name": "Cantonese",
                "iso_639_1": "cn",
                "name": "广州话 / 廣州話"
            }
        ],
        "status": "Released",
        "tagline": "The mission begins 05:05:06.",
        "title": "Mission: Impossible III",
        "video": false,
        "vote_average": 6.741,
        "vote_count": 7007
    },
    "omdb": {
        "Title": "Mission: Impossible III",
        "Year": "2006",
        "Rated": "PG-13",
        "Released": "05 May 2006",
        "Runtime": "126 min",
        "Genre": "Action, Adventure, Thriller",
        "Director": "J.J. Abrams",
        "Writer": "Alex Kurtzman, Roberto Orci, J.J. Abrams",
        "Actors": "Tom Cruise, Michelle Monaghan, Ving Rhames",
        "Plot": "IMF agent Ethan Hunt comes into conflict with a dangerous and sadistic arms dealer who threatens his life and his fiancée in response.",
        "Language": "English, Italian, Mandarin, Cantonese, German, Czech",
        "Country": "United States, Germany, China, Italy",
        "Awards": "7 wins & 14 nominations total",
        "Poster": "https://m.media-amazon.com/images/M/MV5BNzY1MzdjMjYtNDJiZS00N2U4LWI0MWQtZTRiZWYxMzU3ZmI4XkEyXkFqcGc@._V1_SX300.jpg",
        "Ratings": [
            {
                "Source": "Internet Movie Database",
                "Value": "6.9/10"
            },
            {
                "Source": "Rotten Tomatoes",
                "Value": "71%"
            },
            {
                "Source": "Metacritic",
                "Value": "66/100"
            }
        ],
        "Metascore": "66",
        "imdbRating": "6.9",
        "imdbVotes": "402,873",
        "imdbID": "tt0317919",
        "Type": "movie",
        "DVD": "N/A",
        "BoxOffice": "$134,029,801",
        "Production": "N/A",
        "Website": "N/A",
        "Response": "True"
    }
}