{
    "tmdb": {
        "adult": false,
        "backdrop_path": "/dOeaWGpouIaONuhRKOj2SrTEWe7.jpg",
        "belongs_to_collection": {
            "id": 531799,
            "name": "Enchanted Collection",
            "poster_path": "/bgsrdjmwZOBbJ63FHNvRJeyd9P0.jpg",
            "backdrop_path": "/4FGS7pFVoYEVPzT6PIZxtR6ouM8.jpg"
        },
        "budget": 85000000,
        "genres": [
            {
                "id": 35,
                "name": "Comedy"
            },
            {
                "id": 10751,
                "name": "Family"
            },
            {
                "id": 14,
                "name": "Fantasy"
            },
            {
                "id": 10749,
                "name": "Romance"
            }
        ],
        "homepage": "http://disney.go.com/disneypictures/enchanted/",
        "id": 4523,
        "imdb_id": "tt0461770",
        "origin_country": [
            "US"
        ],
        "original_language": "en",
        "original_title": "Enchanted",
        "overview": "The beautiful princess Giselle is banished by an evil queen from her magical, musical animated land and finds herself in the gritty reality of the streets of modern-day Manhattan. Shocked by this strange new environment that doesn't operate on a \"happily ever after\" basis, Giselle is now adrift in a chaotic world badly in need of enchantment. But when Giselle begins to fall in love with a charmingly flawed divorce lawyer who has come to her aid - even though she is already promised to a perfect fairy tale prince back home - she has to wonder: Can a storybook view of romance survive in the real world?",
        "popularity": 14.7897,
        "poster_path": "/8KCNzCArLlvLdQoHx6npua2VSVc.jpg",
        "production_companies": [
            {
                "id": 2,
                "logo_path": "/wdrCwmRnLFJhEoH8GSfymY85KHT.png",
                "name": "Walt Disney Pictures",
                "origin_country": "US"
            },
            {
                "id": 1894,
                "logo_path": null,
                "name": "Josephson Entertainment",
                "origin_country": "US"
            },
            {
                "id": 8908,
                "logo_path": null,
                "name": "Andalasia Productions",
                "origin_country": ""
            },
            {
                "id": 8909,
                "logo_path": null,
                "name": "Right Coast",
                "origin_country": "US"
            }
        ],
        "production_countries": [
            {
                "iso_3166_1": "US",
                "name": "United States of America"
            }
        ],
        "release_date": "2007-11-20",
        "revenue": 340487652,
        "runtime": 107,
        "spoken_languages": [
            {
                "english_name": "English",
                "iso_639_1": "en",
                "name": "English"
            }
        ],
        "status": "Released",
        "tagline": "This fairytale princess is about to meet a real Prince Charming.",
        "title": "Enchanted",
        "video": false,
        "vote_average": 6.836,
        "vote_count": 5477
    },
    "omdb": {
        "Title": "Enchanted",
        "Year": "2007",
        "Rated": "PG",
        "Released": "21 Nov 2007",
        "Runtime": "107 min",
        "Genre": "Animation, Adventure, Comedy",
        "Director": "Kevin Lima",
        "Writer": "Bill Kelly",
        "Actors": "Amy Adams, Susan Sarandon, James Marsden",
        "Plot": "A young maiden in a land called Andalasia, who is prepared to be wed, is sent away to New York City by an evil Queen, where she falls in love with a lawyer.",
        "Language": "English",
        "Country": "United States, Algeria, New Zealand",
        "Awards": "Nominated for 3 Oscars. 12 wins & 51 nominations total",
        "Poster": "https://m.media-amazon.com/images/M/MV5BMjE4NDQ2Mjc0OF5BMl5BanBnXkFtZTcwNzQ2NDE1MQ@@._V1_SX300.jpg",
        "Ratings": [
            {
                "Source": "Internet Movie Database",
                "Value": "7.1/10"
            },
            {
                "Source": "Rotten Tomatoes",
                "Value": "93%"
            },
            {
                "Source": "Metacritic",
                "Value": "75/100"
            }
        ],
        "Metascore": "75",
        "imdbRating": "7.1",
        "imdbVotes": "222,127",
        "imdbID": "tt0461770",
        "Type": "movie",
        "DVD": "N/A",
        "BoxOffice": "$127,807,262",
        "Production": "N/A",
        "Website": "N/A",
        "Response": "True"
    }
}