{
    "tmdb": {
        "adult": false,
        "backdrop_path": "/iZGiMD0p1M2AOmzKknFo5bkuz94.jpg",
        "belongs_to_collection": null,
        "budget": 50000000,
        "genres": [
            {
                "id": 80,
                "name": "Crime"
            },
            {
                "id": 18,
                "name": "Drama"
            }
        ],
        "homepage": "",
        "id": 524,
        "imdb_id": "tt0112641",
        "origin_country": [
            "US"
        ],
        "original_language": "en",
        "original_title": "Casino",
        "overview": "In early-1970s Las Vegas, Sam \"Ace\" Rothstein gets tapped by his bosses to head the Tangiers Casino. At first, he's a great success in the job, but over the years, problems with his loose-cannon enforcer Nicky Santoro, his ex-hustler wife Ginger, her con-artist ex Lester Diamond and a handful of corrupt politicians put Sam in ever-increasing danger.",
        "popularity": 20.7655,
        "poster_path": "/gziIkUSnYuj9ChCi8qOu2ZunpSC.jpg",
        "production_companies": [
            {
                "id": 33,
                "logo_path": "/3wwjVpkZtnog6lSKzWDjvw2Yi00.png",
                "name": "Universal Pictures",
                "origin_country": "US"
            },
            {
                "id": 11583,
                "logo_path": null,
                "name": "Syalis DA",
                "origin_country": ""
            },
            {
                "id": 22997,
                "logo_path": "/niPdWsCgM1HoAEnh3Z200V4nDIo.png",
                "name": "Légende Films",
                "origin_country": "FR"
            },
            {
                "id": 211783,
                "logo_path": null,
                "name": "Cappa/De Fina Productions",
                "origin_country": "US"
            }
        ],
        "production_countries": [
            {
                "iso_3166_1": "FR",
                "name": "France"
            },
            {
                "iso_3166_1": "US",
                "name": "United States of America"
            }
        ],
        "release_date": "1995-11-22",
        "revenue": 116112375,
        "runtime": 179,
        "spoken_languages": [
            {
                "english_name": "English",
                "iso_639_1": "en",
                "name": "English"
            }
        ],
        "status": "Released",
        "tagline": "No one stays at the top forever.",
        "title": "Casino",
        "video": false,
        "vote_average": 7.995,
        "vote_count": 6023
    },
    "omdb": {
        "Title": "Casino",
        "Year": "1995",
        "Rated": "R",
        "Released": "22 Nov 1995",
        "Runtime": "178 min",
        "Genre": "Crime, Drama",
        "Director": "Martin Scorsese",
        "Writer": "Nicholas Pileggi, Martin Scorsese",
        "Actors": "Robert De Niro, Sharon Stone, Joe Pesci",
        "Plot": "In Las Vegas, two best friends--a casino executive and a Mafia enforcer--compete for a gambling empire and a fast-living, fast-loving socialite.",
        "Language": "English",
        "Country": "United States, France",
        "Awards": "Nominated for 1 Oscar. 4 wins & 11 nominations total",
        "Poster": "https://m.media-amazon.com/images/M/MV5BMDRlZWZjZjYtYzY2NS00ZWVjLTkwYzAtZTA2ZDAzMGRiYmYwXkEyXkFqcGc@._V1_SX300.jpg",
        "Ratings": [
            {
                "Source": "Internet Movie Database",
                "Value": "8.2/10"
            },
            {
                "Source": "Rotten Tomatoes",
                "Value": "79%"
            },
            {
                "Source": "Metacritic",
                "Value": "73/100"
            }
        ],
        "Metascore": "73",
        "imdbRating": "8.2",
        "imdbVotes": "587,997",
        "imdbID": "tt0112641",
        "Type": "movie",
        "DVD": "N/A",
        "BoxOffice": "$42,512,375",
        "Production": "N/A",
        "Website": "N/A",
        "Response": "True"
    }
}