{
    "tmdb": {
        "adult": false,
        "backdrop_path": "/3Rfvhy1Nl6sSGJwyjb0QiZzZYlB.jpg",
        "belongs_to_collection": {
            "id": 10194,
            "name": "Toy Story Collection",
            "poster_path": "/rki5qLuwb0xnnE9seehxO9TlLhW.jpg",
            "backdrop_path": "/hApclyB9NEZEQujAVajzi5iWE4a.jpg"
        },
        "budget": 30000000,
        "genres": [
            {
                "id": 16,
                "name": "Animation"
            },
            {
                "id": 12,
                "name": "Adventure"
            },
            {
                "id": 10751,
                "name": "Family"
            },
            {
                "id": 35,
                "name": "Comedy"
            }
        ],
        "homepage": "http://toystory.disney.com/toy-story",
        "id": 862,
        "imdb_id": "tt0114709",
        "origin_country": [
            "US"
        ],
        "original_language": "en",
        "original_title": "Toy Story",
        "overview": "Led by Woody, Andy's toys live happily in his room until Andy's birthday brings Buzz Lightyear onto the scene. Afraid of losing his place in Andy's heart, Woody plots against Buzz. But when circumstances separate Buzz and Woody from their owner, the duo eventually learns to put aside their differences.",
        "popularity": 31.5614,
        "poster_path": "/uXDfjJbdP4ijW5hWSBrPrlKpxab.jpg",
        "production_companies": [
            {
                "id": 3,
                "logo_path": "/1TjvGVDMYsj6JBxOAkUHpPEwLf7.png",
                "name": "Pixar",
                "origin_country": "US"
            }
        ],
        "production_countries": [
            {
                "iso_3166_1": "US",
                "name": "United States of America"
            }
        ],
        "release_date": "1995-11-22",
        "revenue": 394436586,
        "runtime": 81,
        "spoken_languages": [
            {
                "english_name": "English",
                "iso_639_1": "en",
                "name": "English"
            }
        ],
        "status": "Released",
        "tagline": "Hang on for the comedy that goes to infinity and beyond!",
        "title": "Toy Story",
        "video": false,
        "vote_average": 7.967,
        "vote_count": 18787
    },
    "omdb": {
        "Title": "Toy Story",
        "Year": "1995",
        "Rated": "G",
        "Released": "22 Nov 1995",
        "Runtime": "81 min",
        "Genre": "Animation, Adventure, Comedy",
        "Director": "John Lasseter",
        "Writer": "John Lasseter, Pete Docter, Andrew Stanton",
        "Actors": "Tom Hanks, Tim Allen, Don Rickles",
        "Plot": "A cowboy doll is profoundly threatened and jealous when a new spaceman action figure supplants him as top toy in a boy's bedroom.",
        "Language": "English",
        "Country": "United States",
        "Awards": "Nominated for 3 Oscars. 29 wins & 24 nominations total",
        "Poster": "https://m.media-amazon.com/images/M/MV5BZTA3OWVjOWItNjE1NS00NzZiLWE1MjgtZDZhMWI1ZTlkNzYwXkEyXkFqcGc@._V1_SX300.jpg",
        "Ratings": [
            {
                "Source": "Internet Movie Database",
                "Value": "8.3/10"
            },
            {
                "Source": "Rotten Tomatoes",
                "Value": "100%"
            },
            {
                "Source": "Metacritic",
                "Value": "96/100"
            }
        ],
        "Metascore": "96",
        "imdbRating": "8.3",
        "imdbVotes": "1,118,442",
        "imdbID": "tt0114709",
        "Type": "movie",
        "DVD": "N/A",
        "BoxOffice": "$223,225,679",
        "Production": "N/A",
        "Website": "N/A",
        "Response": "True"
    }
}