{
    "tmdb": {
        "adult": false,
        "backdrop_path": "/uUJp5I4IbzuhdUiEx4R9OAoFpbz.jpg",
        "belongs_to_collection": {
            "id": 656,
            "name": "Saw Collection",
            "poster_path": "/w0zPElyuA5q2kjdfa2FdNYeS5Io.jpg",
            "backdrop_path": "/q6XF2qbrxdv3OwZPnXgecDRft1O.jpg"
        },
        "budget": 13000000,
        "genres": [
            {
                "id": 27,
                "name": "Horror"
            },
            {
                "id": 9648,
                "name": "Mystery"
            },
            {
                "id": 53,
                "name": "Thriller"
            }
        ],
        "homepage": "https://www.saw.movie",
        "id": 951491,
        "imdb_id": "tt21807222",
        "origin_country": [
            "US"
        ],
        "original_language": "en",
        "original_title": "Saw X",
        "overview": "Between the events of 'Saw' and 'Saw II', a sick and desperate John Kramer travels to Mexico for a risky and experimental medical procedure in hopes of a miracle cure for his cancer, only to discover the entire operation is a scam to defraud the most vulnerable. Armed with a newfound purpose, the infamous serial killer returns to his work, turning the tables on the con artists in his signature visceral way through devious, deranged, and ingenious traps.",
        "popularity": 15.5698,
        "poster_path": "/u7Lp1Hi8aBS73jv4KRMIv5aK4ax.jpg",
        "production_companies": [
            {
                "id": 2061,
                "logo_path": "/o9LbN33hRaj4qcebUv1bikyXeoB.png",
                "name": "Twisted Pictures",
                "origin_country": "US"
            },
            {
                "id": 1632,
                "logo_path": "/cisLn1YAUuptXVBa0xjq7ST9cH0.png",
                "name": "Lionsgate",
                "origin_country": "US"
            }
        ],
        "production_countries": [
            {
                "iso_3166_1": "US",
                "name": "United States of America"
            }
        ],
        "release_date": "2023-09-27",
        "revenue": 125319714,
        "runtime": 118,
        "spoken_languages": [
            {
                "english_name": "English",
                "iso_639_1": "en",
                "name": "English"
            },
            {
                "english_name": "Spanish",
                "iso_639_1": "es",
                "name": "Español"
            }
        ],
        "status": "Released",
        "tagline": "Witness the return of Jigsaw.",
        "title": "Saw X",
        "video": false,
        "vote_average": 7.212,
        "vote_count": 2076
    },
    "omdb": {
        "Title": "Saw X",
        "Year": "2023",
        "Rated": "R",
        "Released": "29 Sep 2023",
        "Runtime": "118 min",
        "Genre": "Horror, Mystery, Thriller",
        "Director": "Kevin Greutert",
        "Writer": "Pete Goldfinger, Josh Stolberg",
        "Actors": "Tobin Bell, Shawnee Smith, Synnøve Macody Lund",
        "Plot": "A sick and desperate John travels to Mexico for a risky and experimental medical procedure in hopes of a miracle cure for his cancer only to discover the entire operation is a scam to defraud the most vulnerable.",
        "Language": "English, Spanish",
        "Country": "United States, Mexico, Canada",
        "Awards": "1 win & 15 nominations total",
        "Poster": "https://m.media-amazon.com/images/M/MV5BODRmMzAwMWItZjI5MS00NDYyLWFjMmMtZGUwYjQ1ZTBkNmYzXkEyXkFqcGc@._V1_SX300.jpg",
        "Ratings": [
            {
                "Source": "Internet Movie Database",
                "Value": "6.6/10"
            },
            {
                "Source": "Rotten Tomatoes",
                "Value": "81%"
            },
            {
                "Source": "Metacritic",
                "Value": "60/100"
            }
        ],
        "Metascore": "60",
        "imdbRating": "6.6",
        "imdbVotes": "88,903",
        "imdbID": "tt21807222",
        "Type": "movie",
        "DVD": "N/A",
        "BoxOffice": "$53,607,898",
        "Production": "N/A",
        "Website": "N/A",
        "Response": "True"
    }
}