{
    "tmdb": {
        "adult": false,
        "backdrop_path": "/yCnJT53HMXAK87xzPAdjdYhZ3JE.jpg",
        "belongs_to_collection": null,
        "budget": 40000000,
        "genres": [
            {
                "id": 18,
                "name": "Drama"
            },
            {
                "id": 9648,
                "name": "Mystery"
            },
            {
                "id": 878,
                "name": "Science Fiction"
            }
        ],
        "homepage": "http://wwws.warnerbros.de/theprestige/",
        "id": 1124,
        "imdb_id": "tt0482571",
        "origin_country": [
            "GB",
            "US"
        ],
        "original_language": "en",
        "original_title": "The Prestige",
        "overview": "A mysterious story of two magicians whose intense rivalry leads them on a life-long battle for supremacy -- full of obsession, deceit and jealousy with dangerous and deadly consequences.",
        "popularity": 15.2664,
        "poster_path": "/bdN3gXuIZYaJP7ftKK2sU0nPtEA.jpg",
        "production_companies": [
            {
                "id": 174,
                "logo_path": "/zhD3hhtKB5qyv7ZeL4uLpNxgMVU.png",
                "name": "Warner Bros. Pictures",
                "origin_country": "US"
            },
            {
                "id": 9195,
                "logo_path": "/geK5QOBsXIPGHutKwXtYjMUyYSG.png",
                "name": "Touchstone Pictures",
                "origin_country": "US"
            },
            {
                "id": 28,
                "logo_path": "/7tRG0ZsmtptmzPMKupd1FZkjtnn.png",
                "name": "Newmarket Films",
                "origin_country": "US"
            },
            {
                "id": 9996,
                "logo_path": "/3tvBqYsBhxWeHlu62SIJ1el93O7.png",
                "name": "Syncopy",
                "origin_country": "GB"
            }
        ],
        "production_countries": [
            {
                "iso_3166_1": "GB",
                "name": "United Kingdom"
            },
            {
                "iso_3166_1": "US",
                "name": "United States of America"
            }
        ],
        "release_date": "2006-10-17",
        "revenue": 109676311,
        "runtime": 130,
        "spoken_languages": [
            {
                "english_name": "English",
                "iso_639_1": "en",
                "name": "English"
            }
        ],
        "status": "Released",
        "tagline": "Are You Watching Closely?",
        "title": "The Prestige",
        "video": false,
        "vote_average": 8.2,
        "vote_count": 16483
    },
    "omdb": {
        "Title": "The Prestige",
        "Year": "2006",
        "Rated": "PG-13",
        "Released": "20 Oct 2006",
        "Runtime": "130 min",
        "Genre": "Drama, Mystery, Sci-Fi",
        "Director": "Christopher Nolan",
        "Writer": "Jonathan Nolan, Christopher Nolan, Christopher Priest",
        "Actors": "Christian Bale, Hugh Jackman, Scarlett Johansson",
        "Plot": "Rival 19th-century magicians engage in a bitter battle for trade secrets.",
        "Language": "English",
        "Country": "United Kingdom, United States",
        "Awards": "Nominated for 2 Oscars. 6 wins & 44 nominations total",
        "Poster": "https://m.media-amazon.com/images/M/MV5BMjA4NDI0MTIxNF5BMl5BanBnXkFtZTYwNTM0MzY2._V1_SX300.jpg",
        "Ratings": [
            {
                "Source": "Internet Movie Database",
                "Value": "8.5/10"
            },
            {
                "Source": "Rotten Tomatoes",
                "Value": "77%"
            },
            {
                "Source": "Metacritic",
                "Value": "66/100"
            }
        ],
        "Metascore": "66",
        "imdbRating": "8.5",
        "imdbVotes": "1,503,268",
        "imdbID": "tt0482571",
        "Type": "movie",
        "DVD": "N/A",
        "BoxOffice": "$53,089,891",
        "Production": "N/A",
        "Website": "N/A",
        "Response": "True"
    }
}