{
    "tmdb": {
        "adult": false,
        "backdrop_path": "/zTxHf9iIOCqRbxvl8W5QYKrsMLq.jpg",
        "belongs_to_collection": {
            "id": 495527,
            "name": "Jumanji Collection",
            "poster_path": "/eSvJHVibXoj0ghzmo8f3LD3DyD7.jpg",
            "backdrop_path": "/2XDgq7CVVc6IVRPbphu58ts4gIV.jpg"
        },
        "budget": 125000000,
        "genres": [
            {
                "id": 12,
                "name": "Adventure"
            },
            {
                "id": 35,
                "name": "Comedy"
            },
            {
                "id": 14,
                "name": "Fantasy"
            }
        ],
        "homepage": "https://www.sonypictures.com/movies/jumanjithenextlevel",
        "id": 512200,
        "imdb_id": "tt7975244",
        "origin_country": [
            "US"
        ],
        "original_language": "en",
        "original_title": "Jumanji: The Next Level",
        "overview": "As the gang return to Jumanji to rescue one of their own, they discover that nothing is as they expect. The players will have to brave parts unknown and unexplored in order to escape the world’s most dangerous game.",
        "popularity": 17.4096,
        "poster_path": "/4kh9dxAiClS2GMUpkRyzGwpNWWX.jpg",
        "production_companies": [
            {
                "id": 5,
                "logo_path": "/71BqEFAF4V3qjjMPCpLuyJFB9A.png",
                "name": "Columbia Pictures",
                "origin_country": "US"
            },
            {
                "id": 73669,
                "logo_path": "/pZ1sOLrUxvCvW1jODdCFgU6RxUA.png",
                "name": "Seven Bucks Productions",
                "origin_country": "US"
            },
            {
                "id": 53462,
                "logo_path": "/nx8B3Phlcse02w86RW4CJqzCnfL.png",
                "name": "Matt Tolmach Productions",
                "origin_country": "US"
            },
            {
                "id": 92693,
                "logo_path": "/rMKRo8kFoJKxZr0MFEVRoZ8b54E.png",
                "name": "The Detective Agency",
                "origin_country": "US"
            }
        ],
        "production_countries": [
            {
                "iso_3166_1": "US",
                "name": "United States of America"
            }
        ],
        "release_date": "2019-12-04",
        "revenue": 801693929,
        "runtime": 123,
        "spoken_languages": [
            {
                "english_name": "English",
                "iso_639_1": "en",
                "name": "English"
            }
        ],
        "status": "Released",
        "tagline": "Everything will change.",
        "title": "Jumanji: The Next Level",
        "video": false,
        "vote_average": 6.895,
        "vote_count": 8862
    },
    "omdb": {
        "Title": "Jumanji: The Next Level",
        "Year": "2019",
        "Rated": "PG-13",
        "Released": "13 Dec 2019",
        "Runtime": "123 min",
        "Genre": "Action, Adventure, Comedy",
        "Director": "Jake Kasdan",
        "Writer": "Jake Kasdan, Jeff Pinkner, Scott Rosenberg",
        "Actors": "Dwayne Johnson, Jack Black, Kevin Hart",
        "Plot": "In Jumanji: The Next Level, the gang is back but the game has changed. As they return to rescue one of their own, the players will have to brave parts unknown from arid deserts to snowy mountains, to escape the world's most danger...",
        "Language": "English",
        "Country": "United States, India, Australia, New Zealand, Thailand, Canada, South Korea, China, Netherlands",
        "Awards": "2 wins & 10 nominations total",
        "Poster": "https://m.media-amazon.com/images/M/MV5BYWFjODExZWEtYzIwYS00M2YwLTk4YTktNDQ5ZmVmOThiNmI1XkEyXkFqcGc@._V1_SX300.jpg",
        "Ratings": [
            {
                "Source": "Internet Movie Database",
                "Value": "6.6/10"
            },
            {
                "Source": "Rotten Tomatoes",
                "Value": "72%"
            },
            {
                "Source": "Metacritic",
                "Value": "58/100"
            }
        ],
        "Metascore": "58",
        "imdbRating": "6.6",
        "imdbVotes": "302,010",
        "imdbID": "tt7975244",
        "Type": "movie",
        "DVD": "N/A",
        "BoxOffice": "$320,314,960",
        "Production": "N/A",
        "Website": "N/A",
        "Response": "True"
    }
}