{
    "tmdb": {
        "adult": false,
        "backdrop_path": "/lRbDyjI7HEaXxflFQbYpqHRGFBJ.jpg",
        "belongs_to_collection": {
            "id": 735384,
            "name": "Hercule Poirot (Kenneth Branagh) Collection",
            "poster_path": "/3FWaxwZgpLDFIDm1HDyT7jeGsEU.jpg",
            "backdrop_path": "/rI27nF0juWNs3vwhQ8p2qUwE88F.jpg"
        },
        "budget": 90000000,
        "genres": [
            {
                "id": 9648,
                "name": "Mystery"
            },
            {
                "id": 80,
                "name": "Crime"
            },
            {
                "id": 53,
                "name": "Thriller"
            }
        ],
        "homepage": "https://www.20thcenturystudios.com/movies/death-on-the-nile",
        "id": 505026,
        "imdb_id": "tt7657566",
        "origin_country": [
            "US"
        ],
        "original_language": "en",
        "original_title": "Death on the Nile",
        "overview": "Belgian sleuth Hercule Poirot's Egyptian vacation aboard a glamorous river steamer turns into a terrifying search for a murderer when a picture-perfect couple's idyllic honeymoon is tragically cut short.",
        "popularity": 14.7164,
        "poster_path": "/kVr5zIAFSPRQ57Y1zE7KzmhzdMQ.jpg",
        "production_companies": [
            {
                "id": 1557,
                "logo_path": "/ccz9bqCu3jSFKbPFnfWmjAKZLBL.png",
                "name": "The Mark Gordon Company",
                "origin_country": "US"
            },
            {
                "id": 28788,
                "logo_path": "/Aqomtf9oh5dKtxBNEagkdlp3aGv.png",
                "name": "Genre Films",
                "origin_country": "US"
            },
            {
                "id": 127928,
                "logo_path": "/h0rjX5vjW5r8yEnUBStFarjcLT4.png",
                "name": "20th Century Studios",
                "origin_country": "US"
            },
            {
                "id": 221347,
                "logo_path": "/6Ry6uNBaa0IbbSs1XYIgX5DkA9r.png",
                "name": "Scott Free Productions",
                "origin_country": "US"
            }
        ],
        "production_countries": [
            {
                "iso_3166_1": "US",
                "name": "United States of America"
            }
        ],
        "release_date": "2022-02-09",
        "revenue": 137307235,
        "runtime": 127,
        "spoken_languages": [
            {
                "english_name": "English",
                "iso_639_1": "en",
                "name": "English"
            },
            {
                "english_name": "French",
                "iso_639_1": "fr",
                "name": "Français"
            }
        ],
        "status": "Released",
        "tagline": "Murder was just the beginning.",
        "title": "Death on the Nile",
        "video": false,
        "vote_average": 6.429,
        "vote_count": 3823
    },
    "omdb": {
        "Title": "Death on the Nile",
        "Year": "2022",
        "Rated": "PG-13",
        "Released": "11 Feb 2022",
        "Runtime": "127 min",
        "Genre": "Crime, Drama, Mystery",
        "Director": "Kenneth Branagh",
        "Writer": "Michael Green, Agatha Christie",
        "Actors": "Tom Bateman, Annette Bening, Kenneth Branagh",
        "Plot": "While on vacation on the Nile, Hercule Poirot must investigate the murder of a young heiress.",
        "Language": "English, French, German",
        "Country": "United States",
        "Awards": "1 win & 9 nominations total",
        "Poster": "https://m.media-amazon.com/images/M/MV5BYjBkMTRkMmUtNGQ5Ni00YjkwLThhMmMtZjI1M2U2NzRhNjkwXkEyXkFqcGc@._V1_SX300.jpg",
        "Ratings": [
            {
                "Source": "Internet Movie Database",
                "Value": "6.3/10"
            },
            {
                "Source": "Rotten Tomatoes",
                "Value": "62%"
            },
            {
                "Source": "Metacritic",
                "Value": "52/100"
            }
        ],
        "Metascore": "52",
        "imdbRating": "6.3",
        "imdbVotes": "200,751",
        "imdbID": "tt7657566",
        "Type": "movie",
        "DVD": "N/A",
        "BoxOffice": "$45,630,104",
        "Production": "N/A",
        "Website": "N/A",
        "Response": "True"
    }
}