{
    "tmdb": {
        "adult": false,
        "backdrop_path": "/AuV99eQivVWuk2AOSM6hYh9QRPQ.jpg",
        "belongs_to_collection": {
            "id": 420,
            "name": "The Chronicles of Narnia Collection",
            "poster_path": "/sh6Kn8VBfXotJ6qsvJkdfscxXKR.jpg",
            "backdrop_path": "/ojjzZUQlqKTsN1T7s5OAVZSjYMH.jpg"
        },
        "budget": 180000000,
        "genres": [
            {
                "id": 12,
                "name": "Adventure"
            },
            {
                "id": 10751,
                "name": "Family"
            },
            {
                "id": 14,
                "name": "Fantasy"
            }
        ],
        "homepage": "",
        "id": 411,
        "imdb_id": "tt0363771",
        "origin_country": [
            "GB",
            "US"
        ],
        "original_language": "en",
        "original_title": "The Chronicles of Narnia: The Lion, the Witch and the Wardrobe",
        "overview": "Siblings Lucy, Edmund, Susan and Peter step through a magical wardrobe and find the land of Narnia. There, they discover a charming, once peaceful kingdom that has been plunged into eternal winter by the evil White Witch, Jadis. Aided by the wise and magnificent lion, Aslan, the children lead Narnia into a spectacular, climactic battle to be free of the Witch's glacial powers forever.",
        "popularity": 40.8784,
        "poster_path": "/iREd0rNCjYdf5Ar0vfaW32yrkm.jpg",
        "production_companies": [
            {
                "id": 2,
                "logo_path": "/wdrCwmRnLFJhEoH8GSfymY85KHT.png",
                "name": "Walt Disney Pictures",
                "origin_country": "US"
            },
            {
                "id": 10221,
                "logo_path": "/99VfWRgKasZoyK9UVB39gnYvFrZ.png",
                "name": "Walden Media",
                "origin_country": "US"
            },
            {
                "id": 79503,
                "logo_path": null,
                "name": "C.S. Lewis Company",
                "origin_country": "GB"
            }
        ],
        "production_countries": [
            {
                "iso_3166_1": "GB",
                "name": "United Kingdom"
            },
            {
                "iso_3166_1": "US",
                "name": "United States of America"
            }
        ],
        "release_date": "2005-12-07",
        "revenue": 745013115,
        "runtime": 143,
        "spoken_languages": [
            {
                "english_name": "English",
                "iso_639_1": "en",
                "name": "English"
            },
            {
                "english_name": "German",
                "iso_639_1": "de",
                "name": "Deutsch"
            }
        ],
        "status": "Released",
        "tagline": "The beloved masterpiece comes to life.",
        "title": "The Chronicles of Narnia: The Lion, the Witch and the Wardrobe",
        "video": false,
        "vote_average": 7.134,
        "vote_count": 10894
    },
    "omdb": {
        "Title": "The Chronicles of Narnia: The Lion, the Witch and the Wardrobe",
        "Year": "2005",
        "Rated": "PG",
        "Released": "09 Dec 2005",
        "Runtime": "143 min",
        "Genre": "Adventure, Family, Fantasy",
        "Director": "Andrew Adamson",
        "Writer": "Ann Peacock, Andrew Adamson, Christopher Markus",
        "Actors": "Tilda Swinton, Georgie Henley, William Moseley",
        "Plot": "While playing, Lucy and her siblings find a wardrobe that lands them in a mystical place called Narnia. Here they realize that it was fated and they must now unite with Aslan to defeat an evil queen.",
        "Language": "English, German, Brazilian Sign ",
        "Country": "United Kingdom, United States",
        "Awards": "Won 1 Oscar. 18 wins & 46 nominations total",
        "Poster": "https://m.media-amazon.com/images/M/MV5BMTc0NTUwMTU5OV5BMl5BanBnXkFtZTcwNjAwNzQzMw@@._V1_SX300.jpg",
        "Ratings": [
            {
                "Source": "Internet Movie Database",
                "Value": "6.9/10"
            },
            {
                "Source": "Rotten Tomatoes",
                "Value": "75%"
            },
            {
                "Source": "Metacritic",
                "Value": "75/100"
            }
        ],
        "Metascore": "75",
        "imdbRating": "6.9",
        "imdbVotes": "442,671",
        "imdbID": "tt0363771",
        "Type": "movie",
        "DVD": "N/A",
        "BoxOffice": "$291,710,957",
        "Production": "N/A",
        "Website": "N/A",
        "Response": "True"
    }
}