{
    "tmdb": {
        "adult": false,
        "backdrop_path": "/hd1TvTUGjkoYoqvXYfSBpI5Ri9B.jpg",
        "belongs_to_collection": {
            "id": 1189668,
            "name": "My Hero Academia Collection",
            "poster_path": "/xTlc93PezcZHMcvmAtPL3cyX0yE.jpg",
            "backdrop_path": "/ycLH9wpQw3vBHr7glNCvppQiLIf.jpg"
        },
        "budget": 0,
        "genres": [
            {
                "id": 16,
                "name": "Animation"
            },
            {
                "id": 28,
                "name": "Action"
            },
            {
                "id": 12,
                "name": "Adventure"
            },
            {
                "id": 878,
                "name": "Science Fiction"
            }
        ],
        "homepage": "",
        "id": 1159311,
        "imdb_id": "tt32176689",
        "origin_country": [
            "JP"
        ],
        "original_language": "ja",
        "original_title": "僕のヒーローアカデミア THE MOVIE ユアネクスト",
        "overview": "In a society devastated by the effects of an all-out war between heroes and villains, a mysterious giant fortress suddenly appears, engulfing towns and people one after another. Then, a man reminiscent of All Might, the 'symbol of peace', stands in front of Izuku and his friends...",
        "popularity": 19.769,
        "poster_path": "/8rdB1wkheEMMqcY8qLAKjCMPcnZ.jpg",
        "production_companies": [
            {
                "id": 2849,
                "logo_path": "/cN3JNIKawjOMtfk0GBVIbsx69bg.png",
                "name": "BONES",
                "origin_country": "JP"
            },
            {
                "id": 882,
                "logo_path": "/fRSWWjquvzcHjACbtF53utZFIll.png",
                "name": "TOHO",
                "origin_country": "JP"
            },
            {
                "id": 11727,
                "logo_path": "/cIMyE9cw1W4kMFGxmC17HKTnVz9.png",
                "name": "Yomiuri Telecasting Corporation",
                "origin_country": "JP"
            },
            {
                "id": 2918,
                "logo_path": "/gyEWUBWwqrm3H5T2hkERD9LxpOq.png",
                "name": "Shueisha",
                "origin_country": "JP"
            },
            {
                "id": 6755,
                "logo_path": "/c0ENH8QeZLvCACpzCpwvYMy2SDr.png",
                "name": "Nippon Television Network Corporation",
                "origin_country": "JP"
            },
            {
                "id": 1778,
                "logo_path": "/b5rT6VbYza3LyfltCmz1OcqzWJM.png",
                "name": "dentsu",
                "origin_country": "JP"
            },
            {
                "id": 648,
                "logo_path": "/s811As3dkcqSgl4nEWEVYfJVVxh.png",
                "name": "Sony Music Entertainment",
                "origin_country": "JP"
            },
            {
                "id": 3466,
                "logo_path": "/lmCg0zarmM52wrmsZRUY0QlPKLh.png",
                "name": "movic",
                "origin_country": "JP"
            }
        ],
        "production_countries": [
            {
                "iso_3166_1": "JP",
                "name": "Japan"
            }
        ],
        "release_date": "2024-08-02",
        "revenue": 32224616,
        "runtime": 110,
        "spoken_languages": [
            {
                "english_name": "Japanese",
                "iso_639_1": "ja",
                "name": "日本語"
            }
        ],
        "status": "Released",
        "tagline": "Next up is you.",
        "title": "My Hero Academia: You're Next",
        "video": false,
        "vote_average": 6.8,
        "vote_count": 115
    },
    "omdb": {
        "Title": "My Hero Academia: You're Next",
        "Year": "2024",
        "Rated": "PG-13",
        "Released": "11 Oct 2024",
        "Runtime": "110 min",
        "Genre": "Animation, Action, Adventure",
        "Director": "Tensai Okamura",
        "Writer": "Yôsuke Kuroda, Kôhei Horikoshi",
        "Actors": "Van Barr Jr., Nasim Benelkour, Kimmie Britt",
        "Plot": "Deku, Bakugo, Todoroki and the rest of U.A. High Class 1-A must face off against Dark Might and the obscure crime organisation under his control, the Gollini Family.",
        "Language": "Japanese",
        "Country": "Japan",
        "Awards": "N/A",
        "Poster": "https://m.media-amazon.com/images/M/MV5BNGVmZDJhNjItYzdlOC00ODA2LWFkYjctY2NmMzNiZTQ2NTVjXkEyXkFqcGc@._V1_SX300.jpg",
        "Ratings": [
            {
                "Source": "Internet Movie Database",
                "Value": "7.0/10"
            },
            {
                "Source": "Rotten Tomatoes",
                "Value": "94%"
            }
        ],
        "Metascore": "N/A",
        "imdbRating": "7.0",
        "imdbVotes": "1,885",
        "imdbID": "tt32176689",
        "Type": "movie",
        "DVD": "N/A",
        "BoxOffice": "$5,041,781",
        "Production": "N/A",
        "Website": "N/A",
        "Response": "True"
    }
}