{
    "tmdb": {
        "adult": false,
        "backdrop_path": "/zo8CIjJ2nfNOevqNajwMRO6Hwka.jpg",
        "belongs_to_collection": {
            "id": 1241984,
            "name": "Moana Collection",
            "poster_path": "/wuU5y8Jd5GWVcf71uv1nyoNkgwR.jpg",
            "backdrop_path": "/4OgaftFNqtE1UvfDDb2Eov7A5Rz.jpg"
        },
        "budget": 150000000,
        "genres": [
            {
                "id": 16,
                "name": "Animation"
            },
            {
                "id": 12,
                "name": "Adventure"
            },
            {
                "id": 10751,
                "name": "Family"
            },
            {
                "id": 35,
                "name": "Comedy"
            }
        ],
        "homepage": "https://movies.disney.com/moana-2",
        "id": 1241982,
        "imdb_id": "tt13622970",
        "origin_country": [
            "US"
        ],
        "original_language": "en",
        "original_title": "Moana 2",
        "overview": "After receiving an unexpected call from her wayfinding ancestors, Moana journeys alongside Maui and a new crew to the far seas of Oceania and into dangerous, long-lost waters for an adventure unlike anything she's ever faced.",
        "popularity": 128.9403,
        "poster_path": "/aLVkiINlIeCkcZIzb7XHzPYgO6L.jpg",
        "production_companies": [
            {
                "id": 2,
                "logo_path": "/wdrCwmRnLFJhEoH8GSfymY85KHT.png",
                "name": "Walt Disney Pictures",
                "origin_country": "US"
            },
            {
                "id": 6125,
                "logo_path": "/tzsMJBJZINu7GHzrpYzpReWhh66.png",
                "name": "Walt Disney Animation Studios",
                "origin_country": "US"
            },
            {
                "id": 158526,
                "logo_path": "/tzsMJBJZINu7GHzrpYzpReWhh66.png",
                "name": "Walt Disney Animation Studios",
                "origin_country": "CA"
            }
        ],
        "production_countries": [
            {
                "iso_3166_1": "CA",
                "name": "Canada"
            },
            {
                "iso_3166_1": "US",
                "name": "United States of America"
            }
        ],
        "release_date": "2024-11-21",
        "revenue": 1059544057,
        "runtime": 99,
        "spoken_languages": [
            {
                "english_name": "English",
                "iso_639_1": "en",
                "name": "English"
            }
        ],
        "status": "Released",
        "tagline": "The ocean is calling them back.",
        "title": "Moana 2",
        "video": false,
        "vote_average": 7.076,
        "vote_count": 2298
    },
    "omdb": {
        "Title": "Moana 2",
        "Year": "2024",
        "Rated": "PG",
        "Released": "27 Nov 2024",
        "Runtime": "100 min",
        "Genre": "Animation, Adventure, Comedy",
        "Director": "David G. Derrick Jr., Jason Hand, Dana Ledoux Miller",
        "Writer": "Jared Bush, Dana Ledoux Miller, Bek Smith",
        "Actors": "Auli'i Cravalho, Dwayne Johnson, Hualalai Chung",
        "Plot": "After receiving an unexpected call from her wayfinding ancestors, Moana must journey to the far seas of Oceania and into dangerous, long-lost waters for an adventure unlike anything she's ever faced.",
        "Language": "English, Samoan",
        "Country": "United States, Canada",
        "Awards": "2 wins & 25 nominations total",
        "Poster": "https://m.media-amazon.com/images/M/MV5BZDUxNThhYTUtYjgxNy00MGQ4LTgzOTEtZjg1YTU5NTcwNThlXkEyXkFqcGc@._V1_SX300.jpg",
        "Ratings": [
            {
                "Source": "Internet Movie Database",
                "Value": "6.7/10"
            },
            {
                "Source": "Rotten Tomatoes",
                "Value": "61%"
            },
            {
                "Source": "Metacritic",
                "Value": "58/100"
            }
        ],
        "Metascore": "58",
        "imdbRating": "6.7",
        "imdbVotes": "88,419",
        "imdbID": "tt13622970",
        "Type": "movie",
        "DVD": "N/A",
        "BoxOffice": "$460,308,256",
        "Production": "N/A",
        "Website": "N/A",
        "Response": "True"
    }
}