{
    "tmdb": {
        "adult": false,
        "backdrop_path": "/9BBTo63ANSmhC4e6r62OJFuK2GL.jpg",
        "belongs_to_collection": {
            "id": 86311,
            "name": "The Avengers Collection",
            "poster_path": "/yFSIUVTCvgYrpalUktulvk3Gi5Y.jpg",
            "backdrop_path": "/zuW6fOiusv4X9nnW3paHGfXcSll.jpg"
        },
        "budget": 220000000,
        "genres": [
            {
                "id": 878,
                "name": "Science Fiction"
            },
            {
                "id": 28,
                "name": "Action"
            },
            {
                "id": 12,
                "name": "Adventure"
            }
        ],
        "homepage": "https://www.marvel.com/movies/the-avengers",
        "id": 24428,
        "imdb_id": "tt0848228",
        "origin_country": [
            "US"
        ],
        "original_language": "en",
        "original_title": "The Avengers",
        "overview": "When an unexpected enemy emerges and threatens global safety and security, Nick Fury, director of the international peacekeeping agency known as S.H.I.E.L.D., finds himself in need of a team to pull the world back from the brink of disaster. Spanning the globe, a daring recruitment effort begins!",
        "popularity": 31.5518,
        "poster_path": "/RYMX2wcKCBAr24UyPD7xwmjaTn.jpg",
        "production_companies": [
            {
                "id": 420,
                "logo_path": "/hUzeosd33nzE5MCNsZxCGEKTXaQ.png",
                "name": "Marvel Studios",
                "origin_country": "US"
            }
        ],
        "production_countries": [
            {
                "iso_3166_1": "US",
                "name": "United States of America"
            }
        ],
        "release_date": "2012-04-25",
        "revenue": 1518815515,
        "runtime": 143,
        "spoken_languages": [
            {
                "english_name": "English",
                "iso_639_1": "en",
                "name": "English"
            },
            {
                "english_name": "Hindi",
                "iso_639_1": "hi",
                "name": "हिन्दी"
            },
            {
                "english_name": "Russian",
                "iso_639_1": "ru",
                "name": "Pусский"
            }
        ],
        "status": "Released",
        "tagline": "Some assembly required.",
        "title": "The Avengers",
        "video": false,
        "vote_average": 7.742,
        "vote_count": 31679
    },
    "omdb": {
        "Title": "The Avengers",
        "Year": "2012",
        "Rated": "PG-13",
        "Released": "04 May 2012",
        "Runtime": "143 min",
        "Genre": "Action, Sci-Fi",
        "Director": "Joss Whedon",
        "Writer": "Joss Whedon, Zak Penn",
        "Actors": "Robert Downey Jr., Chris Evans, Scarlett Johansson",
        "Plot": "Earth's mightiest heroes must come together and learn to fight as a team if they are going to stop the mischievous Loki and his alien army from enslaving humanity.",
        "Language": "English, Russian",
        "Country": "United States",
        "Awards": "Nominated for 1 Oscar. 39 wins & 81 nominations total",
        "Poster": "https://m.media-amazon.com/images/M/MV5BNGE0YTVjNzUtNzJjOS00NGNlLTgxMzctZTY4YTE1Y2Y1ZTU4XkEyXkFqcGc@._V1_SX300.jpg",
        "Ratings": [
            {
                "Source": "Internet Movie Database",
                "Value": "8.0/10"
            },
            {
                "Source": "Rotten Tomatoes",
                "Value": "91%"
            },
            {
                "Source": "Metacritic",
                "Value": "69/100"
            }
        ],
        "Metascore": "69",
        "imdbRating": "8.0",
        "imdbVotes": "1,500,024",
        "imdbID": "tt0848228",
        "Type": "movie",
        "DVD": "N/A",
        "BoxOffice": "$623,357,910",
        "Production": "N/A",
        "Website": "N/A",
        "Response": "True"
    }
}