{
    "tmdb": {
        "adult": false,
        "backdrop_path": "/bfw9ZTjH4d9BYy19sp6D77Tb1C1.jpg",
        "belongs_to_collection": {
            "id": 1262937,
            "name": "Sisu Collection",
            "poster_path": null,
            "backdrop_path": null
        },
        "budget": 6200000,
        "genres": [
            {
                "id": 28,
                "name": "Action"
            },
            {
                "id": 10752,
                "name": "War"
            }
        ],
        "homepage": "",
        "id": 840326,
        "imdb_id": "tt14846026",
        "origin_country": [
            "FI"
        ],
        "original_language": "fi",
        "original_title": "Sisu",
        "overview": "When an ex-soldier who discovers gold in the Lapland wilderness tries to take the loot into the city, German soldiers led by a brutal SS officer battle him.",
        "popularity": 13.8147,
        "poster_path": "/ygO9lowFMXWymATCrhoQXd6gCEh.jpg",
        "production_companies": [
            {
                "id": 62408,
                "logo_path": null,
                "name": "Subzero Film Entertainment",
                "origin_country": "FI"
            },
            {
                "id": 182028,
                "logo_path": "/mTsDayzbpU8eXyO99NfBOXP6C2U.png",
                "name": "Good Chaos",
                "origin_country": "GB"
            },
            {
                "id": 11341,
                "logo_path": "/xytTBODEy3p20ksHL4Ftxr483Iv.png",
                "name": "Stage 6 Films",
                "origin_country": "US"
            }
        ],
        "production_countries": [
            {
                "iso_3166_1": "FI",
                "name": "Finland"
            },
            {
                "iso_3166_1": "GB",
                "name": "United Kingdom"
            },
            {
                "iso_3166_1": "US",
                "name": "United States of America"
            }
        ],
        "release_date": "2022-09-09",
        "revenue": 13000000,
        "runtime": 91,
        "spoken_languages": [
            {
                "english_name": "English",
                "iso_639_1": "en",
                "name": "English"
            },
            {
                "english_name": "Finnish",
                "iso_639_1": "fi",
                "name": "suomi"
            }
        ],
        "status": "Released",
        "tagline": "Vengeance is golden.",
        "title": "Sisu",
        "video": false,
        "vote_average": 7.406,
        "vote_count": 2323
    },
    "omdb": {
        "Title": "Sisu",
        "Year": "2022",
        "Rated": "R",
        "Released": "28 Apr 2023",
        "Runtime": "91 min",
        "Genre": "Action, War",
        "Director": "Jalmari Helander",
        "Writer": "Jalmari Helander",
        "Actors": "Jorma Tommila, Aksel Hennie, Jack Doolan",
        "Plot": "When an ex-soldier who discovers gold in the Lapland wilderness tries to take the loot into the city, German soldiers led by a brutal SS officer battle him.",
        "Language": "English, Finnish",
        "Country": "Finland, United Kingdom, United States",
        "Awards": "10 wins & 10 nominations total",
        "Poster": "https://m.media-amazon.com/images/M/MV5BYjAxN2RmYjktMDE2OS00MWM5LThlZTQtZDY4YzAxMWQyZWY4XkEyXkFqcGc@._V1_SX300.jpg",
        "Ratings": [
            {
                "Source": "Internet Movie Database",
                "Value": "6.9/10"
            },
            {
                "Source": "Rotten Tomatoes",
                "Value": "94%"
            },
            {
                "Source": "Metacritic",
                "Value": "70/100"
            }
        ],
        "Metascore": "70",
        "imdbRating": "6.9",
        "imdbVotes": "91,578",
        "imdbID": "tt14846026",
        "Type": "movie",
        "DVD": "N/A",
        "BoxOffice": "$7,265,622",
        "Production": "N/A",
        "Website": "N/A",
        "Response": "True"
    }
}