{
    "tmdb": {
        "adult": false,
        "backdrop_path": "/hZkgoQYus5vegHoetLkCJzb17zJ.jpg",
        "belongs_to_collection": null,
        "budget": 63000000,
        "genres": [
            {
                "id": 18,
                "name": "Drama"
            }
        ],
        "homepage": "http://www.foxmovies.com/movies/fight-club",
        "id": 550,
        "imdb_id": "tt0137523",
        "origin_country": [
            "US"
        ],
        "original_language": "en",
        "original_title": "Fight Club",
        "overview": "A ticking-time-bomb insomniac and a slippery soap salesman channel primal male aggression into a shocking new form of therapy. Their concept catches on, with underground \"fight clubs\" forming in every town, until an eccentric gets in the way and ignites an out-of-control spiral toward oblivion.",
        "popularity": 33.0986,
        "poster_path": "/pB8BM7pdSp6B6Ih7QZ4DrQ3PmJK.jpg",
        "production_companies": [
            {
                "id": 711,
                "logo_path": "/tEiIH5QesdheJmDAqQwvtN60727.png",
                "name": "Fox 2000 Pictures",
                "origin_country": "US"
            },
            {
                "id": 508,
                "logo_path": "/7cxRWzi4LsVm4Utfpr1hfARNurT.png",
                "name": "Regency Enterprises",
                "origin_country": "US"
            },
            {
                "id": 4700,
                "logo_path": "/A32wmjrs9Psf4zw0uaixF0GXfxq.png",
                "name": "Linson Entertainment",
                "origin_country": "US"
            },
            {
                "id": 25,
                "logo_path": "/qZCc1lty5FzX30aOCVRBLzaVmcp.png",
                "name": "20th Century Fox",
                "origin_country": "US"
            },
            {
                "id": 20555,
                "logo_path": "/hD8yEGUBlHOcfHYbujp71vD8gZp.png",
                "name": "Taurus Film",
                "origin_country": "DE"
            }
        ],
        "production_countries": [
            {
                "iso_3166_1": "DE",
                "name": "Germany"
            },
            {
                "iso_3166_1": "US",
                "name": "United States of America"
            }
        ],
        "release_date": "1999-10-15",
        "revenue": 100853753,
        "runtime": 139,
        "spoken_languages": [
            {
                "english_name": "English",
                "iso_639_1": "en",
                "name": "English"
            }
        ],
        "status": "Released",
        "tagline": "Mischief. Mayhem. Soap.",
        "title": "Fight Club",
        "video": false,
        "vote_average": 8.439,
        "vote_count": 30204
    },
    "omdb": {
        "Title": "Fight Club",
        "Year": "1999",
        "Rated": "R",
        "Released": "15 Oct 1999",
        "Runtime": "139 min",
        "Genre": "Crime, Drama, Thriller",
        "Director": "David Fincher",
        "Writer": "Chuck Palahniuk, Jim Uhls",
        "Actors": "Brad Pitt, Edward Norton, Meat Loaf",
        "Plot": "An insomniac office worker and a devil-may-care soap maker form an underground fight club that evolves into much more.",
        "Language": "English",
        "Country": "Germany, United States",
        "Awards": "Nominated for 1 Oscar. 12 wins & 38 nominations total",
        "Poster": "https://m.media-amazon.com/images/M/MV5BOTgyOGQ1NDItNGU3Ny00MjU3LTg2YWEtNmEyYjBiMjI1Y2M5XkEyXkFqcGc@._V1_SX300.jpg",
        "Ratings": [
            {
                "Source": "Internet Movie Database",
                "Value": "8.8/10"
            },
            {
                "Source": "Rotten Tomatoes",
                "Value": "81%"
            },
            {
                "Source": "Metacritic",
                "Value": "67/100"
            }
        ],
        "Metascore": "67",
        "imdbRating": "8.8",
        "imdbVotes": "2,456,010",
        "imdbID": "tt0137523",
        "Type": "movie",
        "DVD": "N/A",
        "BoxOffice": "$37,030,102",
        "Production": "N/A",
        "Website": "N/A",
        "Response": "True"
    }
}