{
    "tmdb": {
        "adult": false,
        "backdrop_path": "/nH6hPhJq3EEv9CnBZgXU3IQnpJo.jpg",
        "belongs_to_collection": null,
        "budget": 132000000,
        "genres": [
            {
                "id": 12,
                "name": "Adventure"
            },
            {
                "id": 53,
                "name": "Thriller"
            },
            {
                "id": 878,
                "name": "Science Fiction"
            }
        ],
        "homepage": "https://amblin.com/movie/war-of-the-worlds/",
        "id": 74,
        "imdb_id": "tt0407304",
        "origin_country": [
            "US"
        ],
        "original_language": "en",
        "original_title": "War of the Worlds",
        "overview": "Ray Ferrier is a divorced dockworker and less-than-perfect father. Soon after his ex-wife and her new husband drop off his teenage son and young daughter for a rare weekend visit, a strange and powerful lightning storm touches down.",
        "popularity": 22.9728,
        "poster_path": "/oZmJ6hD2dc6zLCIPgw8onPMo0QC.jpg",
        "production_companies": [
            {
                "id": 4,
                "logo_path": "/gz66EfNoYPqHTYI4q9UEN4CbHRc.png",
                "name": "Paramount Pictures",
                "origin_country": "US"
            },
            {
                "id": 7,
                "logo_path": "/vru2SssLX3FPhnKZGtYw00pVIS9.png",
                "name": "DreamWorks Pictures",
                "origin_country": "US"
            },
            {
                "id": 56,
                "logo_path": "/cEaxANEisCqeEoRvODv2dO1I0iI.png",
                "name": "Amblin Entertainment",
                "origin_country": "US"
            },
            {
                "id": 44,
                "logo_path": "/6Hs6K20Hz1W9W1Tiam5QN2Kpx8V.png",
                "name": "Cruise/Wagner Productions",
                "origin_country": "US"
            }
        ],
        "production_countries": [
            {
                "iso_3166_1": "US",
                "name": "United States of America"
            }
        ],
        "release_date": "2005-06-13",
        "revenue": 603873119,
        "runtime": 117,
        "spoken_languages": [
            {
                "english_name": "English",
                "iso_639_1": "en",
                "name": "English"
            }
        ],
        "status": "Released",
        "tagline": "They're already here.",
        "title": "War of the Worlds",
        "video": false,
        "vote_average": 6.5,
        "vote_count": 8564
    },
    "omdb": {
        "Title": "War of the Worlds",
        "Year": "2005",
        "Rated": "PG-13",
        "Released": "29 Jun 2005",
        "Runtime": "117 min",
        "Genre": "Action, Adventure, Sci-Fi",
        "Director": "Steven Spielberg",
        "Writer": "Josh Friedman, David Koepp, H.G. Wells",
        "Actors": "Tom Cruise, Dakota Fanning, Tim Robbins",
        "Plot": "An alien invasion threatens the future of humanity. The catastrophic nightmare is depicted through the eyes of one American family fighting for survival.",
        "Language": "English",
        "Country": "United States",
        "Awards": "Nominated for 3 Oscars. 16 wins & 49 nominations total",
        "Poster": "https://m.media-amazon.com/images/M/MV5BNDUyODAzNDI1Nl5BMl5BanBnXkFtZTcwMDA2NDAzMw@@._V1_SX300.jpg",
        "Ratings": [
            {
                "Source": "Internet Movie Database",
                "Value": "6.5/10"
            },
            {
                "Source": "Rotten Tomatoes",
                "Value": "76%"
            },
            {
                "Source": "Metacritic",
                "Value": "73/100"
            }
        ],
        "Metascore": "73",
        "imdbRating": "6.5",
        "imdbVotes": "486,391",
        "imdbID": "tt0407304",
        "Type": "movie",
        "DVD": "N/A",
        "BoxOffice": "$234,280,354",
        "Production": "N/A",
        "Website": "N/A",
        "Response": "True"
    }
}