{
    "tmdb": {
        "adult": false,
        "backdrop_path": "/vL5LR6WdxWPjLPFRLe133jXWsh5.jpg",
        "belongs_to_collection": {
            "id": 87096,
            "name": "Avatar Collection",
            "poster_path": "/3C5brXxnBxfkeKWwA1Fh4xvy4wr.jpg",
            "backdrop_path": "/gxnvX9kF7RRUQYvB52dMLPgeJkt.jpg"
        },
        "budget": 237000000,
        "genres": [
            {
                "id": 28,
                "name": "Action"
            },
            {
                "id": 12,
                "name": "Adventure"
            },
            {
                "id": 14,
                "name": "Fantasy"
            },
            {
                "id": 878,
                "name": "Science Fiction"
            }
        ],
        "homepage": "https://www.avatar.com/movies/avatar",
        "id": 19995,
        "imdb_id": "tt0499549",
        "origin_country": [
            "US"
        ],
        "original_language": "en",
        "original_title": "Avatar",
        "overview": "In the 22nd century, a paraplegic Marine is dispatched to the moon Pandora on a unique mission, but becomes torn between following orders and protecting an alien civilization.",
        "popularity": 22.8871,
        "poster_path": "/kyeqWdyUXW608qlYkRqosgbbJyK.jpg",
        "production_companies": [
            {
                "id": 444,
                "logo_path": null,
                "name": "Dune Entertainment",
                "origin_country": "US"
            },
            {
                "id": 574,
                "logo_path": "/nLNW1TeFUYU0M5U0qmYUzOIwlB6.png",
                "name": "Lightstorm Entertainment",
                "origin_country": "US"
            },
            {
                "id": 25,
                "logo_path": "/qZCc1lty5FzX30aOCVRBLzaVmcp.png",
                "name": "20th Century Fox",
                "origin_country": "US"
            },
            {
                "id": 290,
                "logo_path": "/jrgCuaQsY9ouP5ILZf4Dq4ZOkIX.png",
                "name": "Ingenious Media",
                "origin_country": "GB"
            }
        ],
        "production_countries": [
            {
                "iso_3166_1": "US",
                "name": "United States of America"
            },
            {
                "iso_3166_1": "GB",
                "name": "United Kingdom"
            }
        ],
        "release_date": "2009-12-15",
        "revenue": 2923706026,
        "runtime": 162,
        "spoken_languages": [
            {
                "english_name": "English",
                "iso_639_1": "en",
                "name": "English"
            },
            {
                "english_name": "Spanish",
                "iso_639_1": "es",
                "name": "Español"
            }
        ],
        "status": "Released",
        "tagline": "Enter the world of Pandora.",
        "title": "Avatar",
        "video": false,
        "vote_average": 7.588,
        "vote_count": 32190
    },
    "omdb": {
        "Title": "Avatar",
        "Year": "2009",
        "Rated": "PG-13",
        "Released": "18 Dec 2009",
        "Runtime": "162 min",
        "Genre": "Action, Adventure, Fantasy",
        "Director": "James Cameron",
        "Writer": "James Cameron",
        "Actors": "Sam Worthington, Zoe Saldaña, Sigourney Weaver",
        "Plot": "A paraplegic Marine dispatched to the moon Pandora on a unique mission becomes torn between following his orders and protecting the world he feels is his home.",
        "Language": "English, Spanish",
        "Country": "United States, United Kingdom",
        "Awards": "Won 3 Oscars. 91 wins & 131 nominations total",
        "Poster": "https://m.media-amazon.com/images/M/MV5BMDEzMmQwZjctZWU2My00MWNlLWE0NjItMDJlYTRlNGJiZjcyXkEyXkFqcGc@._V1_SX300.jpg",
        "Ratings": [
            {
                "Source": "Internet Movie Database",
                "Value": "7.9/10"
            },
            {
                "Source": "Rotten Tomatoes",
                "Value": "81%"
            },
            {
                "Source": "Metacritic",
                "Value": "83/100"
            }
        ],
        "Metascore": "83",
        "imdbRating": "7.9",
        "imdbVotes": "1,428,047",
        "imdbID": "tt0499549",
        "Type": "movie",
        "DVD": "N/A",
        "BoxOffice": "$785,221,649",
        "Production": "N/A",
        "Website": "N/A",
        "Response": "True"
    }
}