{
    "tmdb": {
        "adult": false,
        "backdrop_path": "/sGqqnvOqJg2HDHrjtCPIlCwF4Mu.jpg",
        "belongs_to_collection": {
            "id": 386534,
            "name": "Has Fallen Collection",
            "poster_path": "/kSHvhQ6RpmNgEfYEUqmPHEZbwxz.jpg",
            "backdrop_path": "/kLGF2qFYVuETxMtHZJgaSGmXK1c.jpg"
        },
        "budget": 40000000,
        "genres": [
            {
                "id": 28,
                "name": "Action"
            },
            {
                "id": 53,
                "name": "Thriller"
            }
        ],
        "homepage": "https://angelhasfallen.movie",
        "id": 423204,
        "imdb_id": "tt6189022",
        "origin_country": [
            "US"
        ],
        "original_language": "en",
        "original_title": "Angel Has Fallen",
        "overview": "After a treacherous attack, Secret Service agent Mike Banning is charged with attempting to assassinate President Trumbull. Chased by his own colleagues and the FBI, Banning begins a race against the clock to clear his name.",
        "popularity": 58.6395,
        "poster_path": "/fapXd3v9qTcNBTm39ZC4KUVQDNf.jpg",
        "production_companies": [
            {
                "id": 48738,
                "logo_path": null,
                "name": "Campbell Grobman Films",
                "origin_country": "US"
            },
            {
                "id": 71488,
                "logo_path": "/nPp265iNWFO4T07mTNME91bBSKk.png",
                "name": "Eclectic Pictures",
                "origin_country": "US"
            },
            {
                "id": 103331,
                "logo_path": "/nxkmGpo1Ym74DkBzNtoMz5cl6DJ.png",
                "name": "G-BASE",
                "origin_country": "US"
            },
            {
                "id": 1020,
                "logo_path": "/kuUIHNwMec4dwOLghDhhZJzHZTd.png",
                "name": "Millennium Media",
                "origin_country": "US"
            }
        ],
        "production_countries": [
            {
                "iso_3166_1": "US",
                "name": "United States of America"
            }
        ],
        "release_date": "2019-08-21",
        "revenue": 146661977,
        "runtime": 122,
        "spoken_languages": [
            {
                "english_name": "English",
                "iso_639_1": "en",
                "name": "English"
            }
        ],
        "status": "Released",
        "tagline": "Loyalty is under fire",
        "title": "Angel Has Fallen",
        "video": false,
        "vote_average": 6.592,
        "vote_count": 3597
    },
    "omdb": {
        "Title": "Angel Has Fallen",
        "Year": "2019",
        "Rated": "R",
        "Released": "23 Aug 2019",
        "Runtime": "121 min",
        "Genre": "Action, Thriller",
        "Director": "Ric Roman Waugh",
        "Writer": "Robert Mark Kamen, Matt Cook, Ric Roman Waugh",
        "Actors": "Gerard Butler, Frederick Schmidt, Danny Huston",
        "Plot": "Mike Banning is framed for the attempted assassination of the President and must evade his own agency and the FBI as he tries to uncover the real threat.",
        "Language": "English",
        "Country": "United States",
        "Awards": "1 nomination total",
        "Poster": "https://m.media-amazon.com/images/M/MV5BZmY4YTJlZjktNmVkYi00MzBjLTg3MTAtMGZiNWUwY2NiMmM5XkEyXkFqcGc@._V1_SX300.jpg",
        "Ratings": [
            {
                "Source": "Internet Movie Database",
                "Value": "6.4/10"
            },
            {
                "Source": "Rotten Tomatoes",
                "Value": "38%"
            },
            {
                "Source": "Metacritic",
                "Value": "45/100"
            }
        ],
        "Metascore": "45",
        "imdbRating": "6.4",
        "imdbVotes": "116,235",
        "imdbID": "tt6189022",
        "Type": "movie",
        "DVD": "N/A",
        "BoxOffice": "$69,030,436",
        "Production": "N/A",
        "Website": "N/A",
        "Response": "True"
    }
}