{
    "tmdb": {
        "adult": false,
        "backdrop_path": "/smqQ71MIn1DSdSiQzCzCOV6rgRq.jpg",
        "belongs_to_collection": null,
        "budget": 125000000,
        "genres": [
            {
                "id": 28,
                "name": "Action"
            },
            {
                "id": 12,
                "name": "Adventure"
            },
            {
                "id": 878,
                "name": "Science Fiction"
            },
            {
                "id": 53,
                "name": "Thriller"
            }
        ],
        "homepage": "http://www.thedayaftertomorrow.com/",
        "id": 435,
        "imdb_id": "tt0319262",
        "origin_country": [
            "US"
        ],
        "original_language": "en",
        "original_title": "The Day After Tomorrow",
        "overview": "After paleoclimatologist Jack Hall is largely ignored by UN officials when presenting his environmental concerns about the beginning of a new Ice Age, his research proves true when a superstorm develops, setting off catastrophic natural disasters throughout the world. Trying to get to his son, Sam, who is trapped in New York City with his friend Laura and others, Jack and his crew must travel to get to Sam before it's too late.",
        "popularity": 13.4814,
        "poster_path": "/Wr4HeYQRvwVCxzOV5TmGE7UkXq.jpg",
        "production_companies": [
            {
                "id": 25,
                "logo_path": "/qZCc1lty5FzX30aOCVRBLzaVmcp.png",
                "name": "20th Century Fox",
                "origin_country": "US"
            },
            {
                "id": 347,
                "logo_path": "/1wpVtAaWLqvFJVVbyzTAf7U4JPX.png",
                "name": "Centropolis Entertainment",
                "origin_country": "US"
            },
            {
                "id": 1632,
                "logo_path": "/cisLn1YAUuptXVBa0xjq7ST9cH0.png",
                "name": "Lionsgate",
                "origin_country": "US"
            },
            {
                "id": 1557,
                "logo_path": "/ccz9bqCu3jSFKbPFnfWmjAKZLBL.png",
                "name": "The Mark Gordon Company",
                "origin_country": "US"
            }
        ],
        "production_countries": [
            {
                "iso_3166_1": "US",
                "name": "United States of America"
            }
        ],
        "release_date": "2004-05-26",
        "revenue": 552639571,
        "runtime": 123,
        "spoken_languages": [
            {
                "english_name": "English",
                "iso_639_1": "en",
                "name": "English"
            },
            {
                "english_name": "Japanese",
                "iso_639_1": "ja",
                "name": "日本語"
            },
            {
                "english_name": "French",
                "iso_639_1": "fr",
                "name": "Français"
            },
            {
                "english_name": "Arabic",
                "iso_639_1": "ar",
                "name": "العربية"
            },
            {
                "english_name": "Spanish",
                "iso_639_1": "es",
                "name": "Español"
            }
        ],
        "status": "Released",
        "tagline": "Where will you be?",
        "title": "The Day After Tomorrow",
        "video": false,
        "vote_average": 6.541,
        "vote_count": 8314
    },
    "omdb": {
        "Title": "The Day After Tomorrow",
        "Year": "2004",
        "Rated": "PG-13",
        "Released": "28 May 2004",
        "Runtime": "124 min",
        "Genre": "Action, Adventure, Sci-Fi",
        "Director": "Roland Emmerich",
        "Writer": "Roland Emmerich, Jeffrey Nachmanoff",
        "Actors": "Dennis Quaid, Jake Gyllenhaal, Emmy Rossum",
        "Plot": "Jack Hall, paleoclimatologist, must make a daring trek from Washington, D.C. to New York City to reach his son, trapped in the cross-hairs of a sudden international storm which plunges the planet into a new Ice Age.",
        "Language": "English, Japanese, French, Arabic",
        "Country": "United States",
        "Awards": "Won 1 BAFTA Award6 wins & 12 nominations total",
        "Poster": "https://m.media-amazon.com/images/M/MV5BOGZmNDYyNmMtNDQyNy00OTkzLTg1OGUtYWJiNmQ5Y2Q5ZGU3XkEyXkFqcGc@._V1_SX300.jpg",
        "Ratings": [
            {
                "Source": "Internet Movie Database",
                "Value": "6.5/10"
            },
            {
                "Source": "Rotten Tomatoes",
                "Value": "45%"
            },
            {
                "Source": "Metacritic",
                "Value": "47/100"
            }
        ],
        "Metascore": "47",
        "imdbRating": "6.5",
        "imdbVotes": "494,701",
        "imdbID": "tt0319262",
        "Type": "movie",
        "DVD": "N/A",
        "BoxOffice": "$186,740,799",
        "Production": "N/A",
        "Website": "N/A",
        "Response": "True"
    }
}