{
    "tmdb": {
        "adult": false,
        "backdrop_path": "/dB0CxRwLXJoOrRPUvsJjb2hnPtq.jpg",
        "belongs_to_collection": {
            "id": 2344,
            "name": "The Matrix Collection",
            "poster_path": "/bV9qTVHTVf0gkW0j7p7M0ILD4pG.jpg",
            "backdrop_path": "/bRm2DEgUiYciDw3myHuYFInD7la.jpg"
        },
        "budget": 190000000,
        "genres": [
            {
                "id": 878,
                "name": "Science Fiction"
            },
            {
                "id": 28,
                "name": "Action"
            },
            {
                "id": 12,
                "name": "Adventure"
            }
        ],
        "homepage": "https://www.whatisthematrix.com",
        "id": 624860,
        "imdb_id": "tt10838180",
        "origin_country": [
            "US"
        ],
        "original_language": "en",
        "original_title": "The Matrix Resurrections",
        "overview": "Plagued by strange memories, Neo's life takes an unexpected turn when he finds himself back inside the Matrix.",
        "popularity": 17.7507,
        "poster_path": "/8c4a8kE7PizaGQQnditMmI1xbRp.jpg",
        "production_companies": [
            {
                "id": 174,
                "logo_path": "/zhD3hhtKB5qyv7ZeL4uLpNxgMVU.png",
                "name": "Warner Bros. Pictures",
                "origin_country": "US"
            },
            {
                "id": 79,
                "logo_path": "/at4uYdwAAgNRKhZuuFX8ShKSybw.png",
                "name": "Village Roadshow Pictures",
                "origin_country": "US"
            },
            {
                "id": 84764,
                "logo_path": "/bFehzkqLxP4ImZY521vFH8lZf1W.png",
                "name": "Venus Castina Productions",
                "origin_country": "US"
            }
        ],
        "production_countries": [
            {
                "iso_3166_1": "US",
                "name": "United States of America"
            }
        ],
        "release_date": "2021-12-16",
        "revenue": 156497322,
        "runtime": 147,
        "spoken_languages": [
            {
                "english_name": "English",
                "iso_639_1": "en",
                "name": "English"
            }
        ],
        "status": "Released",
        "tagline": "Return to the Source.",
        "title": "The Matrix Resurrections",
        "video": false,
        "vote_average": 6.379,
        "vote_count": 5958
    },
    "omdb": {
        "Title": "The Matrix Resurrections",
        "Year": "2021",
        "Rated": "R",
        "Released": "22 Dec 2021",
        "Runtime": "148 min",
        "Genre": "Action, Sci-Fi",
        "Director": "Lana Wachowski",
        "Writer": "Lana Wachowski, David Mitchell, Aleksandar Hemon",
        "Actors": "Keanu Reeves, Carrie-Anne Moss, Yahya Abdul-Mateen II",
        "Plot": "Return to a world of two realities: one, everyday life; the other, what lies behind it. To find out if his reality is a construct, to truly know himself, Mr. Anderson will have to choose to follow the white rabbit once more.",
        "Language": "English, French, Spanish, Japanese",
        "Country": "United States, Australia",
        "Awards": "Nominated for 1 BAFTA Award7 wins & 38 nominations total",
        "Poster": "https://m.media-amazon.com/images/M/MV5BMDMyNDIzYzMtZTMyMy00NjUyLWI3Y2MtYzYzOGE1NzQ1MTBiXkEyXkFqcGc@._V1_SX300.jpg",
        "Ratings": [
            {
                "Source": "Internet Movie Database",
                "Value": "5.6/10"
            },
            {
                "Source": "Rotten Tomatoes",
                "Value": "63%"
            },
            {
                "Source": "Metacritic",
                "Value": "63/100"
            }
        ],
        "Metascore": "63",
        "imdbRating": "5.6",
        "imdbVotes": "291,475",
        "imdbID": "tt10838180",
        "Type": "movie",
        "DVD": "N/A",
        "BoxOffice": "$37,686,805",
        "Production": "N/A",
        "Website": "N/A",
        "Response": "True"
    }
}