{
    "tmdb": {
        "adult": false,
        "backdrop_path": "/opC7CvwhOeBWZnhfcZkdtEskIQD.jpg",
        "belongs_to_collection": null,
        "budget": 15000000,
        "genres": [
            {
                "id": 36,
                "name": "History"
            },
            {
                "id": 18,
                "name": "Drama"
            },
            {
                "id": 12,
                "name": "Adventure"
            },
            {
                "id": 28,
                "name": "Action"
            }
        ],
        "homepage": "",
        "id": 665,
        "imdb_id": "tt0052618",
        "origin_country": [
            "US"
        ],
        "original_language": "en",
        "original_title": "Ben-Hur",
        "overview": "In 25 AD, Judah Ben-Hur, a Jew in ancient Judea, opposes the occupying Roman empire.  Falsely accused by a Roman childhood friend-turned-overlord of trying to kill the Roman governor, he is put into slavery and his mother and sister are taken away as prisoners.",
        "popularity": 18.0452,
        "poster_path": "/m4WQ1dBIrEIHZNCoAjdpxwSKWyH.jpg",
        "production_companies": [
            {
                "id": 21,
                "logo_path": "/usUnaYV6hQnlVAXP6r4HwrlLFPG.png",
                "name": "Metro-Goldwyn-Mayer",
                "origin_country": "US"
            }
        ],
        "production_countries": [
            {
                "iso_3166_1": "US",
                "name": "United States of America"
            }
        ],
        "release_date": "1959-11-18",
        "revenue": 164000000,
        "runtime": 222,
        "spoken_languages": [
            {
                "english_name": "English",
                "iso_639_1": "en",
                "name": "English"
            }
        ],
        "status": "Released",
        "tagline": "The entertainment experience of a lifetime!",
        "title": "Ben-Hur",
        "video": false,
        "vote_average": 7.889,
        "vote_count": 2870
    },
    "omdb": {
        "Title": "Ben-Hur",
        "Year": "1959",
        "Rated": "G",
        "Released": "18 Nov 1959",
        "Runtime": "212 min",
        "Genre": "Adventure, Drama",
        "Director": "William Wyler",
        "Writer": "Lew Wallace, Karl Tunberg, Gore Vidal",
        "Actors": "Charlton Heston, Jack Hawkins, Stephen Boyd",
        "Plot": "A Jewish prince is betrayed and sent into slavery by a Roman friend in 1st-century Jerusalem, but it's not long before he regains his freedom and comes back for revenge.",
        "Language": "English",
        "Country": "United States",
        "Awards": "Won 11 Oscars. 29 wins & 13 nominations total",
        "Poster": "https://m.media-amazon.com/images/M/MV5BNjg2M2E1YzYtOThmMC00NjAyLWI5MzgtMDEwOGFiODdlOGUzXkEyXkFqcGc@._V1_SX300.jpg",
        "Ratings": [
            {
                "Source": "Internet Movie Database",
                "Value": "8.1/10"
            },
            {
                "Source": "Rotten Tomatoes",
                "Value": "87%"
            },
            {
                "Source": "Metacritic",
                "Value": "90/100"
            }
        ],
        "Metascore": "90",
        "imdbRating": "8.1",
        "imdbVotes": "261,076",
        "imdbID": "tt0052618",
        "Type": "movie",
        "DVD": "N/A",
        "BoxOffice": "$74,432,704",
        "Production": "N/A",
        "Website": "N/A",
        "Response": "True"
    }
}