{
    "tmdb": {
        "adult": false,
        "backdrop_path": "/sdwjQEM869JFwMytTmvr6ggvaUl.jpg",
        "belongs_to_collection": null,
        "budget": 3000000,
        "genres": [
            {
                "id": 18,
                "name": "Drama"
            },
            {
                "id": 53,
                "name": "Thriller"
            },
            {
                "id": 9648,
                "name": "Mystery"
            },
            {
                "id": 28,
                "name": "Action"
            }
        ],
        "homepage": "",
        "id": 670,
        "imdb_id": "tt0364569",
        "origin_country": [
            "KR"
        ],
        "original_language": "ko",
        "original_title": "올드보이",
        "overview": "With no clue how he came to be imprisoned, drugged and tortured for 15 years, a desperate man seeks revenge on his captors.",
        "popularity": 20.999,
        "poster_path": "/pWDtjs568ZfOTMbURQBYuT4Qxka.jpg",
        "production_companies": [
            {
                "id": 399,
                "logo_path": null,
                "name": "Show East",
                "origin_country": "KR"
            },
            {
                "id": 118802,
                "logo_path": null,
                "name": "Egg Film",
                "origin_country": "KR"
            },
            {
                "id": 685,
                "logo_path": null,
                "name": "Cineclick Asia",
                "origin_country": "KR"
            }
        ],
        "production_countries": [
            {
                "iso_3166_1": "KR",
                "name": "South Korea"
            }
        ],
        "release_date": "2003-11-21",
        "revenue": 17500000,
        "runtime": 120,
        "spoken_languages": [
            {
                "english_name": "Korean",
                "iso_639_1": "ko",
                "name": "한국어/조선말"
            }
        ],
        "status": "Released",
        "tagline": "Laugh, and the world laughs with you. Weep, and you weep alone.",
        "title": "Oldboy",
        "video": false,
        "vote_average": 8.251,
        "vote_count": 8981
    },
    "omdb": {
        "Title": "Oldboy",
        "Year": "2003",
        "Rated": "R",
        "Released": "21 Nov 2003",
        "Runtime": "120 min",
        "Genre": "Action, Drama, Mystery",
        "Director": "Park Chan-wook",
        "Writer": "Garon Tsuchiya, Nobuaki Minegishi, Park Chan-wook",
        "Actors": "Choi Min-sik, Yoo Ji-tae, Kang Hye-jeong",
        "Plot": "After being kidnapped and imprisoned for fifteen years, Oh Dae-Su is released, only to find that he must track down his captor in five days.",
        "Language": "Korean",
        "Country": "South Korea",
        "Awards": "43 wins & 28 nominations total",
        "Poster": "https://m.media-amazon.com/images/M/MV5BMTI3NTQyMzU5M15BMl5BanBnXkFtZTcwMTM2MjgyMQ@@._V1_SX300.jpg",
        "Ratings": [
            {
                "Source": "Internet Movie Database",
                "Value": "8.3/10"
            },
            {
                "Source": "Rotten Tomatoes",
                "Value": "82%"
            },
            {
                "Source": "Metacritic",
                "Value": "78/100"
            }
        ],
        "Metascore": "78",
        "imdbRating": "8.3",
        "imdbVotes": "672,998",
        "imdbID": "tt0364569",
        "Type": "movie",
        "DVD": "N/A",
        "BoxOffice": "$2,458,200",
        "Production": "N/A",
        "Website": "N/A",
        "Response": "True"
    }
}