{
    "tmdb": {
        "adult": false,
        "backdrop_path": "/jILeJ60zPpIjjJHGSmIeY4eO30t.jpg",
        "belongs_to_collection": {
            "id": 531330,
            "name": "Top Gun Collection",
            "poster_path": "/wtpIx0Gsra1IGHH8af5kNK90Xy8.jpg",
            "backdrop_path": "/9MGm0XT04ob99MyGQfMT7I8y3UE.jpg"
        },
        "budget": 15000000,
        "genres": [
            {
                "id": 28,
                "name": "Action"
            },
            {
                "id": 18,
                "name": "Drama"
            }
        ],
        "homepage": "https://www.paramountpictures.com/movies/top-gun",
        "id": 744,
        "imdb_id": "tt0092099",
        "origin_country": [
            "US"
        ],
        "original_language": "en",
        "original_title": "Top Gun",
        "overview": "For Lieutenant Pete 'Maverick' Mitchell and his friend and co-pilot Nick 'Goose' Bradshaw, being accepted into an elite training school for fighter pilots is a dream come true. But a tragedy, as well as personal demons, will threaten Pete's dreams of becoming an ace pilot.",
        "popularity": 21.608,
        "poster_path": "/xUuHj3CgmZQ9P2cMaqQs4J0d4Zc.jpg",
        "production_companies": [
            {
                "id": 4,
                "logo_path": "/gz66EfNoYPqHTYI4q9UEN4CbHRc.png",
                "name": "Paramount Pictures",
                "origin_country": "US"
            },
            {
                "id": 10288,
                "logo_path": "/Aszf09kIVXR6cwG9lwjZIawbYVS.png",
                "name": "Don Simpson/Jerry Bruckheimer Films",
                "origin_country": "US"
            }
        ],
        "production_countries": [
            {
                "iso_3166_1": "US",
                "name": "United States of America"
            }
        ],
        "release_date": "1986-05-16",
        "revenue": 356830601,
        "runtime": 110,
        "spoken_languages": [
            {
                "english_name": "English",
                "iso_639_1": "en",
                "name": "English"
            }
        ],
        "status": "Released",
        "tagline": "Up there with the best of the best.",
        "title": "Top Gun",
        "video": false,
        "vote_average": 7.057,
        "vote_count": 8880
    },
    "omdb": {
        "Title": "Top Gun",
        "Year": "1986",
        "Rated": "PG",
        "Released": "16 May 1986",
        "Runtime": "109 min",
        "Genre": "Action, Drama",
        "Director": "Tony Scott",
        "Writer": "Jim Cash, Jack Epps Jr., Ehud Yonay",
        "Actors": "Tom Cruise, Tim Robbins, Kelly McGillis",
        "Plot": "The Top Gun Naval Fighter Weapons School is where the best of the best train to refine their elite flying skills. When hotshot fighter pilot Maverick is sent to the school, his reckless attitude and cocky demeanor put him at odds ...",
        "Language": "English",
        "Country": "United States",
        "Awards": "Won 1 Oscar. 11 wins & 9 nominations total",
        "Poster": "https://m.media-amazon.com/images/M/MV5BZmVjNzQ3MjYtYTZiNC00Y2YzLWExZTEtMTM2ZDllNDI0MzgyXkEyXkFqcGc@._V1_SX300.jpg",
        "Ratings": [
            {
                "Source": "Internet Movie Database",
                "Value": "6.9/10"
            },
            {
                "Source": "Rotten Tomatoes",
                "Value": "59%"
            },
            {
                "Source": "Metacritic",
                "Value": "50/100"
            }
        ],
        "Metascore": "50",
        "imdbRating": "6.9",
        "imdbVotes": "522,091",
        "imdbID": "tt0092099",
        "Type": "movie",
        "DVD": "N/A",
        "BoxOffice": "$180,258,178",
        "Production": "N/A",
        "Website": "N/A",
        "Response": "True"
    }
}