{
    "tmdb": {
        "adult": false,
        "backdrop_path": "/4l65BWqJBl7hBwdIwp2nQdwsOuw.jpg",
        "belongs_to_collection": null,
        "budget": 15900000,
        "genres": [
            {
                "id": 36,
                "name": "History"
            },
            {
                "id": 18,
                "name": "Drama"
            }
        ],
        "homepage": "https://ironclawmovie.com/",
        "id": 850165,
        "imdb_id": "tt21064584",
        "origin_country": [
            "US"
        ],
        "original_language": "en",
        "original_title": "The Iron Claw",
        "overview": "The true story of the inseparable Von Erich brothers, who made history in the intensely competitive world of professional wrestling in the early 1980s. Through tragedy and triumph, under the shadow of their domineering father and coach, the brothers seek larger-than-life immortality on the biggest stage in sports.",
        "popularity": 14.3968,
        "poster_path": "/lsdismtCDga4vsKnmliz0h7CaZT.jpg",
        "production_companies": [
            {
                "id": 41077,
                "logo_path": "/1ZXsGaFPgrgS6ZZGS37AqD5uU12.png",
                "name": "A24",
                "origin_country": "US"
            },
            {
                "id": 288,
                "logo_path": "/aW0IpM9d4Zjj978EqgDVSxXXhTj.png",
                "name": "BBC Film",
                "origin_country": "GB"
            },
            {
                "id": 103376,
                "logo_path": "/zAyfGEx1LJOkwNTrHugnWHzLRE.png",
                "name": "Access Entertainment",
                "origin_country": "US"
            },
            {
                "id": 112783,
                "logo_path": "/g95BBJvKyOawT3sGVXTdDG72Qad.png",
                "name": "House Productions",
                "origin_country": "GB"
            }
        ],
        "production_countries": [
            {
                "iso_3166_1": "GB",
                "name": "United Kingdom"
            },
            {
                "iso_3166_1": "US",
                "name": "United States of America"
            }
        ],
        "release_date": "2023-12-21",
        "revenue": 40130232,
        "runtime": 132,
        "spoken_languages": [
            {
                "english_name": "English",
                "iso_639_1": "en",
                "name": "English"
            }
        ],
        "status": "Released",
        "tagline": "Sons. Brothers. Champions.",
        "title": "The Iron Claw",
        "video": false,
        "vote_average": 7.54,
        "vote_count": 993
    },
    "omdb": {
        "Title": "The Iron Claw",
        "Year": "2023",
        "Rated": "R",
        "Released": "22 Dec 2023",
        "Runtime": "132 min",
        "Genre": "Biography, Drama, Sport",
        "Director": "Sean Durkin",
        "Writer": "Sean Durkin",
        "Actors": "Zac Efron, Jeremy Allen White, Harris Dickinson",
        "Plot": "The true story of the inseparable Von Erich brothers, who made history in the intensely competitive world of professional wrestling in the early 1980s.",
        "Language": "English",
        "Country": "United Kingdom, United States",
        "Awards": "3 wins & 39 nominations total",
        "Poster": "https://m.media-amazon.com/images/M/MV5BYjJjZDc5YTUtYTc4My00Yzc2LTkwMGUtOTg3ODIwYzJkYTJiXkEyXkFqcGc@._V1_SX300.jpg",
        "Ratings": [
            {
                "Source": "Internet Movie Database",
                "Value": "7.6/10"
            },
            {
                "Source": "Rotten Tomatoes",
                "Value": "89%"
            },
            {
                "Source": "Metacritic",
                "Value": "73/100"
            }
        ],
        "Metascore": "73",
        "imdbRating": "7.6",
        "imdbVotes": "100,189",
        "imdbID": "tt21064584",
        "Type": "movie",
        "DVD": "N/A",
        "BoxOffice": "$35,070,296",
        "Production": "N/A",
        "Website": "N/A",
        "Response": "True"
    }
}