{
    "tmdb": {
        "adult": false,
        "backdrop_path": "/en3GU5uGkKaYmSyetHV4csHHiH3.jpg",
        "belongs_to_collection": null,
        "budget": 50000000,
        "genres": [
            {
                "id": 10752,
                "name": "War"
            },
            {
                "id": 28,
                "name": "Action"
            },
            {
                "id": 18,
                "name": "Drama"
            }
        ],
        "homepage": "https://a24films.com/films/civil-war",
        "id": 929590,
        "imdb_id": "tt17279496",
        "origin_country": [
            "GB",
            "US"
        ],
        "original_language": "en",
        "original_title": "Civil War",
        "overview": "In the near future, a group of war journalists attempt to survive while reporting the truth as the United States stands on the brink of civil war.",
        "popularity": 25.5351,
        "poster_path": "/sh7Rg8Er3tFcN9BpKIPOMvALgZd.jpg",
        "production_companies": [
            {
                "id": 284,
                "logo_path": "/1lEgJkA2GckrMvzhfqENfkr04vO.png",
                "name": "DNA Films",
                "origin_country": "GB"
            },
            {
                "id": 142269,
                "logo_path": "/ggrWFqk5mPMks0vE3aCy3l9e0dv.png",
                "name": "IPR.VC",
                "origin_country": "FI"
            },
            {
                "id": 41077,
                "logo_path": "/1ZXsGaFPgrgS6ZZGS37AqD5uU12.png",
                "name": "A24",
                "origin_country": "US"
            }
        ],
        "production_countries": [
            {
                "iso_3166_1": "FI",
                "name": "Finland"
            },
            {
                "iso_3166_1": "GB",
                "name": "United Kingdom"
            },
            {
                "iso_3166_1": "US",
                "name": "United States of America"
            }
        ],
        "release_date": "2024-04-10",
        "revenue": 126542249,
        "runtime": 109,
        "spoken_languages": [
            {
                "english_name": "English",
                "iso_639_1": "en",
                "name": "English"
            }
        ],
        "status": "Released",
        "tagline": "Welcome to the frontline.",
        "title": "Civil War",
        "video": false,
        "vote_average": 6.869,
        "vote_count": 3531
    },
    "omdb": {
        "Title": "Civil War",
        "Year": "2024",
        "Rated": "R",
        "Released": "12 Apr 2024",
        "Runtime": "109 min",
        "Genre": "Action, Thriller",
        "Director": "Alex Garland",
        "Writer": "Alex Garland",
        "Actors": "Kirsten Dunst, Wagner Moura, Cailee Spaeny",
        "Plot": "In a dystopian future, four journalists travel across the United States during a nation-wide conflict. While trying to survive, they aim to reach the White House to interview the president before he is overthrown.",
        "Language": "English",
        "Country": "United States, United Kingdom, Finland",
        "Awards": "7 wins & 64 nominations total",
        "Poster": "https://m.media-amazon.com/images/M/MV5BYTkzMjc0YzgtY2E0Yi00NDBlLWI0MWUtODY1ZjExMDAyOWZiXkEyXkFqcGc@._V1_SX300.jpg",
        "Ratings": [
            {
                "Source": "Internet Movie Database",
                "Value": "7.0/10"
            },
            {
                "Source": "Rotten Tomatoes",
                "Value": "81%"
            },
            {
                "Source": "Metacritic",
                "Value": "75/100"
            }
        ],
        "Metascore": "75",
        "imdbRating": "7.0",
        "imdbVotes": "235,080",
        "imdbID": "tt17279496",
        "Type": "movie",
        "DVD": "N/A",
        "BoxOffice": "$68,756,072",
        "Production": "N/A",
        "Website": "N/A",
        "Response": "True"
    }
}