{
    "tmdb": {
        "adult": false,
        "backdrop_path": "/sTgavNm82pTaZR9U2NQZ1J2FrJz.jpg",
        "belongs_to_collection": null,
        "budget": 25000000,
        "genres": [
            {
                "id": 35,
                "name": "Comedy"
            },
            {
                "id": 18,
                "name": "Drama"
            },
            {
                "id": 10751,
                "name": "Family"
            }
        ],
        "homepage": "",
        "id": 788,
        "imdb_id": "tt0107614",
        "origin_country": [
            "US"
        ],
        "original_language": "en",
        "original_title": "Mrs. Doubtfire",
        "overview": "Loving but irresponsible dad Daniel Hillard, estranged from his exasperated spouse, is crushed by a court order allowing only weekly visits with his kids. When Daniel learns his ex needs a housekeeper, he gets the job -- disguised as a British nanny. Soon he becomes not only his children's best pal but the kind of parent he should have been from the start.",
        "popularity": 17.462,
        "poster_path": "/shHrSmXS5140o6sQzgzXxn3KqSm.jpg",
        "production_companies": [
            {
                "id": 25,
                "logo_path": "/qZCc1lty5FzX30aOCVRBLzaVmcp.png",
                "name": "20th Century Fox",
                "origin_country": "US"
            },
            {
                "id": 492,
                "logo_path": null,
                "name": "Blue Wolf Productions",
                "origin_country": ""
            }
        ],
        "production_countries": [
            {
                "iso_3166_1": "US",
                "name": "United States of America"
            }
        ],
        "release_date": "1993-11-24",
        "revenue": 441286195,
        "runtime": 125,
        "spoken_languages": [
            {
                "english_name": "English",
                "iso_639_1": "en",
                "name": "English"
            }
        ],
        "status": "Released",
        "tagline": "She makes dinner. She does windows. She reads bedtime stories. She's a blessing... in disguise.",
        "title": "Mrs. Doubtfire",
        "video": false,
        "vote_average": 7.19,
        "vote_count": 6244
    },
    "omdb": {
        "Title": "Mrs. Doubtfire",
        "Year": "1993",
        "Rated": "PG-13",
        "Released": "24 Nov 1993",
        "Runtime": "125 min",
        "Genre": "Comedy, Drama",
        "Director": "Chris Columbus",
        "Writer": "Anne Fine, Randi Mayem Singer, Leslie Dixon",
        "Actors": "Robin Williams, Sally Field, Pierce Brosnan",
        "Plot": "After a bitter divorce, an actor disguises himself as a female housekeeper to spend time with his children held in custody by his former wife.",
        "Language": "English",
        "Country": "United States",
        "Awards": "Won 1 Oscar. 11 wins & 10 nominations total",
        "Poster": "https://m.media-amazon.com/images/M/MV5BY2E2MDc5ZGEtOTNlZS00Mjg4LThlNzUtMDY2Zjc4ZTViNWY0XkEyXkFqcGc@._V1_SX300.jpg",
        "Ratings": [
            {
                "Source": "Internet Movie Database",
                "Value": "7.1/10"
            },
            {
                "Source": "Rotten Tomatoes",
                "Value": "71%"
            },
            {
                "Source": "Metacritic",
                "Value": "54/100"
            }
        ],
        "Metascore": "54",
        "imdbRating": "7.1",
        "imdbVotes": "299,502",
        "imdbID": "tt0107614",
        "Type": "movie",
        "DVD": "N/A",
        "BoxOffice": "$219,195,243",
        "Production": "N/A",
        "Website": "N/A",
        "Response": "True"
    }
}