{
    "tmdb": {
        "adult": false,
        "backdrop_path": "/zb6fM1CX41D9rF9hdgclu0peUmy.jpg",
        "belongs_to_collection": null,
        "budget": 22000000,
        "genres": [
            {
                "id": 18,
                "name": "Drama"
            },
            {
                "id": 36,
                "name": "History"
            },
            {
                "id": 10752,
                "name": "War"
            }
        ],
        "homepage": "http://www.schindlerslist.com/",
        "id": 424,
        "imdb_id": "tt0108052",
        "origin_country": [
            "US"
        ],
        "original_language": "en",
        "original_title": "Schindler's List",
        "overview": "The true story of how businessman Oskar Schindler saved over a thousand Jewish lives from the Nazis while they worked as slaves in his factory during World War II.",
        "popularity": 38.6572,
        "poster_path": "/sF1U4EUQS8YHUYjNl3pMGNIQyr0.jpg",
        "production_companies": [
            {
                "id": 56,
                "logo_path": "/cEaxANEisCqeEoRvODv2dO1I0iI.png",
                "name": "Amblin Entertainment",
                "origin_country": "US"
            }
        ],
        "production_countries": [
            {
                "iso_3166_1": "US",
                "name": "United States of America"
            }
        ],
        "release_date": "1993-12-15",
        "revenue": 321365567,
        "runtime": 195,
        "spoken_languages": [
            {
                "english_name": "German",
                "iso_639_1": "de",
                "name": "Deutsch"
            },
            {
                "english_name": "Polish",
                "iso_639_1": "pl",
                "name": "Polski"
            },
            {
                "english_name": "Hebrew",
                "iso_639_1": "he",
                "name": "עִבְרִית"
            },
            {
                "english_name": "English",
                "iso_639_1": "en",
                "name": "English"
            }
        ],
        "status": "Released",
        "tagline": "Whoever saves one life, saves the world entire.",
        "title": "Schindler's List",
        "video": false,
        "vote_average": 8.565,
        "vote_count": 16396
    },
    "omdb": {
        "Title": "Schindler's List",
        "Year": "1993",
        "Rated": "R",
        "Released": "04 Feb 1994",
        "Runtime": "195 min",
        "Genre": "Biography, Drama, History",
        "Director": "Steven Spielberg",
        "Writer": "Thomas Keneally, Steven Zaillian",
        "Actors": "Liam Neeson, Ralph Fiennes, Ben Kingsley",
        "Plot": "In German-occupied Poland during World War II, industrialist Oskar Schindler gradually becomes concerned for his Jewish workforce after witnessing their persecution by the Nazis.",
        "Language": "English, Hebrew, German, Polish, Latin",
        "Country": "United States",
        "Awards": "Won 7 Oscars. 91 wins & 49 nominations total",
        "Poster": "https://m.media-amazon.com/images/M/MV5BNjM1ZDQxYWUtMzQyZS00MTE1LWJmZGYtNGUyNTdlYjM3ZmVmXkEyXkFqcGc@._V1_SX300.jpg",
        "Ratings": [
            {
                "Source": "Internet Movie Database",
                "Value": "9.0/10"
            },
            {
                "Source": "Rotten Tomatoes",
                "Value": "98%"
            },
            {
                "Source": "Metacritic",
                "Value": "95/100"
            }
        ],
        "Metascore": "95",
        "imdbRating": "9.0",
        "imdbVotes": "1,517,035",
        "imdbID": "tt0108052",
        "Type": "movie",
        "DVD": "N/A",
        "BoxOffice": "$96,898,818",
        "Production": "N/A",
        "Website": "N/A",
        "Response": "True"
    }
}