{
    "tmdb": {
        "adult": false,
        "backdrop_path": "/pSNwe7G9bESwlCBVurlwRs7fMZU.jpg",
        "belongs_to_collection": {
            "id": 4246,
            "name": "Scary Movie Collection",
            "poster_path": "/8ds74cRhyAza3WcDVT8rZycwSC9.jpg",
            "backdrop_path": "/4YFCPV5KXWgIfQ8oTEeIJvtuxVj.jpg"
        },
        "budget": 45000000,
        "genres": [
            {
                "id": 35,
                "name": "Comedy"
            }
        ],
        "homepage": "",
        "id": 4257,
        "imdb_id": "tt0362120",
        "origin_country": [
            "US"
        ],
        "original_language": "en",
        "original_title": "Scary Movie 4",
        "overview": "Cindy finds out the house she lives in is haunted by a little boy and goes on a quest to find out who killed him and why. Also, Alien \"Tr-iPods\" are invading the world and she has to uncover the secret in order to stop them.",
        "popularity": 15.748,
        "poster_path": "/sEqFdw1wLtY94RKCSPolsHWzn6r.jpg",
        "production_companies": [
            {
                "id": 7405,
                "logo_path": "/rfnws0uY8rsNAsrLbx3gEIcYXx3.png",
                "name": "Dimension Films",
                "origin_country": "US"
            },
            {
                "id": 105220,
                "logo_path": null,
                "name": "415 Project",
                "origin_country": ""
            },
            {
                "id": 10958,
                "logo_path": null,
                "name": "Brad Grey Pictures",
                "origin_country": ""
            },
            {
                "id": 14,
                "logo_path": "/m6AHu84oZQxvq7n1rsvMNJIAsMu.png",
                "name": "Miramax",
                "origin_country": "US"
            }
        ],
        "production_countries": [
            {
                "iso_3166_1": "US",
                "name": "United States of America"
            }
        ],
        "release_date": "2006-04-12",
        "revenue": 178262620,
        "runtime": 83,
        "spoken_languages": [
            {
                "english_name": "English",
                "iso_639_1": "en",
                "name": "English"
            }
        ],
        "status": "Released",
        "tagline": "Bury the grudge. Burn the village.  See the saw.",
        "title": "Scary Movie 4",
        "video": false,
        "vote_average": 5.483,
        "vote_count": 3326
    },
    "omdb": {
        "Title": "Scary Movie 4",
        "Year": "2006",
        "Rated": "PG-13",
        "Released": "14 Apr 2006",
        "Runtime": "83 min",
        "Genre": "Comedy",
        "Director": "David Zucker",
        "Writer": "Craig Mazin, Jim Abrahams, Pat Proft",
        "Actors": "Anna Faris, Regina Hall, Craig Bierko",
        "Plot": "Cindy finds out a little boy haunts the house she lives in and she goes on a quest to solve his murder.",
        "Language": "English, Japanese",
        "Country": "United States",
        "Awards": "1 win & 3 nominations total",
        "Poster": "https://m.media-amazon.com/images/M/MV5BMjExNDQwM2QtYjFiNy00N2ZlLWE4ZGEtODdmYjY5NDdhNWE3XkEyXkFqcGc@._V1_SX300.jpg",
        "Ratings": [
            {
                "Source": "Internet Movie Database",
                "Value": "5.1/10"
            },
            {
                "Source": "Rotten Tomatoes",
                "Value": "34%"
            },
            {
                "Source": "Metacritic",
                "Value": "40/100"
            }
        ],
        "Metascore": "40",
        "imdbRating": "5.1",
        "imdbVotes": "133,591",
        "imdbID": "tt0362120",
        "Type": "movie",
        "DVD": "N/A",
        "BoxOffice": "$90,710,620",
        "Production": "N/A",
        "Website": "N/A",
        "Response": "True"
    }
}