{
    "tmdb": {
        "adult": false,
        "backdrop_path": "/jr8tSoJGj33XLgFBy6lmZhpGQNu.jpg",
        "belongs_to_collection": {
            "id": 94602,
            "name": "Puss in Boots Collection",
            "poster_path": "/anHwj9IupRoRZZ98WTBvHpTiE6A.jpg",
            "backdrop_path": "/feU1DWV5zMWxXUHJyAIk3dHRQ9c.jpg"
        },
        "budget": 90000000,
        "genres": [
            {
                "id": 16,
                "name": "Animation"
            },
            {
                "id": 12,
                "name": "Adventure"
            },
            {
                "id": 14,
                "name": "Fantasy"
            },
            {
                "id": 35,
                "name": "Comedy"
            },
            {
                "id": 10751,
                "name": "Family"
            }
        ],
        "homepage": "https://www.dreamworks.com/movies/puss-in-boots-the-last-wish",
        "id": 315162,
        "imdb_id": "tt3915174",
        "origin_country": [
            "US"
        ],
        "original_language": "en",
        "original_title": "Puss in Boots: The Last Wish",
        "overview": "Puss in Boots discovers that his passion for adventure has taken its toll: He has burned through eight of his nine lives, leaving him with only one life left. Puss sets out on an epic journey to find the mythical Last Wish and restore his nine lives.",
        "popularity": 21.7126,
        "poster_path": "/aV1KGO9X3S4kzqEptVDAvGjccql.jpg",
        "production_companies": [
            {
                "id": 521,
                "logo_path": "/3BPX5VGBov8SDqTV7wC1L1xShAS.png",
                "name": "DreamWorks Animation",
                "origin_country": "US"
            }
        ],
        "production_countries": [
            {
                "iso_3166_1": "US",
                "name": "United States of America"
            }
        ],
        "release_date": "2022-12-07",
        "revenue": 484700000,
        "runtime": 103,
        "spoken_languages": [
            {
                "english_name": "English",
                "iso_639_1": "en",
                "name": "English"
            },
            {
                "english_name": "Spanish",
                "iso_639_1": "es",
                "name": "Español"
            }
        ],
        "status": "Released",
        "tagline": "Say hola to his little friends.",
        "title": "Puss in Boots: The Last Wish",
        "video": false,
        "vote_average": 8.216,
        "vote_count": 8147
    },
    "omdb": {
        "Title": "Puss in Boots: The Last Wish",
        "Year": "2022",
        "Rated": "PG",
        "Released": "21 Dec 2022",
        "Runtime": "102 min",
        "Genre": "Animation, Action, Adventure",
        "Director": "Joel Crawford, Januel Mercado",
        "Writer": "Paul Fisher, Tommy Swerdlow, Tom Wheeler",
        "Actors": "Antonio Banderas, Salma Hayek, Harvey Guillén",
        "Plot": "When Puss in Boots discovers that his passion for adventure has taken its toll and he has burned through eight of his nine lives, he launches an epic journey to restore them by finding the mythical Last Wish.",
        "Language": "English, Spanish",
        "Country": "United States, Japan",
        "Awards": "Nominated for 1 Oscar. 8 wins & 58 nominations total",
        "Poster": "https://m.media-amazon.com/images/M/MV5BMzg0MWUzMjctYjVlOS00NzVjLWIwZDMtNzg1YzNkYzdjNTMwXkEyXkFqcGc@._V1_SX300.jpg",
        "Ratings": [
            {
                "Source": "Internet Movie Database",
                "Value": "7.8/10"
            },
            {
                "Source": "Metacritic",
                "Value": "73/100"
            }
        ],
        "Metascore": "73",
        "imdbRating": "7.8",
        "imdbVotes": "202,212",
        "imdbID": "tt3915174",
        "Type": "movie",
        "DVD": "N/A",
        "BoxOffice": "$186,090,535",
        "Production": "20th Century Fox",
        "Website": "N/A",
        "Response": "True"
    }
}