{
    "tmdb": {
        "adult": false,
        "backdrop_path": "/wYbOd1YdpDonQUHwRCTCY2grSq4.jpg",
        "belongs_to_collection": {
            "id": 1449595,
            "name": "Ne Zha Collection",
            "poster_path": "/viPFRE0WQ0bzeho71mSTYPwzIhA.jpg",
            "backdrop_path": "/8OASDLOz1buI3rhHsJJIrHPCWy4.jpg"
        },
        "budget": 22000000,
        "genres": [
            {
                "id": 16,
                "name": "Animation"
            },
            {
                "id": 14,
                "name": "Fantasy"
            },
            {
                "id": 12,
                "name": "Adventure"
            }
        ],
        "homepage": "https://www.wellgousa.com/films/ne-zha",
        "id": 615453,
        "imdb_id": "tt10627720",
        "origin_country": [
            "CN"
        ],
        "original_language": "zh",
        "original_title": "哪吒之魔童降世",
        "overview": "The Primus extracts a Mixed Yuan Bead into a Spirit Seed and a Demon Pill. The Spirit Seed can be reincarnated as a human to help King Zhou establish a new dynasty, whereas the Demon Pill will create a devil threatening humanity. Ne Zha is the one who is destined to be the hero, but instead he becomes a devil incarnate, because the Spirit Seed and a Demon Pill are switched.",
        "popularity": 16.8079,
        "poster_path": "/phM9bb6s9c60LA8qwsdk7U1N2cS.jpg",
        "production_companies": [
            {
                "id": 17818,
                "logo_path": "/tqImejhMUsOuuKCX2cySzaO7QTj.png",
                "name": "Beijing Enlight Pictures",
                "origin_country": "CN"
            },
            {
                "id": 121042,
                "logo_path": "/c8y6syie4YoN4Pzz62Lvu11UNz0.png",
                "name": "Horgos Coloroom Pictures",
                "origin_country": "CN"
            },
            {
                "id": 153486,
                "logo_path": "/389mBiWxOR04XM8233qcRFfx9TN.png",
                "name": "October Media",
                "origin_country": "CN"
            },
            {
                "id": 167789,
                "logo_path": null,
                "name": "Chengdu Coco Cartoon",
                "origin_country": "CN"
            }
        ],
        "production_countries": [
            {
                "iso_3166_1": "CN",
                "name": "China"
            }
        ],
        "release_date": "2019-07-26",
        "revenue": 742718496,
        "runtime": 110,
        "spoken_languages": [
            {
                "english_name": "Mandarin",
                "iso_639_1": "zh",
                "name": "普通话"
            }
        ],
        "status": "Released",
        "tagline": "Fight your fate",
        "title": "Ne Zha",
        "video": false,
        "vote_average": 7.893,
        "vote_count": 508
    },
    "omdb": {
        "Title": "Ne Zha",
        "Year": "2019",
        "Rated": "Not Rated",
        "Released": "26 Jul 2019",
        "Runtime": "110 min",
        "Genre": "Animation, Action, Adventure",
        "Director": "Yu Yang",
        "Writer": "Yu Yang, Yunyun Wei, Xixing Lu",
        "Actors": "Yanting Lü, Joseph, Mo Han",
        "Plot": "Born with unique powers, a boy is recruited to fight demons and save the community that fears him.",
        "Language": "Mandarin, Chinese, English",
        "Country": "China",
        "Awards": "21 wins & 24 nominations total",
        "Poster": "https://m.media-amazon.com/images/M/MV5BYmRlODVlZDAtNzcxOC00N2U2LWE4MmQtZTYzZjg3Yjg1MzUxXkEyXkFqcGc@._V1_SX300.jpg",
        "Ratings": [
            {
                "Source": "Internet Movie Database",
                "Value": "7.4/10"
            },
            {
                "Source": "Rotten Tomatoes",
                "Value": "88%"
            },
            {
                "Source": "Metacritic",
                "Value": "54/100"
            }
        ],
        "Metascore": "54",
        "imdbRating": "7.4",
        "imdbVotes": "11,780",
        "imdbID": "tt10627720",
        "Type": "movie",
        "DVD": "N/A",
        "BoxOffice": "$3,695,533",
        "Production": "N/A",
        "Website": "N/A",
        "Response": "True"
    }
}