{
    "tmdb": {
        "adult": false,
        "backdrop_path": "/44YfHklKam8COMUxDZop2Lnp0CS.jpg",
        "belongs_to_collection": null,
        "budget": 90000000,
        "genres": [
            {
                "id": 28,
                "name": "Action"
            },
            {
                "id": 80,
                "name": "Crime"
            },
            {
                "id": 53,
                "name": "Thriller"
            }
        ],
        "homepage": "https://www.netflix.com/title/81330790",
        "id": 668489,
        "imdb_id": "tt14123284",
        "origin_country": [
            "GB"
        ],
        "original_language": "en",
        "original_title": "Havoc",
        "overview": "When a drug heist swerves lethally out of control, a jaded cop fights his way through a corrupt city's criminal underworld to save a politician's son.",
        "popularity": 580.3429,
        "poster_path": "/r46leE6PSzLR3pnVzaxx5Q30yUF.jpg",
        "production_companies": [
            {
                "id": 12142,
                "logo_path": "/rPnEeMwxjI6rYMGqkWqIWwIJXxi.png",
                "name": "XYZ Films",
                "origin_country": "US"
            },
            {
                "id": 93637,
                "logo_path": "/aW4weh0t8yUm2e62w4t3KlKJsLX.png",
                "name": "Severn Screen",
                "origin_country": "GB"
            },
            {
                "id": 110036,
                "logo_path": null,
                "name": "One More One Productions",
                "origin_country": "GB"
            }
        ],
        "production_countries": [
            {
                "iso_3166_1": "GB",
                "name": "United Kingdom"
            },
            {
                "iso_3166_1": "US",
                "name": "United States of America"
            }
        ],
        "release_date": "2025-04-24",
        "revenue": 0,
        "runtime": 107,
        "spoken_languages": [
            {
                "english_name": "Cantonese",
                "iso_639_1": "cn",
                "name": "广州话 / 廣州話"
            },
            {
                "english_name": "English",
                "iso_639_1": "en",
                "name": "English"
            }
        ],
        "status": "Released",
        "tagline": "No law. Only disorder.",
        "title": "Havoc",
        "video": false,
        "vote_average": 6.615,
        "vote_count": 300
    },
    "omdb": {
        "Title": "Havoc",
        "Year": "2025",
        "Rated": "N/A",
        "Released": "25 Apr 2025",
        "Runtime": "105 min",
        "Genre": "Action, Crime, Drama",
        "Director": "Gareth Evans",
        "Writer": "Gareth Evans",
        "Actors": "Tom Hardy, Jessie Mei Li, Justin Cornwell",
        "Plot": "After a drug deal gone wrong, a bruised detective must fight his way through the criminal underworld to rescue a politician's estranged son, unraveling a deep web of corruption and conspiracy that ensnares his entire city.",
        "Language": "English",
        "Country": "United Kingdom, United States",
        "Awards": "N/A",
        "Poster": "https://m.media-amazon.com/images/M/MV5BOWFiNWVlOWYtYjg1NS00ZjQ0LWI3N2QtZjdmM2I5OGI3NTBjXkEyXkFqcGc@._V1_SX300.jpg",
        "Ratings": [],
        "Metascore": "N/A",
        "imdbRating": "N/A",
        "imdbVotes": "N/A",
        "imdbID": "tt14123284",
        "Type": "movie",
        "DVD": "N/A",
        "BoxOffice": "N/A",
        "Production": "N/A",
        "Website": "N/A",
        "Response": "True"
    }
}