{
    "tmdb": {
        "adult": false,
        "backdrop_path": "/k1YVyPL1ZvEXAOeBvNEuPweA3XY.jpg",
        "belongs_to_collection": null,
        "budget": 15000000,
        "genres": [
            {
                "id": 35,
                "name": "Comedy"
            }
        ],
        "homepage": "",
        "id": 2609,
        "imdb_id": "tt0093748",
        "origin_country": [
            "US"
        ],
        "original_language": "en",
        "original_title": "Planes, Trains and Automobiles",
        "overview": "An irritable marketing executive, Neal Page, is heading home to Chicago for Thanksgiving when a number of delays force him to travel with a well meaning but overbearing shower curtain ring salesman, Del Griffith.",
        "popularity": 47.0562,
        "poster_path": "/3RSucVsX96Ste8WDJfZP1hbNGqQ.jpg",
        "production_companies": [
            {
                "id": 4,
                "logo_path": "/gz66EfNoYPqHTYI4q9UEN4CbHRc.png",
                "name": "Paramount Pictures",
                "origin_country": "US"
            },
            {
                "id": 477,
                "logo_path": "/4wfCdggcE3ZG26uJpnAvyI0vEeL.png",
                "name": "Hughes Entertainment",
                "origin_country": "US"
            }
        ],
        "production_countries": [
            {
                "iso_3166_1": "US",
                "name": "United States of America"
            }
        ],
        "release_date": "1987-11-26",
        "revenue": 49500000,
        "runtime": 93,
        "spoken_languages": [
            {
                "english_name": "English",
                "iso_639_1": "en",
                "name": "English"
            }
        ],
        "status": "Released",
        "tagline": "What he really wanted was to spend Thanksgiving with his family. What he got was three days with the turkey.",
        "title": "Planes, Trains and Automobiles",
        "video": false,
        "vote_average": 7.252,
        "vote_count": 1993
    },
    "omdb": {
        "Title": "Planes, Trains & Automobiles",
        "Year": "1987",
        "Rated": "R",
        "Released": "25 Nov 1987",
        "Runtime": "93 min",
        "Genre": "Comedy, Drama",
        "Director": "John Hughes",
        "Writer": "John Hughes",
        "Actors": "Steve Martin, John Candy, Laila Robins",
        "Plot": "A Chicago advertising man must struggle to travel home from New York for Thanksgiving, with a lovable oaf of a shower-curtain-ring salesman as his only companion.",
        "Language": "English",
        "Country": "United States",
        "Awards": "1 nomination total",
        "Poster": "https://m.media-amazon.com/images/M/MV5BOWJhY2Y1Y2YtNjA0NC00ZjNkLTg2NWMtMjhhY2JiZDJhYTdmXkEyXkFqcGc@._V1_SX300.jpg",
        "Ratings": [
            {
                "Source": "Internet Movie Database",
                "Value": "7.6/10"
            },
            {
                "Source": "Rotten Tomatoes",
                "Value": "93%"
            },
            {
                "Source": "Metacritic",
                "Value": "72/100"
            }
        ],
        "Metascore": "72",
        "imdbRating": "7.6",
        "imdbVotes": "168,521",
        "imdbID": "tt0093748",
        "Type": "movie",
        "DVD": "N/A",
        "BoxOffice": "$49,530,280",
        "Production": "N/A",
        "Website": "N/A",
        "Response": "True"
    }
}