{
    "tmdb": {
        "adult": false,
        "backdrop_path": "/wNAhuOZ3Zf84jCIlrcI6JhgmY5q.jpg",
        "belongs_to_collection": {
            "id": 8945,
            "name": "Mad Max Collection",
            "poster_path": "/tRxkZboyyXnFgCthoViWBwISZ0r.jpg",
            "backdrop_path": "/fhv3dWOuzeW9eXOSlr8MCHwo24t.jpg"
        },
        "budget": 170000000,
        "genres": [
            {
                "id": 28,
                "name": "Action"
            },
            {
                "id": 878,
                "name": "Science Fiction"
            },
            {
                "id": 12,
                "name": "Adventure"
            }
        ],
        "homepage": "https://www.furiosaamadmaxsaga.com",
        "id": 786892,
        "imdb_id": "tt12037194",
        "origin_country": [
            "AU",
            "US"
        ],
        "original_language": "en",
        "original_title": "Furiosa: A Mad Max Saga",
        "overview": "As the world falls, young Furiosa is snatched from the Green Place of Many Mothers into the hands of a great biker horde led by the warlord Dementus. Sweeping through the wasteland, they encounter the citadel presided over by Immortan Joe. The two tyrants wage war for dominance, and Furiosa must survive many trials as she puts together the means to find her way home.",
        "popularity": 19.4636,
        "poster_path": "/iADOJ8Zymht2JPMoy3R7xceZprc.jpg",
        "production_companies": [
            {
                "id": 174,
                "logo_path": "/zhD3hhtKB5qyv7ZeL4uLpNxgMVU.png",
                "name": "Warner Bros. Pictures",
                "origin_country": "US"
            },
            {
                "id": 28382,
                "logo_path": "/eaQ9IuuaSNBeSdocdtGLvhXAHfg.png",
                "name": "Kennedy Miller Mitchell",
                "origin_country": "AU"
            },
            {
                "id": 216687,
                "logo_path": "/kKVYqekveOvLK1IgqdJojLjQvtu.png",
                "name": "Domain Entertainment",
                "origin_country": "US"
            }
        ],
        "production_countries": [
            {
                "iso_3166_1": "AU",
                "name": "Australia"
            },
            {
                "iso_3166_1": "US",
                "name": "United States of America"
            }
        ],
        "release_date": "2024-05-22",
        "revenue": 173775791,
        "runtime": 149,
        "spoken_languages": [
            {
                "english_name": "English",
                "iso_639_1": "en",
                "name": "English"
            },
            {
                "english_name": "Venda",
                "iso_639_1": "ve",
                "name": ""
            }
        ],
        "status": "Released",
        "tagline": "Fury is born.",
        "title": "Furiosa: A Mad Max Saga",
        "video": false,
        "vote_average": 7.482,
        "vote_count": 4101
    },
    "omdb": {
        "Title": "Furiosa: A Mad Max Saga",
        "Year": "2024",
        "Rated": "R",
        "Released": "24 May 2024",
        "Runtime": "148 min",
        "Genre": "Action, Adventure, Sci-Fi",
        "Director": "George Miller",
        "Writer": "George Miller, Nick Lathouris",
        "Actors": "Anya Taylor-Joy, Chris Hemsworth, Tom Burke",
        "Plot": "The origin story of renegade warrior Furiosa before her encounter and teamup with Mad Max.",
        "Language": "English",
        "Country": "Australia, United States",
        "Awards": "26 wins & 128 nominations total",
        "Poster": "https://m.media-amazon.com/images/M/MV5BNTcwYWE1NTYtOWNiYy00NzY3LWIwY2MtNjJmZDkxNDNmOWE1XkEyXkFqcGc@._V1_SX300.jpg",
        "Ratings": [
            {
                "Source": "Internet Movie Database",
                "Value": "7.5/10"
            },
            {
                "Source": "Rotten Tomatoes",
                "Value": "90%"
            },
            {
                "Source": "Metacritic",
                "Value": "79/100"
            }
        ],
        "Metascore": "79",
        "imdbRating": "7.5",
        "imdbVotes": "280,028",
        "imdbID": "tt12037194",
        "Type": "movie",
        "DVD": "N/A",
        "BoxOffice": "$67,475,791",
        "Production": "N/A",
        "Website": "N/A",
        "Response": "True"
    }
}