{
    "tmdb": {
        "adult": false,
        "backdrop_path": "/zn13a7U9eMTJq8sHthe3bCgsVm4.jpg",
        "belongs_to_collection": {
            "id": 121938,
            "name": "The Hobbit Collection",
            "poster_path": "/hQghXOjSS2xfzx9XnMyZqt8brCF.jpg",
            "backdrop_path": "/7wO7MSnP5UcwR2cTHdJFF1vP4Ie.jpg"
        },
        "budget": 250000000,
        "genres": [
            {
                "id": 28,
                "name": "Action"
            },
            {
                "id": 12,
                "name": "Adventure"
            },
            {
                "id": 14,
                "name": "Fantasy"
            }
        ],
        "homepage": "https://www.warnerbros.com/movies/hobbit-battle-five-armies/",
        "id": 122917,
        "imdb_id": "tt2310332",
        "origin_country": [
            "US"
        ],
        "original_language": "en",
        "original_title": "The Hobbit: The Battle of the Five Armies",
        "overview": "Following Smaug's attack on Laketown, Bilbo and the dwarves try to defend Erebor's mountain of treasure from others who claim it: the men of the ruined Laketown and the elves of Mirkwood. Meanwhile an army of Orcs led by Azog the Defiler is marching on Erebor, fueled by the rise of the dark lord Sauron. Dwarves, elves and men must unite, and the hope for Middle-Earth falls into Bilbo's hands.",
        "popularity": 15.9802,
        "poster_path": "/xT98tLqatZPQApyRmlPL12LtiWp.jpg",
        "production_companies": [
            {
                "id": 12,
                "logo_path": "/2ycs64eqV5rqKYHyQK0GVoKGvfX.png",
                "name": "New Line Cinema",
                "origin_country": "US"
            },
            {
                "id": 21,
                "logo_path": "/usUnaYV6hQnlVAXP6r4HwrlLFPG.png",
                "name": "Metro-Goldwyn-Mayer",
                "origin_country": "US"
            },
            {
                "id": 11,
                "logo_path": "/6FAuASQHybRkZUk08p9PzSs9ezM.png",
                "name": "WingNut Films",
                "origin_country": "NZ"
            }
        ],
        "production_countries": [
            {
                "iso_3166_1": "NZ",
                "name": "New Zealand"
            },
            {
                "iso_3166_1": "US",
                "name": "United States of America"
            }
        ],
        "release_date": "2014-12-10",
        "revenue": 956019788,
        "runtime": 144,
        "spoken_languages": [
            {
                "english_name": "English",
                "iso_639_1": "en",
                "name": "English"
            }
        ],
        "status": "Released",
        "tagline": "Witness the defining chapter of the Middle-Earth saga",
        "title": "The Hobbit: The Battle of the Five Armies",
        "video": false,
        "vote_average": 7.325,
        "vote_count": 14577
    },
    "omdb": {
        "Title": "The Hobbit: The Battle of the Five Armies",
        "Year": "2014",
        "Rated": "R",
        "Released": "17 Dec 2014",
        "Runtime": "144 min",
        "Genre": "Adventure, Fantasy",
        "Director": "Peter Jackson",
        "Writer": "Fran Walsh, Philippa Boyens, Peter Jackson",
        "Actors": "Ian McKellen, Martin Freeman, Richard Armitage",
        "Plot": "Bilbo Baggins and company are forced to engage in a war against an array of combatants and keep the Lonely Mountain from falling into the hands of a rising darkness.",
        "Language": "English",
        "Country": "New Zealand, United States",
        "Awards": "Nominated for 1 Oscar. 8 wins & 56 nominations total",
        "Poster": "https://m.media-amazon.com/images/M/MV5BMTYzNDE3OTQ3MF5BMl5BanBnXkFtZTgwODczMTg4MjE@._V1_SX300.jpg",
        "Ratings": [
            {
                "Source": "Internet Movie Database",
                "Value": "7.4/10"
            },
            {
                "Source": "Rotten Tomatoes",
                "Value": "59%"
            },
            {
                "Source": "Metacritic",
                "Value": "59/100"
            }
        ],
        "Metascore": "59",
        "imdbRating": "7.4",
        "imdbVotes": "595,482",
        "imdbID": "tt2310332",
        "Type": "movie",
        "DVD": "N/A",
        "BoxOffice": "$255,138,261",
        "Production": "N/A",
        "Website": "N/A",
        "Response": "True"
    }
}