{
    "tmdb": {
        "adult": false,
        "backdrop_path": "/vlnSG1EQi0ez2A6MkFfjovPfkES.jpg",
        "belongs_to_collection": {
            "id": 115776,
            "name": "Robert Langdon Collection",
            "poster_path": "/mZDeXsVhBxnWD3tGOQ69vKS3WYL.jpg",
            "backdrop_path": "/j1IqpLhCypllamjKe6C2RstjfEQ.jpg"
        },
        "budget": 125000000,
        "genres": [
            {
                "id": 53,
                "name": "Thriller"
            },
            {
                "id": 9648,
                "name": "Mystery"
            }
        ],
        "homepage": "http://www.sonypictures.com/movies/thedavincicode/",
        "id": 591,
        "imdb_id": "tt0382625",
        "origin_country": [
            "US"
        ],
        "original_language": "en",
        "original_title": "The Da Vinci Code",
        "overview": "A murder in Paris’ Louvre Museum and cryptic clues in some of Leonardo da Vinci’s most famous paintings lead to the discovery of a religious mystery. For 2,000 years a secret society closely guards information that — should it come to light — could rock the very foundations of Christianity.",
        "popularity": 20.2706,
        "poster_path": "/9ejKfNk0LBhSI9AahH4f9NJNZNM.jpg",
        "production_companies": [
            {
                "id": 23,
                "logo_path": "/bJOFo2ufq7iFC1F4qZm8aLxF5aS.png",
                "name": "Imagine Entertainment",
                "origin_country": "US"
            },
            {
                "id": 8253,
                "logo_path": null,
                "name": "Skylark Productions",
                "origin_country": ""
            }
        ],
        "production_countries": [
            {
                "iso_3166_1": "US",
                "name": "United States of America"
            }
        ],
        "release_date": "2006-05-17",
        "revenue": 760006945,
        "runtime": 149,
        "spoken_languages": [
            {
                "english_name": "English",
                "iso_639_1": "en",
                "name": "English"
            },
            {
                "english_name": "French",
                "iso_639_1": "fr",
                "name": "Français"
            },
            {
                "english_name": "Latin",
                "iso_639_1": "la",
                "name": "Latin"
            },
            {
                "english_name": "Spanish",
                "iso_639_1": "es",
                "name": "Español"
            }
        ],
        "status": "Released",
        "tagline": "Seek the truth.",
        "title": "The Da Vinci Code",
        "video": false,
        "vote_average": 6.7,
        "vote_count": 9506
    },
    "omdb": {
        "Title": "The Da Vinci Code",
        "Year": "2006",
        "Rated": "PG-13",
        "Released": "19 May 2006",
        "Runtime": "149 min",
        "Genre": "Mystery, Thriller",
        "Director": "Ron Howard",
        "Writer": "Akiva Goldsman, Dan Brown",
        "Actors": "Tom Hanks, Audrey Tautou, Jean Reno",
        "Plot": "A murder inside the Louvre, and clues in Da Vinci paintings, lead to the discovery of a religious mystery protected by a secret society for two thousand years, which could shake the foundations of Christianity.",
        "Language": "English, French, Latin, Spanish",
        "Country": "United States, Malta, France, United Kingdom",
        "Awards": "8 wins & 21 nominations total",
        "Poster": "https://m.media-amazon.com/images/M/MV5BMjIxMjQyMTc3Nl5BMl5BanBnXkFtZTcwMTA1MDUzMw@@._V1_SX300.jpg",
        "Ratings": [
            {
                "Source": "Internet Movie Database",
                "Value": "6.6/10"
            },
            {
                "Source": "Rotten Tomatoes",
                "Value": "25%"
            },
            {
                "Source": "Metacritic",
                "Value": "46/100"
            }
        ],
        "Metascore": "46",
        "imdbRating": "6.6",
        "imdbVotes": "468,386",
        "imdbID": "tt0382625",
        "Type": "movie",
        "DVD": "N/A",
        "BoxOffice": "$217,536,138",
        "Production": "N/A",
        "Website": "N/A",
        "Response": "True"
    }
}