{
    "tmdb": {
        "adult": false,
        "backdrop_path": "/p1PLSI5Nw2krGxD7X4ulul1tDAk.jpg",
        "belongs_to_collection": null,
        "budget": 33000000,
        "genres": [
            {
                "id": 80,
                "name": "Crime"
            },
            {
                "id": 9648,
                "name": "Mystery"
            },
            {
                "id": 53,
                "name": "Thriller"
            }
        ],
        "homepage": "http://www.sevenmovie.com/",
        "id": 807,
        "imdb_id": "tt0114369",
        "origin_country": [
            "US"
        ],
        "original_language": "en",
        "original_title": "Se7en",
        "overview": "Two homicide detectives are on a desperate hunt for a serial killer whose crimes are based on the \"seven deadly sins\" in this dark and haunting film that takes viewers from the tortured remains of one victim to the next. The seasoned Det. Somerset researches each sin in an effort to get inside the killer's mind, while his novice partner, Mills, scoffs at his efforts to unravel the case.",
        "popularity": 31.5055,
        "poster_path": "/191nKfP0ehp3uIvWqgPbFmI4lv9.jpg",
        "production_companies": [
            {
                "id": 12,
                "logo_path": "/2ycs64eqV5rqKYHyQK0GVoKGvfX.png",
                "name": "New Line Cinema",
                "origin_country": "US"
            },
            {
                "id": 4286,
                "logo_path": null,
                "name": "Juno Pix",
                "origin_country": "US"
            },
            {
                "id": 16775,
                "logo_path": null,
                "name": "Arnold Kopelson Productions",
                "origin_country": "US"
            }
        ],
        "production_countries": [
            {
                "iso_3166_1": "US",
                "name": "United States of America"
            }
        ],
        "release_date": "1995-09-22",
        "revenue": 327311859,
        "runtime": 127,
        "spoken_languages": [
            {
                "english_name": "English",
                "iso_639_1": "en",
                "name": "English"
            }
        ],
        "status": "Released",
        "tagline": "Seven deadly sins. Seven ways to die.",
        "title": "Se7en",
        "video": false,
        "vote_average": 8.375,
        "vote_count": 21671
    },
    "omdb": {
        "Title": "Se7en",
        "Year": "1995",
        "Rated": "R",
        "Released": "22 Sep 1995",
        "Runtime": "127 min",
        "Genre": "Crime, Drama, Mystery",
        "Director": "David Fincher",
        "Writer": "Andrew Kevin Walker",
        "Actors": "Morgan Freeman, Brad Pitt, Kevin Spacey",
        "Plot": "Two detectives, a rookie and a veteran, hunt a serial killer who uses the seven deadly sins as his motives.",
        "Language": "English",
        "Country": "United States",
        "Awards": "Nominated for 1 Oscar. 29 wins & 44 nominations total",
        "Poster": "https://m.media-amazon.com/images/M/MV5BY2IzNzMxZjctZjUxZi00YzAxLTk3ZjMtODFjODdhMDU5NDM1XkEyXkFqcGc@._V1_SX300.jpg",
        "Ratings": [
            {
                "Source": "Internet Movie Database",
                "Value": "8.6/10"
            },
            {
                "Source": "Rotten Tomatoes",
                "Value": "84%"
            },
            {
                "Source": "Metacritic",
                "Value": "65/100"
            }
        ],
        "Metascore": "65",
        "imdbRating": "8.6",
        "imdbVotes": "1,894,075",
        "imdbID": "tt0114369",
        "Type": "movie",
        "DVD": "N/A",
        "BoxOffice": "$101,040,643",
        "Production": "N/A",
        "Website": "N/A",
        "Response": "True"
    }
}