{
    "tmdb": {
        "adult": false,
        "backdrop_path": "/lAs4Y5a8Pi86xDwuv8cx2prOVI2.jpg",
        "belongs_to_collection": null,
        "budget": 297000000,
        "genres": [
            {
                "id": 12,
                "name": "Adventure"
            },
            {
                "id": 10751,
                "name": "Family"
            },
            {
                "id": 14,
                "name": "Fantasy"
            },
            {
                "id": 10749,
                "name": "Romance"
            }
        ],
        "homepage": "https://movies.disney.com/the-little-mermaid-2023",
        "id": 447277,
        "imdb_id": "tt5971474",
        "origin_country": [
            "US"
        ],
        "original_language": "en",
        "original_title": "The Little Mermaid",
        "overview": "The youngest of King Triton’s daughters, and the most defiant, Ariel longs to find out more about the world beyond the sea, and while visiting the surface, falls for the dashing Prince Eric. With mermaids forbidden to interact with humans, Ariel makes a deal with the evil sea witch, Ursula, which gives her a chance to experience life on land, but ultimately places her life – and her father’s crown – in jeopardy.",
        "popularity": 13.8114,
        "poster_path": "/ym1dxyOk4jFcSl4Q2zmRrA5BEEN.jpg",
        "production_companies": [
            {
                "id": 2,
                "logo_path": "/wdrCwmRnLFJhEoH8GSfymY85KHT.png",
                "name": "Walt Disney Pictures",
                "origin_country": "US"
            },
            {
                "id": 17021,
                "logo_path": null,
                "name": "Lucamar Productions",
                "origin_country": "US"
            },
            {
                "id": 2527,
                "logo_path": "/osO7TGmlRMistSQ5JZusPhbKUHk.png",
                "name": "Marc Platt Productions",
                "origin_country": "US"
            }
        ],
        "production_countries": [
            {
                "iso_3166_1": "US",
                "name": "United States of America"
            }
        ],
        "release_date": "2023-05-18",
        "revenue": 569626289,
        "runtime": 135,
        "spoken_languages": [
            {
                "english_name": "English",
                "iso_639_1": "en",
                "name": "English"
            }
        ],
        "status": "Released",
        "tagline": "Watch and you'll see, some day I'll be, part of your world!",
        "title": "The Little Mermaid",
        "video": false,
        "vote_average": 6.3,
        "vote_count": 3047
    },
    "omdb": {
        "Title": "The Little Mermaid",
        "Year": "2023",
        "Rated": "PG",
        "Released": "26 May 2023",
        "Runtime": "135 min",
        "Genre": "Adventure, Family, Fantasy",
        "Director": "Rob Marshall",
        "Writer": "David Magee, Hans Christian Andersen, John Musker",
        "Actors": "Halle Bailey, Jonah Hauer-King, Melissa McCarthy",
        "Plot": "A young mermaid makes a deal with a sea witch to trade her beautiful voice for human legs so she can discover the world above water and impress a prince.",
        "Language": "English",
        "Country": "United States",
        "Awards": "3 wins & 33 nominations total",
        "Poster": "https://m.media-amazon.com/images/M/MV5BMTM4MWY0OTEtY2E4ZC00NDdhLThkY2ItYTlmNWQxNTNkZTRmXkEyXkFqcGc@._V1_SX300.jpg",
        "Ratings": [
            {
                "Source": "Internet Movie Database",
                "Value": "7.2/10"
            },
            {
                "Source": "Rotten Tomatoes",
                "Value": "67%"
            },
            {
                "Source": "Metacritic",
                "Value": "59/100"
            }
        ],
        "Metascore": "59",
        "imdbRating": "7.2",
        "imdbVotes": "164,598",
        "imdbID": "tt5971474",
        "Type": "movie",
        "DVD": "N/A",
        "BoxOffice": "$298,172,056",
        "Production": "N/A",
        "Website": "N/A",
        "Response": "True"
    }
}