{
    "tmdb": {
        "adult": false,
        "backdrop_path": "/rOmUuQEZfPXglwFs5ELLLUDKodL.jpg",
        "belongs_to_collection": null,
        "budget": 250000000,
        "genres": [
            {
                "id": 28,
                "name": "Action"
            },
            {
                "id": 35,
                "name": "Comedy"
            },
            {
                "id": 14,
                "name": "Fantasy"
            }
        ],
        "homepage": "https://www.amazon.com/salp/redonemovie",
        "id": 845781,
        "imdb_id": "tt14948432",
        "origin_country": [
            "US"
        ],
        "original_language": "en",
        "original_title": "Red One",
        "overview": "After Santa Claus (codename: Red One) is kidnapped, the North Pole's Head of Security must team up with the world's most infamous tracker in a globe-trotting, action-packed mission to save Christmas.",
        "popularity": 39.8399,
        "poster_path": "/cdqLnri3NEGcmfnqwk2TSIYtddg.jpg",
        "production_companies": [
            {
                "id": 73669,
                "logo_path": "/pZ1sOLrUxvCvW1jODdCFgU6RxUA.png",
                "name": "Seven Bucks Productions",
                "origin_country": "US"
            },
            {
                "id": 92693,
                "logo_path": "/rMKRo8kFoJKxZr0MFEVRoZ8b54E.png",
                "name": "The Detective Agency",
                "origin_country": "US"
            },
            {
                "id": 25998,
                "logo_path": null,
                "name": "Chris Morgan Productions",
                "origin_country": "US"
            },
            {
                "id": 21,
                "logo_path": "/usUnaYV6hQnlVAXP6r4HwrlLFPG.png",
                "name": "Metro-Goldwyn-Mayer",
                "origin_country": "US"
            }
        ],
        "production_countries": [
            {
                "iso_3166_1": "US",
                "name": "United States of America"
            }
        ],
        "release_date": "2024-10-31",
        "revenue": 185700759,
        "runtime": 124,
        "spoken_languages": [
            {
                "english_name": "English",
                "iso_639_1": "en",
                "name": "English"
            }
        ],
        "status": "Released",
        "tagline": "The mission to save Christmas is on.",
        "title": "Red One",
        "video": false,
        "vote_average": 7.054,
        "vote_count": 2471
    },
    "omdb": {
        "Title": "Red One",
        "Year": "2024",
        "Rated": "PG-13",
        "Released": "15 Nov 2024",
        "Runtime": "123 min",
        "Genre": "Action, Adventure, Comedy",
        "Director": "Jake Kasdan",
        "Writer": "Chris Morgan, Hiram Garcia",
        "Actors": "Dwayne Johnson, Chris Evans, Lucy Liu",
        "Plot": "After Santa Claus is kidnapped, the North Pole's Head of Security must team up with a notorious hacker in a globe-trotting, action-packed mission to save Christmas.",
        "Language": "English",
        "Country": "United States, Canada",
        "Awards": "7 nominations total",
        "Poster": "https://m.media-amazon.com/images/M/MV5BZmFkMjE4NjQtZTVmZS00MDZjLWE2ZmEtZTkzODljNjhlNWUxXkEyXkFqcGc@._V1_SX300.jpg",
        "Ratings": [
            {
                "Source": "Internet Movie Database",
                "Value": "6.3/10"
            },
            {
                "Source": "Rotten Tomatoes",
                "Value": "30%"
            },
            {
                "Source": "Metacritic",
                "Value": "34/100"
            }
        ],
        "Metascore": "34",
        "imdbRating": "6.3",
        "imdbVotes": "137,223",
        "imdbID": "tt14948432",
        "Type": "movie",
        "DVD": "N/A",
        "BoxOffice": "$97,000,759",
        "Production": "N/A",
        "Website": "N/A",
        "Response": "True"
    }
}