{
    "tmdb": {
        "adult": false,
        "backdrop_path": "/eMnhkSuFELWgzgyWjJwk6U0yRZB.jpg",
        "belongs_to_collection": null,
        "budget": 0,
        "genres": [
            {
                "id": 53,
                "name": "Thriller"
            },
            {
                "id": 18,
                "name": "Drama"
            },
            {
                "id": 27,
                "name": "Horror"
            }
        ],
        "homepage": "",
        "id": 1114137,
        "imdb_id": "tt20674132",
        "origin_country": [
            "AU"
        ],
        "original_language": "en",
        "original_title": "Birdeater",
        "overview": "A bride-to-be is invited to her own fiancé's bachelor party, but when uncomfortable details about their relationship are exposed, the night takes a feral turn.",
        "popularity": 35.1351,
        "poster_path": "/dCyLLAINVblprot2cn5OZf0G0PA.jpg",
        "production_companies": [
            {
                "id": 175147,
                "logo_path": "/nA1ni12pZzxzqzpHosDDrJ99apx.png",
                "name": "Breathless Films",
                "origin_country": "AU"
            },
            {
                "id": 140710,
                "logo_path": "/2Ku4SoXWAFEkVvcqELktBc5LcDP.png",
                "name": "Fax Machine",
                "origin_country": "AU"
            },
            {
                "id": 198003,
                "logo_path": "/jdjjPvDBSQbcrTMQxmEYI2ZSVWe.png",
                "name": "Four Leg Films",
                "origin_country": "AU"
            },
            {
                "id": 4592,
                "logo_path": "/kgK8NV5jZtqsmnZv92s1I5DnLNX.png",
                "name": "Dark Sky Films",
                "origin_country": "US"
            }
        ],
        "production_countries": [
            {
                "iso_3166_1": "AU",
                "name": "Australia"
            }
        ],
        "release_date": "2024-07-18",
        "revenue": 0,
        "runtime": 115,
        "spoken_languages": [
            {
                "english_name": "English",
                "iso_639_1": "en",
                "name": "English"
            }
        ],
        "status": "Released",
        "tagline": "Just a quiet one.",
        "title": "Birdeater",
        "video": false,
        "vote_average": 5.208,
        "vote_count": 12
    },
    "omdb": {
        "Title": "Birdeater",
        "Year": "2023",
        "Rated": "N/A",
        "Released": "09 Mar 2024",
        "Runtime": "113 min",
        "Genre": "Drama, Thriller",
        "Director": "Jack Clark, Jim Weir",
        "Writer": "Jack Clark, Jim Weir",
        "Actors": "Mackenzie Fearnley, Shabana Azeez, Ben Hunter",
        "Plot": "A bride-to-be is invited to her fiancé's bachelor party, but when uncomfortable details of their relationship are exposed, the night takes a feral turn.",
        "Language": "English",
        "Country": "Australia",
        "Awards": "3 wins",
        "Poster": "https://m.media-amazon.com/images/M/MV5BNDUxYzI1MjYtMWQ4Ni00MWZiLWE4MTUtZjYwNmFkYzI3MTVmXkEyXkFqcGc@._V1_SX300.jpg",
        "Ratings": [
            {
                "Source": "Internet Movie Database",
                "Value": "6.6/10"
            },
            {
                "Source": "Rotten Tomatoes",
                "Value": "75%"
            }
        ],
        "Metascore": "N/A",
        "imdbRating": "6.6",
        "imdbVotes": "271",
        "imdbID": "tt20674132",
        "Type": "movie",
        "DVD": "N/A",
        "BoxOffice": "N/A",
        "Production": "N/A",
        "Website": "N/A",
        "Response": "True"
    }
}