{
    "tmdb": {
        "adult": false,
        "backdrop_path": "/lLh39Th5plbrQgbQ4zyIULsd0Pp.jpg",
        "belongs_to_collection": {
            "id": 535313,
            "name": "Godzilla Collection",
            "poster_path": "/inNN466SKHNjbGmpfhfsaPQNleS.jpg",
            "backdrop_path": "/rgUy42XHhUyrM1IZzSLYjQcchq4.jpg"
        },
        "budget": 150000000,
        "genres": [
            {
                "id": 28,
                "name": "Action"
            },
            {
                "id": 12,
                "name": "Adventure"
            },
            {
                "id": 878,
                "name": "Science Fiction"
            }
        ],
        "homepage": "https://www.godzillaxkongmovie.com",
        "id": 823464,
        "imdb_id": "tt14539740",
        "origin_country": [
            "US"
        ],
        "original_language": "en",
        "original_title": "Godzilla x Kong: The New Empire",
        "overview": "Following their explosive showdown, Godzilla and Kong must reunite against a colossal undiscovered threat hidden within our world, challenging their very existence – and our own.",
        "popularity": 28.0328,
        "poster_path": "/z1p34vh7dEOnLDmyCrlUVLuoDzd.jpg",
        "production_companies": [
            {
                "id": 923,
                "logo_path": "/5UQsZrfbfG2dYJbx8DxfoTr2Bvu.png",
                "name": "Legendary Pictures",
                "origin_country": "US"
            }
        ],
        "production_countries": [
            {
                "iso_3166_1": "US",
                "name": "United States of America"
            }
        ],
        "release_date": "2024-03-27",
        "revenue": 571750016,
        "runtime": 115,
        "spoken_languages": [
            {
                "english_name": "English",
                "iso_639_1": "en",
                "name": "English"
            }
        ],
        "status": "Released",
        "tagline": "Rise together or fall alone.",
        "title": "Godzilla x Kong: The New Empire",
        "video": false,
        "vote_average": 7.1,
        "vote_count": 4163
    },
    "omdb": {
        "Title": "Godzilla x Kong: The New Empire",
        "Year": "2024",
        "Rated": "PG-13",
        "Released": "29 Mar 2024",
        "Runtime": "115 min",
        "Genre": "Action, Adventure, Fantasy",
        "Director": "Adam Wingard",
        "Writer": "Terry Rossio, Adam Wingard, Simon Barrett",
        "Actors": "Rebecca Hall, Brian Tyree Henry, Dan Stevens",
        "Plot": "Two ancient titans, Godzilla and Kong, clash in an epic battle as humans unravel their intertwined origins and connection to Skull Island's mysteries.",
        "Language": "English",
        "Country": "United States, Australia",
        "Awards": "3 wins & 5 nominations total",
        "Poster": "https://m.media-amazon.com/images/M/MV5BMTY0N2MzODctY2ExYy00OWYxLTkyNDItMTVhZGIxZjliZjU5XkEyXkFqcGc@._V1_SX300.jpg",
        "Ratings": [
            {
                "Source": "Internet Movie Database",
                "Value": "6.0/10"
            },
            {
                "Source": "Rotten Tomatoes",
                "Value": "54%"
            },
            {
                "Source": "Metacritic",
                "Value": "47/100"
            }
        ],
        "Metascore": "47",
        "imdbRating": "6.0",
        "imdbVotes": "121,049",
        "imdbID": "tt14539740",
        "Type": "movie",
        "DVD": "N/A",
        "BoxOffice": "$196,350,016",
        "Production": "N/A",
        "Website": "N/A",
        "Response": "True"
    }
}