{
    "tmdb": {
        "adult": false,
        "backdrop_path": "/3SszodoxSiJRQVoFg9IRjrMcSuJ.jpg",
        "belongs_to_collection": null,
        "budget": 185000000,
        "genres": [
            {
                "id": 16,
                "name": "Animation"
            },
            {
                "id": 12,
                "name": "Adventure"
            },
            {
                "id": 35,
                "name": "Comedy"
            },
            {
                "id": 10751,
                "name": "Family"
            },
            {
                "id": 28,
                "name": "Action"
            },
            {
                "id": 14,
                "name": "Fantasy"
            }
        ],
        "homepage": "https://movies.disney.com/brave",
        "id": 62177,
        "imdb_id": "tt1217209",
        "origin_country": [
            "US"
        ],
        "original_language": "en",
        "original_title": "Brave",
        "overview": "Brave is set in the mystical Scottish Highlands, where Mérida is the princess of a kingdom ruled by King Fergus and Queen Elinor. An unruly daughter and an accomplished archer, Mérida one day defies a sacred custom of the land and inadvertently brings turmoil to the kingdom. In an attempt to set things right, Mérida seeks out an eccentric old Wise Woman and is granted an ill-fated wish. Also figuring into Mérida’s quest — and serving as comic relief — are the kingdom’s three lords: the enormous Lord MacGuffin, the surly Lord Macintosh, and the disagreeable Lord Dingwall.",
        "popularity": 18.1742,
        "poster_path": "/1XAuDtMWpL0sYSFK0R6EZate2Ux.jpg",
        "production_companies": [
            {
                "id": 2,
                "logo_path": "/wdrCwmRnLFJhEoH8GSfymY85KHT.png",
                "name": "Walt Disney Pictures",
                "origin_country": "US"
            },
            {
                "id": 3,
                "logo_path": "/1TjvGVDMYsj6JBxOAkUHpPEwLf7.png",
                "name": "Pixar",
                "origin_country": "US"
            }
        ],
        "production_countries": [
            {
                "iso_3166_1": "US",
                "name": "United States of America"
            }
        ],
        "release_date": "2012-06-21",
        "revenue": 539000000,
        "runtime": 93,
        "spoken_languages": [
            {
                "english_name": "English",
                "iso_639_1": "en",
                "name": "English"
            }
        ],
        "status": "Released",
        "tagline": "Change your fate.",
        "title": "Brave",
        "video": false,
        "vote_average": 7.02,
        "vote_count": 13569
    },
    "omdb": {
        "Title": "Brave",
        "Year": "2012",
        "Rated": "PG",
        "Released": "22 Jun 2012",
        "Runtime": "93 min",
        "Genre": "Animation, Action, Adventure",
        "Director": "Mark Andrews, Brenda Chapman, Steve Purcell",
        "Writer": "Brenda Chapman, Mark Andrews, Steve Purcell",
        "Actors": "Kelly Macdonald, Billy Connolly, Emma Thompson",
        "Plot": "Determined to make her own path in life, Princess Merida defies a custom that brings chaos to her kingdom. Granted one wish, Merida must rely on her bravery and her archery skills to undo a beastly curse.",
        "Language": "English",
        "Country": "United States, Japan, United Kingdom",
        "Awards": "Won 1 Oscar. 20 wins & 48 nominations total",
        "Poster": "https://m.media-amazon.com/images/M/MV5BMzgwODk3ODA1NF5BMl5BanBnXkFtZTcwNjU3NjQ0Nw@@._V1_SX300.jpg",
        "Ratings": [
            {
                "Source": "Internet Movie Database",
                "Value": "7.1/10"
            },
            {
                "Source": "Rotten Tomatoes",
                "Value": "78%"
            },
            {
                "Source": "Metacritic",
                "Value": "69/100"
            }
        ],
        "Metascore": "69",
        "imdbRating": "7.1",
        "imdbVotes": "459,211",
        "imdbID": "tt1217209",
        "Type": "movie",
        "DVD": "N/A",
        "BoxOffice": "$237,283,207",
        "Production": "N/A",
        "Website": "N/A",
        "Response": "True"
    }
}