{
    "tmdb": {
        "adult": false,
        "backdrop_path": "/vbk5CfaAHOjQPSAcYm6AoRRz2Af.jpg",
        "belongs_to_collection": {
            "id": 1241,
            "name": "Harry Potter Collection",
            "poster_path": "/s4hXqX1VyWMc2ctJRuNBDB7YNJ3.jpg",
            "backdrop_path": "/kmEsQL2vOTA0jnM28fXS45Ky8kX.jpg"
        },
        "budget": 130000000,
        "genres": [
            {
                "id": 12,
                "name": "Adventure"
            },
            {
                "id": 14,
                "name": "Fantasy"
            }
        ],
        "homepage": "https://www.warnerbros.com/movies/harry-potter-and-prisoner-azkaban/",
        "id": 673,
        "imdb_id": "tt0304141",
        "origin_country": [
            "GB"
        ],
        "original_language": "en",
        "original_title": "Harry Potter and the Prisoner of Azkaban",
        "overview": "Year three at Hogwarts means new fun and challenges as Harry learns the delicate art of approaching a Hippogriff, transforming shape-shifting Boggarts into hilarity and even turning back time. But the term also brings danger: soul-sucking Dementors hover over the school, an ally of the accursed He-Who-Cannot-Be-Named lurks within the castle walls, and fearsome wizard Sirius Black escapes Azkaban. And Harry will confront them all.",
        "popularity": 33.0327,
        "poster_path": "/aWxwnYoe8p2d2fcxOqtvAtJ72Rw.jpg",
        "production_companies": [
            {
                "id": 174,
                "logo_path": "/zhD3hhtKB5qyv7ZeL4uLpNxgMVU.png",
                "name": "Warner Bros. Pictures",
                "origin_country": "US"
            },
            {
                "id": 436,
                "logo_path": "/A7WCkG3F0NFvjGCwUnclpGdIu9E.png",
                "name": "1492 Pictures",
                "origin_country": "US"
            },
            {
                "id": 437,
                "logo_path": "/nu20mtwbEIhUNnQ5NXVhHsNknZj.png",
                "name": "Heyday Films",
                "origin_country": "GB"
            },
            {
                "id": 19092,
                "logo_path": null,
                "name": "P of A Productions Limited",
                "origin_country": ""
            }
        ],
        "production_countries": [
            {
                "iso_3166_1": "GB",
                "name": "United Kingdom"
            },
            {
                "iso_3166_1": "US",
                "name": "United States of America"
            }
        ],
        "release_date": "2004-05-31",
        "revenue": 789804554,
        "runtime": 141,
        "spoken_languages": [
            {
                "english_name": "English",
                "iso_639_1": "en",
                "name": "English"
            }
        ],
        "status": "Released",
        "tagline": "Something wicked this way comes.",
        "title": "Harry Potter and the Prisoner of Azkaban",
        "video": false,
        "vote_average": 8.0,
        "vote_count": 22070
    },
    "omdb": {
        "Title": "Harry Potter and the Prisoner of Azkaban",
        "Year": "2004",
        "Rated": "PG",
        "Released": "04 Jun 2004",
        "Runtime": "142 min",
        "Genre": "Adventure, Family, Fantasy",
        "Director": "Alfonso Cuarón",
        "Writer": "J.K. Rowling, Steve Kloves",
        "Actors": "Daniel Radcliffe, Emma Watson, Rupert Grint",
        "Plot": "Harry Potter, Ron and Hermione return to Hogwarts School of Witchcraft and Wizardry for their third year of study, where they delve into the mystery surrounding an escaped prisoner who poses a dangerous threat to the young wizard.",
        "Language": "English, Latin, Old English",
        "Country": "United Kingdom, United States",
        "Awards": "Nominated for 2 Oscars. 17 wins & 56 nominations total",
        "Poster": "https://m.media-amazon.com/images/M/MV5BMTY4NTIwODg0N15BMl5BanBnXkFtZTcwOTc0MjEzMw@@._V1_SX300.jpg",
        "Ratings": [
            {
                "Source": "Internet Movie Database",
                "Value": "7.9/10"
            },
            {
                "Source": "Rotten Tomatoes",
                "Value": "91%"
            },
            {
                "Source": "Metacritic",
                "Value": "82/100"
            }
        ],
        "Metascore": "82",
        "imdbRating": "7.9",
        "imdbVotes": "727,285",
        "imdbID": "tt0304141",
        "Type": "movie",
        "DVD": "N/A",
        "BoxOffice": "$250,105,651",
        "Production": "N/A",
        "Website": "N/A",
        "Response": "True"
    }
}