{
    "tmdb": {
        "adult": false,
        "backdrop_path": "/cMnVmutb5mVgIBeiMOncAbwNjvG.jpg",
        "belongs_to_collection": {
            "id": 968052,
            "name": "The Nun Collection",
            "poster_path": "/pieXUME7lgVJuSlXQqLCpCn0yZl.jpg",
            "backdrop_path": "/bKpqH9y3SjovMM3VqzezBbJtuf7.jpg"
        },
        "budget": 22000000,
        "genres": [
            {
                "id": 27,
                "name": "Horror"
            }
        ],
        "homepage": "http://www.thenunmovie.com/",
        "id": 439079,
        "imdb_id": "tt5814060",
        "origin_country": [
            "US"
        ],
        "original_language": "en",
        "original_title": "The Nun",
        "overview": "A priest with a haunted past and a novice on the threshold of her final vows are sent by the Vatican to investigate the death of a young nun in Romania and confront a malevolent force in the form of a demonic nun.",
        "popularity": 12.1161,
        "poster_path": "/sFC1ElvoKGdHJIWRpNB3xWJ9lJA.jpg",
        "production_companies": [
            {
                "id": 12,
                "logo_path": "/2ycs64eqV5rqKYHyQK0GVoKGvfX.png",
                "name": "New Line Cinema",
                "origin_country": "US"
            },
            {
                "id": 76907,
                "logo_path": "/ygMQtjsKX7BZkCQhQZY82lgnCUO.png",
                "name": "Atomic Monster",
                "origin_country": "US"
            },
            {
                "id": 11565,
                "logo_path": "/S74cHHbIrdmb5M51Pft72Uo9Gz.png",
                "name": "The Safran Company",
                "origin_country": "US"
            }
        ],
        "production_countries": [
            {
                "iso_3166_1": "US",
                "name": "United States of America"
            }
        ],
        "release_date": "2018-09-05",
        "revenue": 366082797,
        "runtime": 96,
        "spoken_languages": [
            {
                "english_name": "Latin",
                "iso_639_1": "la",
                "name": "Latin"
            },
            {
                "english_name": "French",
                "iso_639_1": "fr",
                "name": "Français"
            },
            {
                "english_name": "English",
                "iso_639_1": "en",
                "name": "English"
            },
            {
                "english_name": "Mandarin",
                "iso_639_1": "zh",
                "name": "普通话"
            },
            {
                "english_name": "Romanian",
                "iso_639_1": "ro",
                "name": "Română"
            }
        ],
        "status": "Released",
        "tagline": "Pray for forgiveness",
        "title": "The Nun",
        "video": false,
        "vote_average": 5.895,
        "vote_count": 6776
    },
    "omdb": {
        "Title": "The Nun",
        "Year": "2018",
        "Rated": "R",
        "Released": "07 Sep 2018",
        "Runtime": "96 min",
        "Genre": "Horror, Mystery, Thriller",
        "Director": "Corin Hardy",
        "Writer": "Gary Dauberman, James Wan",
        "Actors": "Demián Bichir, Taissa Farmiga, Jonas Bloquet",
        "Plot": "A priest with a haunted past and a novice on the threshold of her final vows are sent by the Vatican to investigate the death of a young nun in Romania and confront a malevolent force in the form of a demonic nun.",
        "Language": "English, French, Romanian, Latin",
        "Country": "United States",
        "Awards": "2 wins & 1 nomination total",
        "Poster": "https://m.media-amazon.com/images/M/MV5BMjM3NzQ5NDcxOF5BMl5BanBnXkFtZTgwNzM4MTQ5NTM@._V1_SX300.jpg",
        "Ratings": [
            {
                "Source": "Internet Movie Database",
                "Value": "5.4/10"
            },
            {
                "Source": "Rotten Tomatoes",
                "Value": "24%"
            },
            {
                "Source": "Metacritic",
                "Value": "46/100"
            }
        ],
        "Metascore": "46",
        "imdbRating": "5.4",
        "imdbVotes": "181,019",
        "imdbID": "tt5814060",
        "Type": "movie",
        "DVD": "N/A",
        "BoxOffice": "$117,481,222",
        "Production": "N/A",
        "Website": "N/A",
        "Response": "True"
    }
}