{
    "tmdb": {
        "adult": false,
        "backdrop_path": "/egyi9TQjLhNEQuEsK1dXovdHOHL.jpg",
        "belongs_to_collection": null,
        "budget": 42000000,
        "genres": [
            {
                "id": 10749,
                "name": "Romance"
            },
            {
                "id": 35,
                "name": "Comedy"
            }
        ],
        "homepage": "http://www.notting-hill.com/",
        "id": 509,
        "imdb_id": "tt0125439",
        "origin_country": [
            "GB"
        ],
        "original_language": "en",
        "original_title": "Notting Hill",
        "overview": "London bookstore owner William Thacker's quiet life turns upside down when a chance encounter with famous actress Anna Scott sparks an unlikely romance challenged by their vastly different worlds.",
        "popularity": 17.7792,
        "poster_path": "/hHRIf2XHeQMbyRb3HUx19SF5Ujw.jpg",
        "production_companies": [
            {
                "id": 10163,
                "logo_path": "/16KWBMmfPX0aJzDExDrPxSLj0Pg.png",
                "name": "Working Title Films",
                "origin_country": "GB"
            },
            {
                "id": 283,
                "logo_path": null,
                "name": "Notting Hill Pictures",
                "origin_country": "GB"
            },
            {
                "id": 232374,
                "logo_path": null,
                "name": "Duncan Kenworthy Productions",
                "origin_country": "GB"
            }
        ],
        "production_countries": [
            {
                "iso_3166_1": "GB",
                "name": "United Kingdom"
            }
        ],
        "release_date": "1999-05-21",
        "revenue": 363889678,
        "runtime": 124,
        "spoken_languages": [
            {
                "english_name": "English",
                "iso_639_1": "en",
                "name": "English"
            }
        ],
        "status": "Released",
        "tagline": "Can the most famous film star in the world fall for the man on the street?",
        "title": "Notting Hill",
        "video": false,
        "vote_average": 7.265,
        "vote_count": 6268
    },
    "omdb": {
        "Title": "Notting Hill",
        "Year": "1999",
        "Rated": "PG-13",
        "Released": "28 May 1999",
        "Runtime": "124 min",
        "Genre": "Comedy, Drama, Romance",
        "Director": "Roger Michell",
        "Writer": "Richard Curtis",
        "Actors": "Hugh Grant, Julia Roberts, Richard McCabe",
        "Plot": "A set of circumstances makes Anna Scott, a famous actress, fall in love with William Thacker, owner of a bookstore in Notting Hill. But the paparazzi's fascination with her complicates their bond.",
        "Language": "English, Spanish, French",
        "Country": "United Kingdom, United States",
        "Awards": "Won 1 BAFTA Award11 wins & 17 nominations total",
        "Poster": "https://m.media-amazon.com/images/M/MV5BZjY3YWI5OTMtYTdlNy00ZTZiLWEwYjItN2M1MGVkMDM4ZDExXkEyXkFqcGc@._V1_SX300.jpg",
        "Ratings": [
            {
                "Source": "Internet Movie Database",
                "Value": "7.2/10"
            },
            {
                "Source": "Rotten Tomatoes",
                "Value": "84%"
            },
            {
                "Source": "Metacritic",
                "Value": "68/100"
            }
        ],
        "Metascore": "68",
        "imdbRating": "7.2",
        "imdbVotes": "363,533",
        "imdbID": "tt0125439",
        "Type": "movie",
        "DVD": "N/A",
        "BoxOffice": "$116,089,678",
        "Production": "N/A",
        "Website": "N/A",
        "Response": "True"
    }
}