{
    "tmdb": {
        "adult": false,
        "backdrop_path": "/n3pJwYuPnkw7JX7tOMbH0GRfBPn.jpg",
        "belongs_to_collection": null,
        "budget": 1488423,
        "genres": [
            {
                "id": 14,
                "name": "Fantasy"
            },
            {
                "id": 16,
                "name": "Animation"
            },
            {
                "id": 10751,
                "name": "Family"
            }
        ],
        "homepage": "http://movies.disney.com/snow-white-and-the-seven-dwarfs",
        "id": 408,
        "imdb_id": "tt0029583",
        "origin_country": [
            "US"
        ],
        "original_language": "en",
        "original_title": "Snow White and the Seven Dwarfs",
        "overview": "A beautiful girl, Snow White, takes refuge in the forest in the house of seven dwarfs to hide from her stepmother, the wicked Queen. The Queen is jealous because she wants to be known as \"the fairest in the land,\" and Snow White's beauty surpasses her own.",
        "popularity": 23.949,
        "poster_path": "/3VAHfuNb6Z7UiW12iYKANSPBl8m.jpg",
        "production_companies": [
            {
                "id": 3166,
                "logo_path": "/vyyv4Gy9nPqAZKElPm2izLlEaVS.png",
                "name": "Walt Disney Productions",
                "origin_country": "US"
            }
        ],
        "production_countries": [
            {
                "iso_3166_1": "US",
                "name": "United States of America"
            }
        ],
        "release_date": "1938-01-14",
        "revenue": 184925486,
        "runtime": 83,
        "spoken_languages": [
            {
                "english_name": "English",
                "iso_639_1": "en",
                "name": "English"
            }
        ],
        "status": "Released",
        "tagline": "The Happiest, Dopiest, Grumpiest, Sneeziest movie of the year.",
        "title": "Snow White and the Seven Dwarfs",
        "video": false,
        "vote_average": 7.1,
        "vote_count": 7578
    },
    "omdb": {
        "Title": "Snow White and the Seven Dwarfs",
        "Year": "1937",
        "Rated": "Approved",
        "Released": "04 Feb 1938",
        "Runtime": "83 min",
        "Genre": "Animation, Adventure, Family",
        "Director": "William Cottrell, David Hand, Wilfred Jackson",
        "Writer": "Jacob Grimm, Wilhelm Grimm, Ted Sears",
        "Actors": "Adriana Caselotti, Harry Stockwell, Lucille La Verne",
        "Plot": "Exiled into the dangerous forest by her wicked stepmother, a princess is rescued by seven dwarf miners who make her part of their household.",
        "Language": "English",
        "Country": "United States",
        "Awards": "Nominated for 1 Oscar. 13 wins & 6 nominations total",
        "Poster": "https://m.media-amazon.com/images/M/MV5BMTQwMzE2Mzc4M15BMl5BanBnXkFtZTcwMTE4NTc1Nw@@._V1_SX300.jpg",
        "Ratings": [
            {
                "Source": "Internet Movie Database",
                "Value": "7.6/10"
            },
            {
                "Source": "Metacritic",
                "Value": "96/100"
            }
        ],
        "Metascore": "96",
        "imdbRating": "7.6",
        "imdbVotes": "229,816",
        "imdbID": "tt0029583",
        "Type": "movie",
        "DVD": "27 Mar 2007",
        "BoxOffice": "$184,925,486",
        "Production": "N/A",
        "Website": "N/A",
        "Response": "True"
    }
}