{
    "tmdb": {
        "adult": false,
        "backdrop_path": "/xQyGkQ8ICa4lgifGr3oZjkm3AJ2.jpg",
        "belongs_to_collection": null,
        "budget": 40000000,
        "genres": [
            {
                "id": 18,
                "name": "Drama"
            }
        ],
        "homepage": "https://www.thefabelmans.movie",
        "id": 804095,
        "imdb_id": "tt14208870",
        "origin_country": [
            "US"
        ],
        "original_language": "en",
        "original_title": "The Fabelmans",
        "overview": "Growing up in post-World War II era Arizona, young Sammy Fabelman aspires to become a filmmaker as he reaches adolescence, but soon discovers a shattering family secret and explores how the power of films can help him see the truth.",
        "popularity": 17.9402,
        "poster_path": "/h7llKkqkkJtJrTOaDLuVeUYDQ7I.jpg",
        "production_companies": [
            {
                "id": 56,
                "logo_path": "/cEaxANEisCqeEoRvODv2dO1I0iI.png",
                "name": "Amblin Entertainment",
                "origin_country": "US"
            },
            {
                "id": 190543,
                "logo_path": null,
                "name": "Reliance Entertainment",
                "origin_country": ""
            }
        ],
        "production_countries": [
            {
                "iso_3166_1": "US",
                "name": "United States of America"
            }
        ],
        "release_date": "2022-11-11",
        "revenue": 45629909,
        "runtime": 151,
        "spoken_languages": [
            {
                "english_name": "English",
                "iso_639_1": "en",
                "name": "English"
            },
            {
                "english_name": "Portuguese",
                "iso_639_1": "pt",
                "name": "Português"
            }
        ],
        "status": "Released",
        "tagline": "Capture every moment.",
        "title": "The Fabelmans",
        "video": false,
        "vote_average": 7.607,
        "vote_count": 2464
    },
    "omdb": {
        "Title": "The Fabelmans",
        "Year": "2022",
        "Rated": "PG-13",
        "Released": "23 Nov 2022",
        "Runtime": "151 min",
        "Genre": "Drama",
        "Director": "Steven Spielberg",
        "Writer": "Steven Spielberg, Tony Kushner",
        "Actors": "Michelle Williams, Gabriel LaBelle, Paul Dano",
        "Plot": "Growing up in post-World War II era Arizona, young Sammy Fabelman aspires to become a filmmaker as he reaches adolescence, but soon discovers a shattering family secret and explores how the power of films can help him see the truth.",
        "Language": "English",
        "Country": "United States, India",
        "Awards": "Nominated for 7 Oscars. 31 wins & 299 nominations total",
        "Poster": "https://m.media-amazon.com/images/M/MV5BNDY5OWY4ZWYtYTM3OC00Zjg5LWFlYzYtYWI5ZGM1MDcxYzY4XkEyXkFqcGc@._V1_SX300.jpg",
        "Ratings": [
            {
                "Source": "Internet Movie Database",
                "Value": "7.5/10"
            },
            {
                "Source": "Rotten Tomatoes",
                "Value": "92%"
            },
            {
                "Source": "Metacritic",
                "Value": "85/100"
            }
        ],
        "Metascore": "85",
        "imdbRating": "7.5",
        "imdbVotes": "127,065",
        "imdbID": "tt14208870",
        "Type": "movie",
        "DVD": "N/A",
        "BoxOffice": "$17,348,945",
        "Production": "N/A",
        "Website": "N/A",
        "Response": "True"
    }
}