{
    "tmdb": {
        "adult": false,
        "backdrop_path": "/unthV1mq9llhEinIMPcCUImFodt.jpg",
        "belongs_to_collection": null,
        "budget": 0,
        "genres": [
            {
                "id": 878,
                "name": "Science Fiction"
            },
            {
                "id": 12,
                "name": "Adventure"
            }
        ],
        "homepage": "https://www.marvel.com/movies/the-fantastic-four-first-steps",
        "id": 617126,
        "imdb_id": "tt10676052",
        "origin_country": [
            "US"
        ],
        "original_language": "en",
        "original_title": "The Fantastic Four: First Steps",
        "overview": "Against the vibrant backdrop of a 1960s-inspired, retro-futuristic world, Marvel's First Family is forced to balance their roles as heroes with the strength of their family bond, while defending Earth from a ravenous space god called Galactus and his enigmatic Herald, Silver Surfer.",
        "popularity": 20.5873,
        "poster_path": "/x26MtUlwtWD26d0G0FXcppxCJio.jpg",
        "production_companies": [
            {
                "id": 420,
                "logo_path": "/hUzeosd33nzE5MCNsZxCGEKTXaQ.png",
                "name": "Marvel Studios",
                "origin_country": "US"
            },
            {
                "id": 176762,
                "logo_path": null,
                "name": "Kevin Feige Productions",
                "origin_country": "US"
            },
            {
                "id": 127928,
                "logo_path": "/h0rjX5vjW5r8yEnUBStFarjcLT4.png",
                "name": "20th Century Studios",
                "origin_country": "US"
            }
        ],
        "production_countries": [
            {
                "iso_3166_1": "US",
                "name": "United States of America"
            }
        ],
        "release_date": "2025-07-23",
        "revenue": 0,
        "runtime": 0,
        "spoken_languages": [
            {
                "english_name": "English",
                "iso_639_1": "en",
                "name": "English"
            }
        ],
        "status": "Post Production",
        "tagline": "Welcome to the family.",
        "title": "The Fantastic Four: First Steps",
        "video": false,
        "vote_average": 0.0,
        "vote_count": 0
    },
    "omdb": {
        "Title": "The Fantastic Four: First Steps",
        "Year": "2025",
        "Rated": "N/A",
        "Released": "25 Jul 2025",
        "Runtime": "2 min",
        "Genre": "Action, Adventure, Sci-Fi",
        "Director": "Matt Shakman",
        "Writer": "Peter Cameron, Josh Friedman, Jeff Kaplan",
        "Actors": "Pedro Pascal, Vanessa Kirby, Joseph Quinn",
        "Plot": "Forced to balance their roles as heroes with the strength of their family bond, the Fantastic Four must defend Earth from a ravenous space god called Galactus and his enigmatic Herald, Silver Surfer.",
        "Language": "English",
        "Country": "United States",
        "Awards": "N/A",
        "Poster": "https://m.media-amazon.com/images/M/MV5BY2U5MjM2MWEtYTU2ZC00YjkyLWE2ZTctYzI1ZDI3Y2IzNGVkXkEyXkFqcGc@._V1_SX300.jpg",
        "Ratings": [],
        "Metascore": "N/A",
        "imdbRating": "N/A",
        "imdbVotes": "N/A",
        "imdbID": "tt10676052",
        "Type": "movie",
        "DVD": "N/A",
        "BoxOffice": "N/A",
        "Production": "N/A",
        "Website": "N/A",
        "Response": "True"
    }
}