{
    "tmdb": {
        "adult": false,
        "backdrop_path": "/46Os8U0DEPmI0OnvKDxucl6SLVZ.jpg",
        "belongs_to_collection": {
            "id": 1162328,
            "name": "Talk to Me Collection",
            "poster_path": "/oNG1XQpMTbAuItS10y7pTSURwyG.jpg",
            "backdrop_path": "/brtSrbFFfYB9liimgRzBb0JHaaz.jpg"
        },
        "budget": 4500000,
        "genres": [
            {
                "id": 27,
                "name": "Horror"
            }
        ],
        "homepage": "https://umbrellaent.com.au/movie/talk-to-me",
        "id": 1008042,
        "imdb_id": "tt10638522",
        "origin_country": [
            "AU"
        ],
        "original_language": "en",
        "original_title": "Talk to Me",
        "overview": "When a group of friends discover how to conjure spirits using an embalmed hand, they become hooked on the new thrill, until one of them goes too far and unleashes terrifying supernatural forces.",
        "popularity": 14.2018,
        "poster_path": "/kdPMUMJzyYAc4roD52qavX0nLIC.jpg",
        "production_companies": [
            {
                "id": 32301,
                "logo_path": "/5VG9QRUCSDez359VNqcTmOLOH3C.png",
                "name": "Causeway Films",
                "origin_country": "AU"
            },
            {
                "id": 7584,
                "logo_path": "/eGkfvvyf4fJTvBUR1xt1669IPA3.png",
                "name": "Screen Australia",
                "origin_country": "AU"
            },
            {
                "id": 2806,
                "logo_path": "/vxOhCbpsRBh10m6LZ3HyImTYpPY.png",
                "name": "South Australian Film Corporation",
                "origin_country": "AU"
            },
            {
                "id": 61922,
                "logo_path": "/aGPysvtFfH8d8UjekpZD3GT9m7k.png",
                "name": "Bankside Films",
                "origin_country": "GB"
            },
            {
                "id": 5056,
                "logo_path": "/583ITs4w9sK31FnJwKiRwapTpzb.png",
                "name": "Head Gear Films",
                "origin_country": "GB"
            },
            {
                "id": 25954,
                "logo_path": "/oga9DS7GZGbZ0iZ4JFuVTBMBv1C.png",
                "name": "Metrol Technology",
                "origin_country": "GB"
            }
        ],
        "production_countries": [
            {
                "iso_3166_1": "AU",
                "name": "Australia"
            },
            {
                "iso_3166_1": "GB",
                "name": "United Kingdom"
            }
        ],
        "release_date": "2023-07-26",
        "revenue": 92000000,
        "runtime": 94,
        "spoken_languages": [
            {
                "english_name": "English",
                "iso_639_1": "en",
                "name": "English"
            },
            {
                "english_name": "Greek",
                "iso_639_1": "el",
                "name": "ελληνικά"
            }
        ],
        "status": "Released",
        "tagline": "You call. They'll answer.",
        "title": "Talk to Me",
        "video": false,
        "vote_average": 7.16,
        "vote_count": 3190
    },
    "omdb": {
        "Title": "Talk to Me",
        "Year": "2022",
        "Rated": "R",
        "Released": "28 Jul 2023",
        "Runtime": "95 min",
        "Genre": "Horror, Thriller",
        "Director": "Danny Philippou, Michael Philippou",
        "Writer": "Danny Philippou, Bill Hinzman, Daley Pearson",
        "Actors": "Ari McCarthy, Hamish Phillips, Kit Erhart-Bruce",
        "Plot": "When a group of friends discover how to conjure spirits using an embalmed hand, they become hooked on the new thrill, until one of them goes too far and unleashes terrifying supernatural forces.",
        "Language": "English, French, Greek",
        "Country": "Australia, United Kingdom",
        "Awards": "21 wins & 51 nominations total",
        "Poster": "https://m.media-amazon.com/images/M/MV5BY2I2NzJmY2YtYTM3Ni00ZGJhLThkZTItODFhMzhlZjZkMDQ5XkEyXkFqcGc@._V1_SX300.jpg",
        "Ratings": [
            {
                "Source": "Internet Movie Database",
                "Value": "7.1/10"
            },
            {
                "Source": "Metacritic",
                "Value": "76/100"
            }
        ],
        "Metascore": "76",
        "imdbRating": "7.1",
        "imdbVotes": "178,457",
        "imdbID": "tt10638522",
        "Type": "movie",
        "DVD": "N/A",
        "BoxOffice": "$48,299,436",
        "Production": "N/A",
        "Website": "N/A",
        "Response": "True"
    }
}