{
    "tmdb": {
        "adult": false,
        "backdrop_path": "/wb34q3VgzHgL8frVMywrN3wXmqx.jpg",
        "belongs_to_collection": null,
        "budget": 6000000,
        "genres": [
            {
                "id": 27,
                "name": "Horror"
            },
            {
                "id": 35,
                "name": "Comedy"
            }
        ],
        "homepage": "https://www.shaunofthedeadmovie.com",
        "id": 747,
        "imdb_id": "tt0365748",
        "origin_country": [
            "GB"
        ],
        "original_language": "en",
        "original_title": "Shaun of the Dead",
        "overview": "Shaun lives a supremely uneventful life, which revolves around his girlfriend, his mother, and, above all, his local pub. This gentle routine is threatened when the dead return to life and make strenuous attempts to snack on ordinary Londoners.",
        "popularity": 13.5785,
        "poster_path": "/dgXPhzNJH8HFTBjXPB177yNx6RI.jpg",
        "production_companies": [
            {
                "id": 442,
                "logo_path": null,
                "name": "WT² Productions",
                "origin_country": "GB"
            },
            {
                "id": 443,
                "logo_path": "/wibNj4tELmsnCFlf5ldLik37Urr.png",
                "name": "Big Talk Studios",
                "origin_country": "GB"
            }
        ],
        "production_countries": [
            {
                "iso_3166_1": "GB",
                "name": "United Kingdom"
            }
        ],
        "release_date": "2004-04-09",
        "revenue": 39396175,
        "runtime": 99,
        "spoken_languages": [
            {
                "english_name": "English",
                "iso_639_1": "en",
                "name": "English"
            }
        ],
        "status": "Released",
        "tagline": "A romantic comedy. With zombies.",
        "title": "Shaun of the Dead",
        "video": false,
        "vote_average": 7.537,
        "vote_count": 8691
    },
    "omdb": {
        "Title": "Shaun of the Dead",
        "Year": "2004",
        "Rated": "R",
        "Released": "24 Sep 2004",
        "Runtime": "99 min",
        "Genre": "Comedy, Horror",
        "Director": "Edgar Wright",
        "Writer": "Simon Pegg, Edgar Wright",
        "Actors": "Simon Pegg, Nick Frost, Kate Ashfield",
        "Plot": "The uneventful, aimless lives of a London electronics salesman and his layabout roommate are disrupted by the zombie apocalypse.",
        "Language": "English",
        "Country": "United Kingdom, France, United States",
        "Awards": "Nominated for 3 BAFTA 14 wins & 20 nominations total",
        "Poster": "https://m.media-amazon.com/images/M/MV5BNzNjZGE4YTUtOWU3OC00Mzg2LThjNWItMzUwYzEwMDgxYmVjXkEyXkFqcGc@._V1_SX300.jpg",
        "Ratings": [
            {
                "Source": "Internet Movie Database",
                "Value": "7.9/10"
            },
            {
                "Source": "Rotten Tomatoes",
                "Value": "92%"
            },
            {
                "Source": "Metacritic",
                "Value": "76/100"
            }
        ],
        "Metascore": "76",
        "imdbRating": "7.9",
        "imdbVotes": "615,526",
        "imdbID": "tt0365748",
        "Type": "movie",
        "DVD": "N/A",
        "BoxOffice": "$14,461,359",
        "Production": "N/A",
        "Website": "N/A",
        "Response": "True"
    }
}