{
    "tmdb": {
        "adult": false,
        "backdrop_path": "/9Er1TPFQg2N4yBJQnkJAwoiiE6A.jpg",
        "belongs_to_collection": null,
        "budget": 0,
        "genres": [
            {
                "id": 18,
                "name": "Drama"
            },
            {
                "id": 53,
                "name": "Thriller"
            }
        ],
        "homepage": "",
        "id": 773543,
        "imdb_id": "tt14453030",
        "origin_country": [
            "RU"
        ],
        "original_language": "ru",
        "original_title": "Соври мне правду",
        "overview": "A couple in love spends time away from civilization. The sudden arrival of the younger sister first, and then the girl's ex-boyfriend, violate the country idyll. Each of the heroes has his own plan for this weekend, and together they become hostages of the situation and participants in cruel psychological games. Falling in love gives way to passion, and innocent flirting causes jealousy and can lead to mortal danger.",
        "popularity": 12.383,
        "poster_path": "/fPUI4KHQKggOdJg9YIBCFEecuU5.jpg",
        "production_companies": [
            {
                "id": 114676,
                "logo_path": "/aVsos0RDN9Ib7H8nW5Vv5kHKykz.png",
                "name": "START Studio",
                "origin_country": "RU"
            },
            {
                "id": 152633,
                "logo_path": "/oatpyPulNQrxppkTNqJtzN3qJBd.png",
                "name": "Okapi Production",
                "origin_country": "RU"
            }
        ],
        "production_countries": [
            {
                "iso_3166_1": "RU",
                "name": "Russia"
            }
        ],
        "release_date": "2021-09-09",
        "revenue": 0,
        "runtime": 89,
        "spoken_languages": [
            {
                "english_name": "Russian",
                "iso_639_1": "ru",
                "name": "Pусский"
            }
        ],
        "status": "Released",
        "tagline": "",
        "title": "Fib the Truth",
        "video": false,
        "vote_average": 5.696,
        "vote_count": 69
    },
    "omdb": {
        "Title": "Lie to Me the Truth",
        "Year": "2021",
        "Rated": "N/A",
        "Released": "09 Sep 2021",
        "Runtime": "87 min",
        "Genre": "Drama, Thriller",
        "Director": "Olga Akatieva",
        "Writer": "Elena Gudkova, Dmitriy Magonov, Viktoriya Ostrovskaya",
        "Actors": "Evgeniy Romantsov, Darya Melnikova, Elizaveta Kononova",
        "Plot": "A couple in love spends time away from civilization, but the sudden arrivals of the younger sister and then the girl's ex-boyfriend violate the country idyll.",
        "Language": "Russian",
        "Country": "Russia",
        "Awards": "N/A",
        "Poster": "https://m.media-amazon.com/images/M/MV5BOTNjYzViYTktMjQ2My00NDgyLWI0YTEtNzg0YTE5MzA1MWZkXkEyXkFqcGc@._V1_SX300.jpg",
        "Ratings": [
            {
                "Source": "Internet Movie Database",
                "Value": "4.0/10"
            }
        ],
        "Metascore": "N/A",
        "imdbRating": "4.0",
        "imdbVotes": "491",
        "imdbID": "tt14453030",
        "Type": "movie",
        "DVD": "N/A",
        "BoxOffice": "N/A",
        "Production": "N/A",
        "Website": "N/A",
        "Response": "True"
    }
}