{
    "tmdb": {
        "adult": false,
        "backdrop_path": "/mUYV0ZdsDEliGaQahcQH1F3grsP.jpg",
        "belongs_to_collection": {
            "id": 87236,
            "name": "Mulan Collection",
            "poster_path": "/6Kjizag3KnUNDaBkN9LZKfnlBxY.jpg",
            "backdrop_path": "/1KkIBhX5MTwVoNJzD0JMv059Ck0.jpg"
        },
        "budget": 90000000,
        "genres": [
            {
                "id": 16,
                "name": "Animation"
            },
            {
                "id": 10751,
                "name": "Family"
            },
            {
                "id": 12,
                "name": "Adventure"
            }
        ],
        "homepage": "",
        "id": 10674,
        "imdb_id": "tt0120762",
        "origin_country": [
            "US"
        ],
        "original_language": "en",
        "original_title": "Mulan",
        "overview": "To save her father from certain death in the army, a young woman secretly enlists in his place and becomes one of China's greatest heroines in the process.",
        "popularity": 15.6574,
        "poster_path": "/bj3iSjLlkwHtJrPmvHXa8P7edI9.jpg",
        "production_companies": [
            {
                "id": 2,
                "logo_path": "/wdrCwmRnLFJhEoH8GSfymY85KHT.png",
                "name": "Walt Disney Pictures",
                "origin_country": "US"
            },
            {
                "id": 171656,
                "logo_path": "/4UBohOtIr9DtxylH48Qsg6aDow6.png",
                "name": "Walt Disney Feature Animation",
                "origin_country": "US"
            }
        ],
        "production_countries": [
            {
                "iso_3166_1": "US",
                "name": "United States of America"
            }
        ],
        "release_date": "1998-06-18",
        "revenue": 304320254,
        "runtime": 88,
        "spoken_languages": [
            {
                "english_name": "English",
                "iso_639_1": "en",
                "name": "English"
            },
            {
                "english_name": "Mandarin",
                "iso_639_1": "zh",
                "name": "普通话"
            }
        ],
        "status": "Released",
        "tagline": "THE FLOWER THAT BLOOMS IN ADVERSITY IS THE MOST RARE AND BEAUTIFUL OF ALL.",
        "title": "Mulan",
        "video": false,
        "vote_average": 7.906,
        "vote_count": 9899
    },
    "omdb": {
        "Title": "Mulan",
        "Year": "1998",
        "Rated": "G",
        "Released": "19 Jun 1998",
        "Runtime": "87 min",
        "Genre": "Animation, Adventure, Comedy",
        "Director": "Tony Bancroft, Barry Cook",
        "Writer": "Robert D. San Souci, Rita Hsiao, Chris Sanders",
        "Actors": "Ming-Na Wen, Eddie Murphy, BD Wong",
        "Plot": "To save her father from death in the army, a young maiden secretly goes in his place and becomes one of China's greatest heroines in the process.",
        "Language": "English, Mandarin",
        "Country": "United States",
        "Awards": "Nominated for 1 Oscar. 17 wins & 21 nominations total",
        "Poster": "https://m.media-amazon.com/images/M/MV5BYzU0ZTQxZDktOGY0Yy00NjdiLTllNDItMTMzMjI1YjMyYjRhXkEyXkFqcGc@._V1_SX300.jpg",
        "Ratings": [
            {
                "Source": "Internet Movie Database",
                "Value": "7.7/10"
            },
            {
                "Source": "Rotten Tomatoes",
                "Value": "92%"
            },
            {
                "Source": "Metacritic",
                "Value": "72/100"
            }
        ],
        "Metascore": "72",
        "imdbRating": "7.7",
        "imdbVotes": "330,926",
        "imdbID": "tt0120762",
        "Type": "movie",
        "DVD": "N/A",
        "BoxOffice": "$120,620,254",
        "Production": "N/A",
        "Website": "N/A",
        "Response": "True"
    }
}