{
    "tmdb": {
        "adult": false,
        "backdrop_path": "/jDaNT5nqQKhjpnkPfnSdndZsKeg.jpg",
        "belongs_to_collection": null,
        "budget": 0,
        "genres": [
            {
                "id": 18,
                "name": "Drama"
            }
        ],
        "homepage": "",
        "id": 288986,
        "imdb_id": "tt0189544",
        "origin_country": [
            "IT"
        ],
        "original_language": "it",
        "original_title": "La gemella erotica",
        "overview": "A psychiatrist named Tony sees two identical twin sisters, Norma and Mary. Norma and Mary are apparently very different from each other, to the point of conflict.",
        "popularity": 22.851,
        "poster_path": "/omNyUDmuRSmXX1xcstnoPo8zntZ.jpg",
        "production_companies": [],
        "production_countries": [],
        "release_date": "1980-08-05",
        "revenue": 0,
        "runtime": 82,
        "spoken_languages": [
            {
                "english_name": "Italian",
                "iso_639_1": "it",
                "name": "Italiano"
            }
        ],
        "status": "Released",
        "tagline": "",
        "title": "The Erotic Twin",
        "video": false,
        "vote_average": 2.7,
        "vote_count": 5
    },
    "omdb": {
        "Title": "La gemella erotica",
        "Year": "1980",
        "Rated": "N/A",
        "Released": "14 Nov 1980",
        "Runtime": "82 min",
        "Genre": "Thriller",
        "Director": "Alberto Cavallone",
        "Writer": "Alberto Cavallone, Rodolfo Puttignani",
        "Actors": "Patrizia Behn, Danilo Micheli, Pauline Teutscher",
        "Plot": "A psychiatrist named Tony sees two identical twin sisters, Norma and Mary. Norma and Mary are apparently very different from each other, to the point of conflict.",
        "Language": "Italian",
        "Country": "Italy",
        "Awards": "N/A",
        "Poster": "https://m.media-amazon.com/images/M/MV5BNzBmODhhYjItMmY3ZC00MjEyLWI4MjgtYTM4ZmMwNDMyOGU1L2ltYWdlL2ltYWdlXkEyXkFqcGdeQXVyMTQ3Njg3MQ@@._V1_SX300.jpg",
        "Ratings": [
            {
                "Source": "Internet Movie Database",
                "Value": "5.1/10"
            }
        ],
        "Metascore": "N/A",
        "imdbRating": "5.1",
        "imdbVotes": "51",
        "imdbID": "tt0189544",
        "Type": "movie",
        "DVD": "N/A",
        "BoxOffice": "N/A",
        "Production": "N/A",
        "Website": "N/A",
        "Response": "True"
    }
}