{
    "tmdb": {
        "adult": false,
        "backdrop_path": "/gT4XVSEmGKOJ0EgSEUTfCeqgEtc.jpg",
        "belongs_to_collection": null,
        "budget": 130000000,
        "genres": [
            {
                "id": 878,
                "name": "Science Fiction"
            },
            {
                "id": 28,
                "name": "Action"
            },
            {
                "id": 53,
                "name": "Thriller"
            }
        ],
        "homepage": "https://www.sonypictures.com/movies/godzilla",
        "id": 929,
        "imdb_id": "tt0120685",
        "origin_country": [
            "US"
        ],
        "original_language": "en",
        "original_title": "Godzilla",
        "overview": "French nuclear tests irradiate an iguana into a giant monster that viciously attacks freighter ships in the Pacific Ocean. A team of experts, including Niko Tatopoulos, conclude that the oversized reptile is the culprit. Before long, the giant lizard is loose in Manhattan as the US military races to destroy the monster before it reproduces and it's spawn takes over the world.",
        "popularity": 15.5328,
        "poster_path": "/xJVl1I95StraYAwaNbBkVoWE2qA.jpg",
        "production_companies": [
            {
                "id": 882,
                "logo_path": "/fRSWWjquvzcHjACbtF53utZFIll.png",
                "name": "TOHO",
                "origin_country": "JP"
            },
            {
                "id": 559,
                "logo_path": "/eC0bWHVjnjUducyA6YFoEFqnPMC.png",
                "name": "TriStar Pictures",
                "origin_country": "US"
            },
            {
                "id": 2833,
                "logo_path": "/a3aoOysGArJDIwPtxYCqF5LMVKs.png",
                "name": "Independent Pictures",
                "origin_country": "US"
            },
            {
                "id": 11343,
                "logo_path": null,
                "name": "Fried Films",
                "origin_country": ""
            },
            {
                "id": 347,
                "logo_path": "/1wpVtAaWLqvFJVVbyzTAf7U4JPX.png",
                "name": "Centropolis Entertainment",
                "origin_country": "US"
            }
        ],
        "production_countries": [
            {
                "iso_3166_1": "US",
                "name": "United States of America"
            },
            {
                "iso_3166_1": "JP",
                "name": "Japan"
            }
        ],
        "release_date": "1998-05-20",
        "revenue": 379014294,
        "runtime": 138,
        "spoken_languages": [
            {
                "english_name": "English",
                "iso_639_1": "en",
                "name": "English"
            },
            {
                "english_name": "French",
                "iso_639_1": "fr",
                "name": "Français"
            },
            {
                "english_name": "Japanese",
                "iso_639_1": "ja",
                "name": "日本語"
            },
            {
                "english_name": "Russian",
                "iso_639_1": "ru",
                "name": "Pусский"
            },
            {
                "english_name": "Spanish",
                "iso_639_1": "es",
                "name": "Español"
            }
        ],
        "status": "Released",
        "tagline": "Size does matter.",
        "title": "Godzilla",
        "video": false,
        "vote_average": 5.628,
        "vote_count": 3970
    },
    "omdb": {
        "Title": "Godzilla",
        "Year": "1998",
        "Rated": "PG-13",
        "Released": "20 May 1998",
        "Runtime": "139 min",
        "Genre": "Action, Sci-Fi, Thriller",
        "Director": "Roland Emmerich",
        "Writer": "Dean Devlin, Roland Emmerich, Ted Elliott",
        "Actors": "Matthew Broderick, Jean Reno, Maria Pitillo",
        "Plot": "French nuclear tests irradiate an iguana into a giant monster that heads off to New York City. The American military must chase the monster across the city to stop it before it reproduces.",
        "Language": "English, French, Japanese, Russian, Spanish",
        "Country": "United States, Japan",
        "Awards": "10 wins & 13 nominations total",
        "Poster": "https://m.media-amazon.com/images/M/MV5BMzdmYmUzYjAtMmJhNi00NGU3LWJiODYtM2I5MGFhZjBhM2NhXkEyXkFqcGc@._V1_SX300.jpg",
        "Ratings": [
            {
                "Source": "Internet Movie Database",
                "Value": "5.5/10"
            },
            {
                "Source": "Rotten Tomatoes",
                "Value": "20%"
            },
            {
                "Source": "Metacritic",
                "Value": "32/100"
            }
        ],
        "Metascore": "32",
        "imdbRating": "5.5",
        "imdbVotes": "208,125",
        "imdbID": "tt0120685",
        "Type": "movie",
        "DVD": "N/A",
        "BoxOffice": "$136,314,294",
        "Production": "N/A",
        "Website": "N/A",
        "Response": "True"
    }
}