{
    "tmdb": {
        "adult": false,
        "backdrop_path": "/6c7j7MQCczzNVvcrNEiXbs8Kt2p.jpg",
        "belongs_to_collection": null,
        "budget": 70000000,
        "genres": [
            {
                "id": 28,
                "name": "Action"
            },
            {
                "id": 18,
                "name": "Drama"
            },
            {
                "id": 53,
                "name": "Thriller"
            }
        ],
        "homepage": "",
        "id": 9509,
        "imdb_id": "tt0328107",
        "origin_country": [
            "US"
        ],
        "original_language": "en",
        "original_title": "Man on Fire",
        "overview": "Jaded ex-CIA operative John Creasy reluctantly accepts a job as the bodyguard for a 10-year-old girl in Mexico City. They clash at first, but eventually bond, and when she's kidnapped he's consumed by fury and will stop at nothing to save her life.",
        "popularity": 13.6603,
        "poster_path": "/grCGLCcTHv9TChibzOwzUpykcjB.jpg",
        "production_companies": [
            {
                "id": 711,
                "logo_path": "/tEiIH5QesdheJmDAqQwvtN60727.png",
                "name": "Fox 2000 Pictures",
                "origin_country": "US"
            },
            {
                "id": 508,
                "logo_path": "/7cxRWzi4LsVm4Utfpr1hfARNurT.png",
                "name": "Regency Enterprises",
                "origin_country": "US"
            },
            {
                "id": 10104,
                "logo_path": "/4sGWXoboEkWPphI6es6rTmqkCBh.png",
                "name": "New Regency Pictures",
                "origin_country": "US"
            },
            {
                "id": 1645,
                "logo_path": "/6Ry6uNBaa0IbbSs1XYIgX5DkA9r.png",
                "name": "Scott Free Productions",
                "origin_country": "GB"
            },
            {
                "id": 1171,
                "logo_path": "/wp7NwsxxHT8sqPaek6SlxnXlkP4.png",
                "name": "Epsilon Motion Pictures",
                "origin_country": "CH"
            }
        ],
        "production_countries": [
            {
                "iso_3166_1": "CH",
                "name": "Switzerland"
            },
            {
                "iso_3166_1": "GB",
                "name": "United Kingdom"
            },
            {
                "iso_3166_1": "US",
                "name": "United States of America"
            }
        ],
        "release_date": "2004-04-23",
        "revenue": 130300000,
        "runtime": 146,
        "spoken_languages": [
            {
                "english_name": "English",
                "iso_639_1": "en",
                "name": "English"
            },
            {
                "english_name": "Spanish",
                "iso_639_1": "es",
                "name": "Español"
            }
        ],
        "status": "Released",
        "tagline": "Creasy's art is death, and he is about to paint his masterpiece.",
        "title": "Man on Fire",
        "video": false,
        "vote_average": 7.457,
        "vote_count": 5243
    },
    "omdb": {
        "Title": "Man on Fire",
        "Year": "2004",
        "Rated": "R",
        "Released": "23 Apr 2004",
        "Runtime": "146 min",
        "Genre": "Crime, Drama, Thriller",
        "Director": "Tony Scott",
        "Writer": "A.J. Quinnell, Brian Helgeland",
        "Actors": "Denzel Washington, Christopher Walken, Dakota Fanning",
        "Plot": "In Mexico City, a former CIA operative swears vengeance on those who committed an unspeakable act against the family he was hired to protect.",
        "Language": "English, Spanish",
        "Country": "Switzerland, United Kingdom, United States, Mexico",
        "Awards": "1 win & 7 nominations",
        "Poster": "https://m.media-amazon.com/images/M/MV5BMGMzNjg3ZDgtOGNlNy00NTdjLWI2NDEtMjI1MmEwMTBmMjMxXkEyXkFqcGc@._V1_SX300.jpg",
        "Ratings": [
            {
                "Source": "Internet Movie Database",
                "Value": "7.7/10"
            },
            {
                "Source": "Rotten Tomatoes",
                "Value": "38%"
            },
            {
                "Source": "Metacritic",
                "Value": "47/100"
            }
        ],
        "Metascore": "47",
        "imdbRating": "7.7",
        "imdbVotes": "398,021",
        "imdbID": "tt0328107",
        "Type": "movie",
        "DVD": "N/A",
        "BoxOffice": "$77,911,774",
        "Production": "N/A",
        "Website": "N/A",
        "Response": "True"
    }
}