{
    "tmdb": {
        "adult": false,
        "backdrop_path": "/4pl165EUdvveHCr4J4YcHVA1MnD.jpg",
        "belongs_to_collection": null,
        "budget": 57000000,
        "genres": [
            {
                "id": 80,
                "name": "Crime"
            },
            {
                "id": 28,
                "name": "Action"
            },
            {
                "id": 878,
                "name": "Science Fiction"
            }
        ],
        "homepage": "https://www.warnerbros.com/movies/demolition-man",
        "id": 9739,
        "imdb_id": "tt0106697",
        "origin_country": [
            "US"
        ],
        "original_language": "en",
        "original_title": "Demolition Man",
        "overview": "In 1996, brash L.A. detective John Spartan and maniac killer Simon Phoenix are both sentenced to decades in a cryogenic prison as punishment for a rescue mission gone wrong. When Phoenix escapes 36 years later to wreak havoc on the future, Spartan is awakened to capture his nemesis the old-fashioned way.",
        "popularity": 13.7426,
        "poster_path": "/dq6AmlVFo92PRuoLCcIyFdoRuxf.jpg",
        "production_companies": [
            {
                "id": 1885,
                "logo_path": "/xlvoOZr4s1PygosrwZyolIFe5xs.png",
                "name": "Silver Pictures",
                "origin_country": "US"
            },
            {
                "id": 174,
                "logo_path": "/zhD3hhtKB5qyv7ZeL4uLpNxgMVU.png",
                "name": "Warner Bros. Pictures",
                "origin_country": "US"
            }
        ],
        "production_countries": [
            {
                "iso_3166_1": "US",
                "name": "United States of America"
            }
        ],
        "release_date": "1993-10-08",
        "revenue": 58055768,
        "runtime": 115,
        "spoken_languages": [
            {
                "english_name": "English",
                "iso_639_1": "en",
                "name": "English"
            }
        ],
        "status": "Released",
        "tagline": "The future isn't big enough for the both of them.",
        "title": "Demolition Man",
        "video": false,
        "vote_average": 6.736,
        "vote_count": 3796
    },
    "omdb": {
        "Title": "Demolition Man",
        "Year": "1993",
        "Rated": "R",
        "Released": "08 Oct 1993",
        "Runtime": "115 min",
        "Genre": "Action, Sci-Fi, Thriller",
        "Director": "Marco Brambilla",
        "Writer": "Peter M. Lenkov, Robert Reneau, Daniel Waters",
        "Actors": "Sylvester Stallone, Wesley Snipes, Sandra Bullock",
        "Plot": "A police officer is brought out of suspended animation in prison to pursue an old ultra-violent nemesis who is loose in a non-violent future society.",
        "Language": "English",
        "Country": "United States",
        "Awards": "1 win & 7 nominations total",
        "Poster": "https://m.media-amazon.com/images/M/MV5BNWY3ZThmN2QtMzVkNS00MjczLTllNDQtOGEwN2M0ZTFkMWMzXkEyXkFqcGc@._V1_SX300.jpg",
        "Ratings": [
            {
                "Source": "Internet Movie Database",
                "Value": "6.7/10"
            },
            {
                "Source": "Rotten Tomatoes",
                "Value": "64%"
            },
            {
                "Source": "Metacritic",
                "Value": "34/100"
            }
        ],
        "Metascore": "34",
        "imdbRating": "6.7",
        "imdbVotes": "202,044",
        "imdbID": "tt0106697",
        "Type": "movie",
        "DVD": "N/A",
        "BoxOffice": "$58,055,768",
        "Production": "N/A",
        "Website": "N/A",
        "Response": "True"
    }
}