{
    "tmdb": {
        "adult": false,
        "backdrop_path": "/tmU7GeKVybMWFButWEGl2M4GeiP.jpg",
        "belongs_to_collection": {
            "id": 230,
            "name": "The Godfather Collection",
            "poster_path": "/zVb22YOMgljCEYbXlvCvEiN4VwT.jpg",
            "backdrop_path": "/mDMCET9Ens5ANvZAWRpluBsMAtS.jpg"
        },
        "budget": 6000000,
        "genres": [
            {
                "id": 18,
                "name": "Drama"
            },
            {
                "id": 80,
                "name": "Crime"
            }
        ],
        "homepage": "http://www.thegodfather.com/",
        "id": 238,
        "imdb_id": "tt0068646",
        "origin_country": [
            "US"
        ],
        "original_language": "en",
        "original_title": "The Godfather",
        "overview": "Spanning the years 1945 to 1955, a chronicle of the fictional Italian-American Corleone crime family. When organized crime family patriarch, Vito Corleone barely survives an attempt on his life, his youngest son, Michael steps in to take care of the would-be killers, launching a campaign of bloody revenge.",
        "popularity": 34.3809,
        "poster_path": "/3bhkrj58Vtu7enYsRolD1fZdja1.jpg",
        "production_companies": [
            {
                "id": 4,
                "logo_path": "/gz66EfNoYPqHTYI4q9UEN4CbHRc.png",
                "name": "Paramount Pictures",
                "origin_country": "US"
            },
            {
                "id": 10211,
                "logo_path": null,
                "name": "Alfran Productions",
                "origin_country": "US"
            }
        ],
        "production_countries": [
            {
                "iso_3166_1": "US",
                "name": "United States of America"
            }
        ],
        "release_date": "1972-03-14",
        "revenue": 245066411,
        "runtime": 175,
        "spoken_languages": [
            {
                "english_name": "English",
                "iso_639_1": "en",
                "name": "English"
            },
            {
                "english_name": "Italian",
                "iso_639_1": "it",
                "name": "Italiano"
            },
            {
                "english_name": "Latin",
                "iso_639_1": "la",
                "name": "Latin"
            }
        ],
        "status": "Released",
        "tagline": "An offer you can't refuse.",
        "title": "The Godfather",
        "video": false,
        "vote_average": 8.687,
        "vote_count": 21388
    },
    "omdb": {
        "Title": "The Godfather",
        "Year": "1972",
        "Rated": "R",
        "Released": "24 Mar 1972",
        "Runtime": "175 min",
        "Genre": "Crime, Drama",
        "Director": "Francis Ford Coppola",
        "Writer": "Mario Puzo, Francis Ford Coppola",
        "Actors": "Marlon Brando, Al Pacino, James Caan",
        "Plot": "The aging patriarch of an organized crime dynasty transfers control of his clandestine empire to his reluctant son.",
        "Language": "English, Italian, Latin",
        "Country": "United States",
        "Awards": "Won 3 Oscars. 31 wins & 31 nominations total",
        "Poster": "https://m.media-amazon.com/images/M/MV5BNGEwYjgwOGQtYjg5ZS00Njc1LTk2ZGEtM2QwZWQ2NjdhZTE5XkEyXkFqcGc@._V1_SX300.jpg",
        "Ratings": [
            {
                "Source": "Internet Movie Database",
                "Value": "9.2/10"
            },
            {
                "Source": "Rotten Tomatoes",
                "Value": "97%"
            },
            {
                "Source": "Metacritic",
                "Value": "100/100"
            }
        ],
        "Metascore": "100",
        "imdbRating": "9.2",
        "imdbVotes": "2,108,592",
        "imdbID": "tt0068646",
        "Type": "movie",
        "DVD": "N/A",
        "BoxOffice": "$136,381,073",
        "Production": "N/A",
        "Website": "N/A",
        "Response": "True"
    }
}