{
    "tmdb": {
        "adult": false,
        "backdrop_path": "/wsE1ScIiFdKl9RLuaI8pTn4rjxR.jpg",
        "belongs_to_collection": {
            "id": 1195799,
            "name": "Death Note Relight Collection",
            "poster_path": "/1ntMKbX7NnUGKeD1IyBuA4Ss8rd.jpg",
            "backdrop_path": "/17xssohARr5s6YVeYn5GmAJ1Nhq.jpg"
        },
        "budget": 0,
        "genres": [
            {
                "id": 10770,
                "name": "TV Movie"
            },
            {
                "id": 80,
                "name": "Crime"
            },
            {
                "id": 18,
                "name": "Drama"
            },
            {
                "id": 14,
                "name": "Fantasy"
            },
            {
                "id": 53,
                "name": "Thriller"
            },
            {
                "id": 16,
                "name": "Animation"
            }
        ],
        "homepage": "http://www.ntv.co.jp/deathnote/",
        "id": 51482,
        "imdb_id": "tt3355694",
        "origin_country": [
            "JP"
        ],
        "original_language": "ja",
        "original_title": "DEATH NOTE リライト ～幻視する神～",
        "overview": "A recap of Death Note episodes 1–26, with new footage. When rogue shinigami Ryuk leaves his Death Note in the human world, he has no idea how far the one who finds it will take his new-found power. With the Death Note in hand, brilliant high school student Light Yagami vows to rid the world of evil.",
        "popularity": 14.9419,
        "poster_path": "/qDhbGqjZ7yFwa7FMIzuiQTQMfEQ.jpg",
        "production_companies": [
            {
                "id": 3464,
                "logo_path": "/9k0nr75nwnNeT2MHerf1OXJN0hj.png",
                "name": "Madhouse",
                "origin_country": "JP"
            }
        ],
        "production_countries": [
            {
                "iso_3166_1": "JP",
                "name": "Japan"
            }
        ],
        "release_date": "2007-08-31",
        "revenue": 0,
        "runtime": 131,
        "spoken_languages": [
            {
                "english_name": "Japanese",
                "iso_639_1": "ja",
                "name": "日本語"
            }
        ],
        "status": "Released",
        "tagline": "",
        "title": "Death Note Relight 1: Visions of a God",
        "video": false,
        "vote_average": 7.9,
        "vote_count": 358
    },
    "omdb": {
        "Title": "Death Note Relight - Visions of a God",
        "Year": "2007",
        "Rated": "R",
        "Released": "31 Aug 2007",
        "Runtime": "131 min",
        "Genre": "Animation, Crime, Drama",
        "Director": "Tetsurô Araki",
        "Writer": "Toshiki Inoue, Takeshi Obata, Tsugumi Ôba",
        "Actors": "Keiji Fujiwara, Aya Hirano, Hideo Ishikawa",
        "Plot": "See the world of Death Note through Ryuk's point of view.",
        "Language": "Japanese",
        "Country": "Japan",
        "Awards": "N/A",
        "Poster": "https://m.media-amazon.com/images/M/MV5BNDA5NzZjYjUtZjQ4Mi00MzVlLWI5OTktYmFjZjg3MjJlMjQ3XkEyXkFqcGc@._V1_SX300.jpg",
        "Ratings": [
            {
                "Source": "Internet Movie Database",
                "Value": "7.4/10"
            }
        ],
        "Metascore": "N/A",
        "imdbRating": "7.4",
        "imdbVotes": "1,709",
        "imdbID": "tt3355694",
        "Type": "movie",
        "DVD": "N/A",
        "BoxOffice": "N/A",
        "Production": "N/A",
        "Website": "N/A",
        "Response": "True"
    }
}