{
    "tmdb": {
        "adult": false,
        "backdrop_path": "/29BCwmpV9HQUekAGlJLplkslRRf.jpg",
        "belongs_to_collection": {
            "id": 64748,
            "name": "Silent Hill Collection",
            "poster_path": "/A9uzYRu74D33lvLoTbeTxEmk09Z.jpg",
            "backdrop_path": "/jWF319ozJUsXY6x8y4XghLoX8cD.jpg"
        },
        "budget": 50000000,
        "genres": [
            {
                "id": 27,
                "name": "Horror"
            },
            {
                "id": 9648,
                "name": "Mystery"
            }
        ],
        "homepage": "https://www.sonypictures.com/movies/silenthill",
        "id": 588,
        "imdb_id": "tt0384537",
        "origin_country": [
            "CA",
            "FR"
        ],
        "original_language": "en",
        "original_title": "Silent Hill",
        "overview": "Rose, a desperate mother takes her adopted daughter, Sharon, to the town of Silent Hill in an attempt to cure her of her ailment. After a violent car crash, Sharon disappears and Rose begins a desperate search to get her back. She descends into the center of the twisted reality of a town's terrible secret. Pursued by grotesquely deformed creatures and townspeople stuck in permanent purgatory, Rose begins to uncover the truth behind the apocalyptic disaster that burned the town 30 years earlier.",
        "popularity": 13.8497,
        "poster_path": "/r0bEDWO2w4a43K2xTNSF284qOsc.jpg",
        "production_companies": [
            {
                "id": 341,
                "logo_path": null,
                "name": "Silent Hill DCP Inc.",
                "origin_country": "CA"
            },
            {
                "id": 342,
                "logo_path": "/kZ99mxyNvNgyAFjm7rcl9vfYmU8.png",
                "name": "Davis Films",
                "origin_country": "FR"
            },
            {
                "id": 55914,
                "logo_path": "/fLZm5yRhOmaYb82wvCMOPiClMMB.png",
                "name": "Konami",
                "origin_country": "JP"
            },
            {
                "id": 10146,
                "logo_path": "/xnFIOeq5cKw09kCWqV7foWDe4AA.png",
                "name": "Focus Features",
                "origin_country": "US"
            },
            {
                "id": 559,
                "logo_path": "/eC0bWHVjnjUducyA6YFoEFqnPMC.png",
                "name": "TriStar Pictures",
                "origin_country": "US"
            }
        ],
        "production_countries": [
            {
                "iso_3166_1": "CA",
                "name": "Canada"
            },
            {
                "iso_3166_1": "FR",
                "name": "France"
            },
            {
                "iso_3166_1": "JP",
                "name": "Japan"
            },
            {
                "iso_3166_1": "US",
                "name": "United States of America"
            }
        ],
        "release_date": "2006-04-21",
        "revenue": 100605135,
        "runtime": 125,
        "spoken_languages": [
            {
                "english_name": "English",
                "iso_639_1": "en",
                "name": "English"
            }
        ],
        "status": "Released",
        "tagline": "We've been expecting you.",
        "title": "Silent Hill",
        "video": false,
        "vote_average": 6.583,
        "vote_count": 4416
    },
    "omdb": {
        "Title": "Silent Hill",
        "Year": "2006",
        "Rated": "R",
        "Released": "21 Apr 2006",
        "Runtime": "125 min",
        "Genre": "Horror, Mystery",
        "Director": "Christophe Gans",
        "Writer": "Roger Avary",
        "Actors": "Radha Mitchell, Laurie Holden, Sean Bean",
        "Plot": "Rose Da Silva takes her adopted daughter, Sharon, to the town of Silent Hill in an attempt to cure her of her ailment. After a violent car crash, Sharon disappears and Rose begins a horrific journey to get her back.",
        "Language": "English",
        "Country": "Canada, France, United States, Japan",
        "Awards": "8 nominations total",
        "Poster": "https://m.media-amazon.com/images/M/MV5BYTczZmZlZmEtODU4ZS00YzgzLThiMDUtMGE0ZmJhYzdhZGY5XkEyXkFqcGc@._V1_SX300.jpg",
        "Ratings": [
            {
                "Source": "Internet Movie Database",
                "Value": "6.5/10"
            },
            {
                "Source": "Rotten Tomatoes",
                "Value": "32%"
            },
            {
                "Source": "Metacritic",
                "Value": "31/100"
            }
        ],
        "Metascore": "31",
        "imdbRating": "6.5",
        "imdbVotes": "250,458",
        "imdbID": "tt0384537",
        "Type": "movie",
        "DVD": "N/A",
        "BoxOffice": "$46,982,632",
        "Production": "N/A",
        "Website": "N/A",
        "Response": "True"
    }
}