{
    "tmdb": {
        "adult": false,
        "backdrop_path": "/nv6F6tz7r61DUhE7zgHwLJFcTYp.jpg",
        "belongs_to_collection": null,
        "budget": 8800000,
        "genres": [
            {
                "id": 35,
                "name": "Comedy"
            },
            {
                "id": 10749,
                "name": "Romance"
            },
            {
                "id": 80,
                "name": "Crime"
            }
        ],
        "homepage": "https://www.netflix.com/title/81728840",
        "id": 974635,
        "imdb_id": "tt20215968",
        "origin_country": [
            "US"
        ],
        "original_language": "en",
        "original_title": "Hit Man",
        "overview": "A mild-mannered professor moonlighting as a fake hit man in police stings ignites a chain reaction of trouble when he falls for a potential client.",
        "popularity": 14.2638,
        "poster_path": "/oil3EZwKFp3CWxZnfGfGglesvm9.jpg",
        "production_companies": [
            {
                "id": 37361,
                "logo_path": "/xpbUNXnrMeEK1ynbqVnHp8ZOVKW.png",
                "name": "Aggregate Films",
                "origin_country": "US"
            },
            {
                "id": 175171,
                "logo_path": null,
                "name": "BarnStorm Productions",
                "origin_country": "US"
            },
            {
                "id": 11510,
                "logo_path": "/gg3gP2wHNNfOfLKdXGjYC9qJ9ok.png",
                "name": "Detour Filmproduction",
                "origin_country": "US"
            },
            {
                "id": 110799,
                "logo_path": "/eHjtiQJjrGQTooEsBmPSYoUnNB.png",
                "name": "AGC Studios",
                "origin_country": "US"
            },
            {
                "id": 88582,
                "logo_path": "/zf2Akd6JvRZlnd1OacHYaN5dj0k.png",
                "name": "Cinetic Media",
                "origin_country": "US"
            },
            {
                "id": 133093,
                "logo_path": "/sE2KvR3L4ZgR56HgEmIEWjQcpzN.png",
                "name": "Monarch Media",
                "origin_country": "US"
            },
            {
                "id": 33603,
                "logo_path": "/K1SdQd49Kx3QRx0djfHbzeotCz.png",
                "name": "Shivhans Pictures",
                "origin_country": "US"
            }
        ],
        "production_countries": [
            {
                "iso_3166_1": "US",
                "name": "United States of America"
            }
        ],
        "release_date": "2024-05-16",
        "revenue": 5101673,
        "runtime": 116,
        "spoken_languages": [
            {
                "english_name": "English",
                "iso_639_1": "en",
                "name": "English"
            }
        ],
        "status": "Released",
        "tagline": "He's not a killer, but he can pretend.",
        "title": "Hit Man",
        "video": false,
        "vote_average": 6.819,
        "vote_count": 1284
    },
    "omdb": {
        "Title": "Hit Man",
        "Year": "2023",
        "Rated": "R",
        "Released": "07 Jun 2024",
        "Runtime": "115 min",
        "Genre": "Comedy, Crime, Romance",
        "Director": "Richard Linklater",
        "Writer": "Richard Linklater, Glen Powell, Skip Hollandsworth",
        "Actors": "Glen Powell, Adria Arjona, Austin Amelio",
        "Plot": "A professor moonlighting as a hit man of sorts for his city police department, descends into dangerous, dubious territory when he finds himself attracted to a woman who enlists his services.",
        "Language": "English",
        "Country": "United States",
        "Awards": "5 wins & 20 nominations total",
        "Poster": "https://m.media-amazon.com/images/M/MV5BNzFhMDZmYTctOTNmZi00MjVjLThkNGItMTJhOTI2NDkzMTFiXkEyXkFqcGc@._V1_SX300.jpg",
        "Ratings": [
            {
                "Source": "Internet Movie Database",
                "Value": "6.8/10"
            },
            {
                "Source": "Rotten Tomatoes",
                "Value": "95%"
            },
            {
                "Source": "Metacritic",
                "Value": "82/100"
            }
        ],
        "Metascore": "82",
        "imdbRating": "6.8",
        "imdbVotes": "112,828",
        "imdbID": "tt20215968",
        "Type": "movie",
        "DVD": "N/A",
        "BoxOffice": "N/A",
        "Production": "N/A",
        "Website": "N/A",
        "Response": "True"
    }
}