{
    "tmdb": {
        "adult": false,
        "backdrop_path": "/sV49hOlUky6AhVYl4K0d3rergTA.jpg",
        "belongs_to_collection": {
            "id": 86119,
            "name": "The Hangover Collection",
            "poster_path": "/x8D6HXhmvdtPhM219J5Rc6ESagr.jpg",
            "backdrop_path": "/3DFkmPwHEMUEkQzETXvUQH3314N.jpg"
        },
        "budget": 35000000,
        "genres": [
            {
                "id": 35,
                "name": "Comedy"
            }
        ],
        "homepage": "https://www.warnerbros.com/movies/hangover",
        "id": 18785,
        "imdb_id": "tt1119646",
        "origin_country": [
            "US"
        ],
        "original_language": "en",
        "original_title": "The Hangover",
        "overview": "When three friends finally come to after a raucous night of bachelor-party revelry, they find a baby in the closet and a tiger in the bathroom. But they can't seem to locate their best friend, Doug – who's supposed to be tying the knot. Launching a frantic search for Doug, the trio perseveres through a nasty hangover to try to make it to the church on time.",
        "popularity": 21.9528,
        "poster_path": "/A0uS9rHR56FeBtpjVki16M5xxSW.jpg",
        "production_companies": [
            {
                "id": 923,
                "logo_path": "/5UQsZrfbfG2dYJbx8DxfoTr2Bvu.png",
                "name": "Legendary Pictures",
                "origin_country": "US"
            },
            {
                "id": 3527,
                "logo_path": null,
                "name": "Green Hat Films",
                "origin_country": "US"
            },
            {
                "id": 174,
                "logo_path": "/zhD3hhtKB5qyv7ZeL4uLpNxgMVU.png",
                "name": "Warner Bros. Pictures",
                "origin_country": "US"
            }
        ],
        "production_countries": [
            {
                "iso_3166_1": "US",
                "name": "United States of America"
            }
        ],
        "release_date": "2009-06-02",
        "revenue": 469310836,
        "runtime": 100,
        "spoken_languages": [
            {
                "english_name": "English",
                "iso_639_1": "en",
                "name": "English"
            }
        ],
        "status": "Released",
        "tagline": "Some guys just can't handle Vegas.",
        "title": "The Hangover",
        "video": false,
        "vote_average": 7.322,
        "vote_count": 17204
    },
    "omdb": {
        "Title": "The Hangover",
        "Year": "2009",
        "Rated": "R",
        "Released": "05 Jun 2009",
        "Runtime": "100 min",
        "Genre": "Comedy",
        "Director": "Todd Phillips",
        "Writer": "Jon Lucas, Scott Moore",
        "Actors": "Zach Galifianakis, Bradley Cooper, Justin Bartha",
        "Plot": "Three buddies wake up from a bachelor party in Las Vegas with no memory of the previous night and the bachelor missing. They must make their way around the city in order to find their friend in time for his wedding.",
        "Language": "English",
        "Country": "United States, Germany",
        "Awards": "Nominated for 1 BAFTA Award13 wins & 25 nominations total",
        "Poster": "https://m.media-amazon.com/images/M/MV5BNDI2MzBhNzgtOWYyOS00NDM2LWE0OGYtOGQ0M2FjMTI2NTllXkEyXkFqcGc@._V1_SX300.jpg",
        "Ratings": [
            {
                "Source": "Internet Movie Database",
                "Value": "7.7/10"
            },
            {
                "Source": "Rotten Tomatoes",
                "Value": "79%"
            },
            {
                "Source": "Metacritic",
                "Value": "73/100"
            }
        ],
        "Metascore": "73",
        "imdbRating": "7.7",
        "imdbVotes": "880,325",
        "imdbID": "tt1119646",
        "Type": "movie",
        "DVD": "N/A",
        "BoxOffice": "$277,339,746",
        "Production": "N/A",
        "Website": "N/A",
        "Response": "True"
    }
}