{
    "tmdb": {
        "adult": false,
        "backdrop_path": "/xqO4sV74bfXpk4Yh5K9Yqa11Jcj.jpg",
        "belongs_to_collection": null,
        "budget": 0,
        "genres": [
            {
                "id": 10749,
                "name": "Romance"
            },
            {
                "id": 18,
                "name": "Drama"
            },
            {
                "id": 878,
                "name": "Science Fiction"
            }
        ],
        "homepage": "https://www.uranus2324.com/",
        "id": 1167366,
        "imdb_id": "tt28766949",
        "origin_country": [
            "TH"
        ],
        "original_language": "th",
        "original_title": "ยูเรนัส 2324",
        "overview": "Bonded in their youth and separated by tragedy, an astronaut and a free diver bend the laws of space and time in their efforts to be together again.",
        "popularity": 21.8799,
        "poster_path": "/zTD9HytRG1nfP5pdOAYmPyXj05d.jpg",
        "production_companies": [
            {
                "id": 206637,
                "logo_path": null,
                "name": "VelCurve Studio",
                "origin_country": "TH"
            }
        ],
        "production_countries": [
            {
                "iso_3166_1": "TH",
                "name": "Thailand"
            }
        ],
        "release_date": "2024-07-04",
        "revenue": 0,
        "runtime": 148,
        "spoken_languages": [
            {
                "english_name": "Japanese",
                "iso_639_1": "ja",
                "name": "日本語"
            },
            {
                "english_name": "English",
                "iso_639_1": "en",
                "name": "English"
            },
            {
                "english_name": "Thai",
                "iso_639_1": "th",
                "name": "ภาษาไทย"
            }
        ],
        "status": "Released",
        "tagline": "Love is bigger than the universe and deeper than the ocean.",
        "title": "Uranus 2324",
        "video": false,
        "vote_average": 7.02,
        "vote_count": 74
    },
    "omdb": {
        "Title": "Uranus 2324",
        "Year": "2024",
        "Rated": "N/A",
        "Released": "04 Jul 2024",
        "Runtime": "130 min",
        "Genre": "Drama, Romance, Sci-Fi",
        "Director": "Thanadol Nualsuth",
        "Writer": "Thitipong Chaisati, Nut Nualpang",
        "Actors": "Freen Sarocha Chankimha, Rebecca Patricia 'Becky' Armstrong, Amarin Nitibhon",
        "Plot": "Love is deeper than the ocean, and bigger than the universe.",
        "Language": "Thai",
        "Country": "Thailand",
        "Awards": "N/A",
        "Poster": "https://m.media-amazon.com/images/M/MV5BMDNlMmExM2UtY2FmYy00Yzc0LWI4MmMtZWQ4MzE5MmE1ZTUzXkEyXkFqcGc@._V1_SX300.jpg",
        "Ratings": [
            {
                "Source": "Internet Movie Database",
                "Value": "7.7/10"
            }
        ],
        "Metascore": "N/A",
        "imdbRating": "7.7",
        "imdbVotes": "4,076",
        "imdbID": "tt28766949",
        "Type": "movie",
        "DVD": "N/A",
        "BoxOffice": "N/A",
        "Production": "N/A",
        "Website": "N/A",
        "Response": "True"
    }
}