{
    "tmdb": {
        "adult": false,
        "backdrop_path": "/jHeoDYaoMs004f0feNo0eGBKVw1.jpg",
        "belongs_to_collection": null,
        "budget": 0,
        "genres": [
            {
                "id": 18,
                "name": "Drama"
            },
            {
                "id": 10749,
                "name": "Romance"
            }
        ],
        "homepage": "",
        "id": 1450436,
        "imdb_id": "tt36205508",
        "origin_country": [
            "PH"
        ],
        "original_language": "tl",
        "original_title": "Puri for Rent",
        "overview": "Aiko Garcia plays a desperate woman thrust into an unusual job. In desperate need of money after getting fired, Nancy finds herself accepting a job as a young and rich disabled man’s sexual partner. But can she let go of her dignity when the sex leads to love?",
        "popularity": 15.1765,
        "poster_path": "/ry9AWnoAABgxAEzc3BwLHgf1H1b.jpg",
        "production_companies": [
            {
                "id": 149142,
                "logo_path": "/25oYoXHsfWYlddAzJSBReajN3BM.png",
                "name": "Vivamax",
                "origin_country": "PH"
            }
        ],
        "production_countries": [
            {
                "iso_3166_1": "PH",
                "name": "Philippines"
            }
        ],
        "release_date": "2025-04-04",
        "revenue": 0,
        "runtime": 0,
        "spoken_languages": [
            {
                "english_name": "Tagalog",
                "iso_639_1": "tl",
                "name": ""
            }
        ],
        "status": "Released",
        "tagline": "",
        "title": "Puri for Rent",
        "video": false,
        "vote_average": 7.2,
        "vote_count": 4
    },
    "omdb": {
        "Title": "Puri for Rent",
        "Year": "2025",
        "Rated": "N/A",
        "Released": "04 Apr 2025",
        "Runtime": "71 min",
        "Genre": "Drama",
        "Director": "Christopher Novabos",
        "Writer": "Wiro Michael Ladera",
        "Actors": "Aiko Garcia, Roxanne De Vera, Van Allen Ong",
        "Plot": "Fired and desperate for money, Nancy takes a job as a disabled wealthy man's sexual companion. Her dignity is challenged when their arrangement turns into unexpected love.",
        "Language": "Tagalog, Filipino",
        "Country": "Philippines",
        "Awards": "N/A",
        "Poster": "https://m.media-amazon.com/images/M/MV5BZDQwZTJkMWUtZGNiZi00ZDA5LWE0NzEtZGZjNDBlOTc2ZjM1XkEyXkFqcGc@._V1_SX300.jpg",
        "Ratings": [],
        "Metascore": "N/A",
        "imdbRating": "N/A",
        "imdbVotes": "22",
        "imdbID": "tt36205508",
        "Type": "movie",
        "DVD": "N/A",
        "BoxOffice": "N/A",
        "Production": "N/A",
        "Website": "N/A",
        "Response": "True"
    }
}