{
    "tmdb": {
        "adult": false,
        "backdrop_path": "/uif5fUshJrXyyDzfpzp1DLw3N0S.jpg",
        "belongs_to_collection": {
            "id": 119674,
            "name": "Psycho Collection",
            "poster_path": "/2cFhmOImIv5VPbc2ieLRPCFacAh.jpg",
            "backdrop_path": "/qawcCCyJNcdOpDRuXo5aJJycecY.jpg"
        },
        "budget": 806947,
        "genres": [
            {
                "id": 27,
                "name": "Horror"
            },
            {
                "id": 53,
                "name": "Thriller"
            },
            {
                "id": 9648,
                "name": "Mystery"
            }
        ],
        "homepage": "",
        "id": 539,
        "imdb_id": "tt0054215",
        "origin_country": [
            "US"
        ],
        "original_language": "en",
        "original_title": "Psycho",
        "overview": "When larcenous real estate clerk Marion Crane goes on the lam with a wad of cash and hopes of starting a new life, she ends up at the notorious Bates Motel, where manager Norman Bates cares for his housebound mother.",
        "popularity": 17.017,
        "poster_path": "/yz4QVqPx3h1hD1DfqqQkCq3rmxW.jpg",
        "production_companies": [
            {
                "id": 10717,
                "logo_path": null,
                "name": "Shamley Productions",
                "origin_country": "US"
            }
        ],
        "production_countries": [
            {
                "iso_3166_1": "US",
                "name": "United States of America"
            }
        ],
        "release_date": "1960-06-22",
        "revenue": 50048065,
        "runtime": 109,
        "spoken_languages": [
            {
                "english_name": "English",
                "iso_639_1": "en",
                "name": "English"
            }
        ],
        "status": "Released",
        "tagline": "A new and altogether different screen excitement!",
        "title": "Psycho",
        "video": false,
        "vote_average": 8.423,
        "vote_count": 10327
    },
    "omdb": {
        "Title": "Psycho",
        "Year": "1960",
        "Rated": "R",
        "Released": "08 Sep 1960",
        "Runtime": "109 min",
        "Genre": "Horror, Mystery, Thriller",
        "Director": "Alfred Hitchcock",
        "Writer": "Joseph Stefano, Robert Bloch",
        "Actors": "Anthony Perkins, Janet Leigh, Vera Miles",
        "Plot": "A secretary on the run for embezzlement takes refuge at a secluded California motel owned by a repressed man and his overbearing mother.",
        "Language": "English",
        "Country": "United States",
        "Awards": "Nominated for 4 Oscars. 8 wins & 14 nominations total",
        "Poster": "https://m.media-amazon.com/images/M/MV5BYjZhMzFiZjItODA3ZC00MmRhLWIzMGYtMmVjOWUwYTA3MTRjXkEyXkFqcGc@._V1_SX300.jpg",
        "Ratings": [
            {
                "Source": "Internet Movie Database",
                "Value": "8.5/10"
            },
            {
                "Source": "Rotten Tomatoes",
                "Value": "97%"
            },
            {
                "Source": "Metacritic",
                "Value": "97/100"
            }
        ],
        "Metascore": "97",
        "imdbRating": "8.5",
        "imdbVotes": "741,743",
        "imdbID": "tt0054215",
        "Type": "movie",
        "DVD": "N/A",
        "BoxOffice": "$32,000,000",
        "Production": "N/A",
        "Website": "N/A",
        "Response": "True"
    }
}