{
    "tmdb": {
        "adult": false,
        "backdrop_path": "/3CvNc04vTwTir5q3LBDuvUb8Ng6.jpg",
        "belongs_to_collection": null,
        "budget": 180000000,
        "genres": [
            {
                "id": 16,
                "name": "Animation"
            },
            {
                "id": 10751,
                "name": "Family"
            },
            {
                "id": 878,
                "name": "Science Fiction"
            }
        ],
        "homepage": "https://www.pixar.com/feature-films/walle/",
        "id": 10681,
        "imdb_id": "tt0910970",
        "origin_country": [
            "US"
        ],
        "original_language": "en",
        "original_title": "WALL·E",
        "overview": "What if mankind had to leave Earth and somebody forgot to turn the last robot off? After hundreds of years doing what he was built for, WALL•E discovers a new purpose in life when he meets a sleek search robot named EVE. EVE comes to realize that WALL•E has inadvertently stumbled upon the key to the planet's future, and races back to space to report to the humans. Meanwhile, WALL•E chases EVE across the galaxy and sets into motion one of the most imaginative adventures ever brought to the big screen.",
        "popularity": 13.944,
        "poster_path": "/hbhFnRzzg6ZDmm8YAmxBnQpQIPh.jpg",
        "production_companies": [
            {
                "id": 3,
                "logo_path": "/1TjvGVDMYsj6JBxOAkUHpPEwLf7.png",
                "name": "Pixar",
                "origin_country": "US"
            },
            {
                "id": 2,
                "logo_path": "/wdrCwmRnLFJhEoH8GSfymY85KHT.png",
                "name": "Walt Disney Pictures",
                "origin_country": "US"
            }
        ],
        "production_countries": [
            {
                "iso_3166_1": "US",
                "name": "United States of America"
            }
        ],
        "release_date": "2008-06-22",
        "revenue": 521311860,
        "runtime": 98,
        "spoken_languages": [
            {
                "english_name": "English",
                "iso_639_1": "en",
                "name": "English"
            }
        ],
        "status": "Released",
        "tagline": "After 700 years of doing what he was built for, he'll discover what he was meant for.",
        "title": "WALL·E",
        "video": false,
        "vote_average": 8.098,
        "vote_count": 19170
    },
    "omdb": {
        "Title": "WALL·E",
        "Year": "2008",
        "Rated": "G",
        "Released": "27 Jun 2008",
        "Runtime": "98 min",
        "Genre": "Animation, Adventure, Family",
        "Director": "Andrew Stanton",
        "Writer": "Andrew Stanton, Pete Docter, Jim Reardon",
        "Actors": "Ben Burtt, Elissa Knight, Jeff Garlin",
        "Plot": "A robot who is responsible for cleaning a waste-covered Earth meets another robot and falls in love with her. Together, they set out on a journey that will alter the fate of mankind.",
        "Language": "English",
        "Country": "United States, Japan",
        "Awards": "Won 1 Oscar. 96 wins & 95 nominations total",
        "Poster": "https://m.media-amazon.com/images/M/MV5BMjExMTg5OTU0NF5BMl5BanBnXkFtZTcwMjMxMzMzMw@@._V1_SX300.jpg",
        "Ratings": [
            {
                "Source": "Internet Movie Database",
                "Value": "8.4/10"
            },
            {
                "Source": "Rotten Tomatoes",
                "Value": "95%"
            },
            {
                "Source": "Metacritic",
                "Value": "95/100"
            }
        ],
        "Metascore": "95",
        "imdbRating": "8.4",
        "imdbVotes": "1,251,510",
        "imdbID": "tt0910970",
        "Type": "movie",
        "DVD": "N/A",
        "BoxOffice": "$223,808,164",
        "Production": "N/A",
        "Website": "N/A",
        "Response": "True"
    }
}