{
    "tmdb": {
        "adult": false,
        "backdrop_path": "/khOuNCWIlYQyjmwg2NNC25qqmwQ.jpg",
        "belongs_to_collection": null,
        "budget": 0,
        "genres": [
            {
                "id": 35,
                "name": "Comedy"
            },
            {
                "id": 10751,
                "name": "Family"
            }
        ],
        "homepage": "",
        "id": 1187294,
        "imdb_id": "tt29138004",
        "origin_country": [
            "ES"
        ],
        "original_language": "es",
        "original_title": "¿Quién es quién?",
        "overview": "The Fuentes are not the best family in the world. But what family is it? Work, school and routine have plunged them into a spiral of disconnection that seems impossible to stop. However, everything changes when the youngest of the group, Valentina, makes a wish for her ninth birthday. The next day, all the members of the family wake up with their bodies swapped: The father is in his wife's body, the girl is trapped in the grandmother's body, the teenage twins are not themselves... Chaos takes over. the family and, desperate, they ask themselves: Who is who? While the family faces crazy situations and hilarious circumstances, the Fuentes must learn to get under each other's skin and trust each other to turn the situation around. Will they be able to return to their original bodies and get their lives back?",
        "popularity": 15.5313,
        "poster_path": "/o4T0QAgm9bBWaU7kHWGD3o5b4M2.jpg",
        "production_companies": [
            {
                "id": 123175,
                "logo_path": "/sexBzUUok6HAuTc3cg8eRc84TKX.png",
                "name": "DeAPlaneta",
                "origin_country": "ES"
            },
            {
                "id": 29566,
                "logo_path": "/wHbtRtUnXGNzX0riQIpq1fcgueq.png",
                "name": "Atresmedia",
                "origin_country": "ES"
            },
            {
                "id": 67412,
                "logo_path": "/vgVqq5hunVs8GN5Je9d9rG7Q2NU.png",
                "name": "Movistar+",
                "origin_country": "ES"
            },
            {
                "id": 4601,
                "logo_path": "/ymx6MkzgrWY5Ozb8vhkWYMAPtJG.png",
                "name": "LAZONA",
                "origin_country": "ES"
            }
        ],
        "production_countries": [
            {
                "iso_3166_1": "ES",
                "name": "Spain"
            }
        ],
        "release_date": "2024-12-05",
        "revenue": 0,
        "runtime": 95,
        "spoken_languages": [
            {
                "english_name": "Spanish",
                "iso_639_1": "es",
                "name": "Español"
            }
        ],
        "status": "Released",
        "tagline": "",
        "title": "¿Quién es quién?",
        "video": false,
        "vote_average": 5.5,
        "vote_count": 13
    },
    "omdb": {
        "Title": "¿Quién es quién?",
        "Year": "2024",
        "Rated": "N/A",
        "Released": "05 Dec 2024",
        "Runtime": "95 min",
        "Genre": "Comedy",
        "Director": "Martín Cuervo",
        "Writer": "Irene Niubó, Jean-Patrick Benes, Antoine Gandaubert",
        "Actors": "Elena Irureta, Kira Miró, Salva Reina",
        "Plot": "Valentina, make a wish for her 9th birthday. The next day, all the members of his family wake up with the body exchanged. Chaos grips the family and they wonder: Who is who?",
        "Language": "Spanish",
        "Country": "Spain",
        "Awards": "N/A",
        "Poster": "https://m.media-amazon.com/images/M/MV5BYzc2ZDM1YmEtNThjZC00ZThiLThiZDgtNzYxYWZhZWViNmI1XkEyXkFqcGc@._V1_SX300.jpg",
        "Ratings": [],
        "Metascore": "N/A",
        "imdbRating": "N/A",
        "imdbVotes": "46",
        "imdbID": "tt29138004",
        "Type": "movie",
        "DVD": "N/A",
        "BoxOffice": "N/A",
        "Production": "N/A",
        "Website": "N/A",
        "Response": "True"
    }
}