{
    "tmdb": {
        "adult": false,
        "backdrop_path": "/jIrdfersZeOLGf6sgYWDuOaJ09v.jpg",
        "belongs_to_collection": null,
        "budget": 70000000,
        "genres": [
            {
                "id": 14,
                "name": "Fantasy"
            },
            {
                "id": 16,
                "name": "Animation"
            },
            {
                "id": 35,
                "name": "Comedy"
            },
            {
                "id": 80,
                "name": "Crime"
            }
        ],
        "homepage": "",
        "id": 856,
        "imdb_id": "tt0096438",
        "origin_country": [
            "US"
        ],
        "original_language": "en",
        "original_title": "Who Framed Roger Rabbit",
        "overview": "'Toon star Roger is worried that his wife Jessica is playing pattycake with someone else, so the studio hires detective Eddie Valiant to snoop on her. But the stakes are quickly raised when Marvin Acme is found dead and Roger is the prime suspect.",
        "popularity": 13.8349,
        "poster_path": "/lYfRc57Kx9VgLZ48iulu0HKnM15.jpg",
        "production_companies": [
            {
                "id": 56,
                "logo_path": "/cEaxANEisCqeEoRvODv2dO1I0iI.png",
                "name": "Amblin Entertainment",
                "origin_country": "US"
            },
            {
                "id": 554,
                "logo_path": "/mN5HU5xYq9xtEs1X0Hu25A9y8lW.png",
                "name": "Silver Screen Partners III",
                "origin_country": "US"
            },
            {
                "id": 9195,
                "logo_path": "/geK5QOBsXIPGHutKwXtYjMUyYSG.png",
                "name": "Touchstone Pictures",
                "origin_country": "US"
            }
        ],
        "production_countries": [
            {
                "iso_3166_1": "US",
                "name": "United States of America"
            }
        ],
        "release_date": "1988-06-22",
        "revenue": 329800000,
        "runtime": 104,
        "spoken_languages": [
            {
                "english_name": "English",
                "iso_639_1": "en",
                "name": "English"
            }
        ],
        "status": "Released",
        "tagline": "It's the story of a man, a woman, and a rabbit in a triangle of trouble.",
        "title": "Who Framed Roger Rabbit",
        "video": false,
        "vote_average": 7.528,
        "vote_count": 5831
    },
    "omdb": {
        "Title": "Who Framed Roger Rabbit",
        "Year": "1988",
        "Rated": "PG",
        "Released": "22 Jun 1988",
        "Runtime": "104 min",
        "Genre": "Animation, Adventure, Comedy",
        "Director": "Robert Zemeckis",
        "Writer": "Jeffrey Price, Peter S. Seaman, Gary K. Wolf",
        "Actors": "Bob Hoskins, Christopher Lloyd, Joanna Cassidy",
        "Plot": "When a cartoon rabbit is accused of murder, he enlists the help of a burnt out private investigator to prove his innocence.",
        "Language": "English",
        "Country": "United States",
        "Awards": "Won 3 Oscars. 24 wins & 22 nominations total",
        "Poster": "https://m.media-amazon.com/images/M/MV5BMDc5ZGRiM2EtMWRmMC00YjViLWEwMjYtNGE5MWVlZGEzZGM0XkEyXkFqcGc@._V1_SX300.jpg",
        "Ratings": [
            {
                "Source": "Internet Movie Database",
                "Value": "7.7/10"
            },
            {
                "Source": "Rotten Tomatoes",
                "Value": "96%"
            },
            {
                "Source": "Metacritic",
                "Value": "83/100"
            }
        ],
        "Metascore": "83",
        "imdbRating": "7.7",
        "imdbVotes": "222,420",
        "imdbID": "tt0096438",
        "Type": "movie",
        "DVD": "N/A",
        "BoxOffice": "$156,452,370",
        "Production": "N/A",
        "Website": "N/A",
        "Response": "True"
    }
}