{
    "tmdb": {
        "adult": false,
        "backdrop_path": "/accTIUygtg24TM7wT7uQMMdvYUW.jpg",
        "belongs_to_collection": null,
        "budget": 36000000,
        "genres": [
            {
                "id": 35,
                "name": "Comedy"
            }
        ],
        "homepage": "https://www.meangirls.com",
        "id": 673593,
        "imdb_id": "tt11762114",
        "origin_country": [
            "US"
        ],
        "original_language": "en",
        "original_title": "Mean Girls",
        "overview": "New student Cady Heron is welcomed into the top of the social food chain by the elite group of popular girls called ‘The Plastics,’ ruled by the conniving queen bee Regina George and her minions Gretchen and Karen. However, when Cady makes the major misstep of falling for Regina’s ex-boyfriend Aaron Samuels, she finds herself prey in Regina’s crosshairs. As Cady sets to take down the group’s apex predator with the help of her outcast friends Janis and Damian, she must learn how to stay true to herself while navigating the most cutthroat jungle of all: high school.",
        "popularity": 14.5983,
        "poster_path": "/fbbj3viSUDEGT1fFFMNpHP1iUjw.jpg",
        "production_companies": [
            {
                "id": 26402,
                "logo_path": "/1BFbFgEhD1tJShFTYPNt87q99rD.png",
                "name": "Little Stranger",
                "origin_country": "US"
            },
            {
                "id": 1756,
                "logo_path": "/d7YyNzysIF0lSb4lJRf1ar6MHxi.png",
                "name": "Broadway Video",
                "origin_country": "US"
            },
            {
                "id": 4,
                "logo_path": "/gz66EfNoYPqHTYI4q9UEN4CbHRc.png",
                "name": "Paramount Pictures",
                "origin_country": "US"
            }
        ],
        "production_countries": [
            {
                "iso_3166_1": "US",
                "name": "United States of America"
            }
        ],
        "release_date": "2024-01-10",
        "revenue": 104573204,
        "runtime": 113,
        "spoken_languages": [
            {
                "english_name": "English",
                "iso_639_1": "en",
                "name": "English"
            }
        ],
        "status": "Released",
        "tagline": "Plastic is forever.",
        "title": "Mean Girls",
        "video": false,
        "vote_average": 5.936,
        "vote_count": 605
    },
    "omdb": {
        "Title": "Mean Girls",
        "Year": "2024",
        "Rated": "PG-13",
        "Released": "12 Jan 2024",
        "Runtime": "112 min",
        "Genre": "Comedy, Musical",
        "Director": "Samantha Jayne, Arturo Perez Jr.",
        "Writer": "Tina Fey, Rosalind Wiseman",
        "Actors": "Angourie Rice, Reneé Rapp, Auli'i Cravalho",
        "Plot": "Cady Heron is a hit with the Plastics, an A-list girl clique at her new school. But everything changes when she makes the mistake of falling for Aaron Samuels, the ex-boyfriend of alpha Plastic Regina George.",
        "Language": "English",
        "Country": "United States",
        "Awards": "4 nominations total",
        "Poster": "https://m.media-amazon.com/images/M/MV5BYzlhMTkxZWMtYzQwNi00OWI4LWI2ZGQtOWQ0OGM4NDlkYTdiXkEyXkFqcGc@._V1_SX300.jpg",
        "Ratings": [
            {
                "Source": "Internet Movie Database",
                "Value": "5.5/10"
            },
            {
                "Source": "Rotten Tomatoes",
                "Value": "69%"
            },
            {
                "Source": "Metacritic",
                "Value": "58/100"
            }
        ],
        "Metascore": "58",
        "imdbRating": "5.5",
        "imdbVotes": "36,416",
        "imdbID": "tt11762114",
        "Type": "movie",
        "DVD": "N/A",
        "BoxOffice": "$72,581,770",
        "Production": "N/A",
        "Website": "N/A",
        "Response": "True"
    }
}