{
    "tmdb": {
        "adult": false,
        "backdrop_path": "/4mcOCiR06dqQ5eoEJcG3zvonjOa.jpg",
        "belongs_to_collection": {
            "id": 295130,
            "name": "The Maze Runner Collection",
            "poster_path": "/beR71cbwXH0vySlTMPZo0GQ54Q9.jpg",
            "backdrop_path": "/9BX8MUXmOa9i7oyTMx9OmbzkLev.jpg"
        },
        "budget": 61000000,
        "genres": [
            {
                "id": 878,
                "name": "Science Fiction"
            },
            {
                "id": 28,
                "name": "Action"
            },
            {
                "id": 53,
                "name": "Thriller"
            },
            {
                "id": 12,
                "name": "Adventure"
            }
        ],
        "homepage": "https://www.20thcenturystudios.com/movies/maze-runner-the-scorch-trials",
        "id": 294254,
        "imdb_id": "tt4046784",
        "origin_country": [
            "US"
        ],
        "original_language": "en",
        "original_title": "Maze Runner: The Scorch Trials",
        "overview": "Thomas and his fellow Gladers face their greatest challenge yet: searching for clues about the mysterious and powerful organization known as WCKD. Their journey takes them to the Scorch, a desolate landscape filled with unimaginable obstacles. Teaming up with resistance fighters, the Gladers take on WCKD’s vastly superior forces and uncover its shocking plans for them all.",
        "popularity": 13.5334,
        "poster_path": "/mYw7ZyejqSCPFlrT2jHZOESZDU3.jpg",
        "production_companies": [
            {
                "id": 12292,
                "logo_path": "/4GQTeqos2luopEtp3OgMQYusQ5c.png",
                "name": "Temple Hill Entertainment",
                "origin_country": "US"
            },
            {
                "id": 3672,
                "logo_path": "/xpRwVe9NL5791oyUidzeRp8ezGj.png",
                "name": "The Gotham Group",
                "origin_country": "US"
            },
            {
                "id": 22213,
                "logo_path": "/qx9K6bFWJupwde0xQDwOvXkOaL8.png",
                "name": "TSG Entertainment",
                "origin_country": "US"
            },
            {
                "id": 25,
                "logo_path": "/qZCc1lty5FzX30aOCVRBLzaVmcp.png",
                "name": "20th Century Fox",
                "origin_country": "US"
            }
        ],
        "production_countries": [
            {
                "iso_3166_1": "US",
                "name": "United States of America"
            }
        ],
        "release_date": "2015-09-09",
        "revenue": 312296056,
        "runtime": 131,
        "spoken_languages": [
            {
                "english_name": "English",
                "iso_639_1": "en",
                "name": "English"
            }
        ],
        "status": "Released",
        "tagline": "The Maze Was Just the Beginning.",
        "title": "Maze Runner: The Scorch Trials",
        "video": false,
        "vote_average": 6.733,
        "vote_count": 10540
    },
    "omdb": {
        "Title": "Maze Runner: The Scorch Trials",
        "Year": "2015",
        "Rated": "PG-13",
        "Released": "18 Sep 2015",
        "Runtime": "131 min",
        "Genre": "Action, Adventure, Sci-Fi",
        "Director": "Wes Ball",
        "Writer": "T.S. Nowlin, James Dashner",
        "Actors": "Dylan O'Brien, Kaya Scodelario, Thomas Brodie-Sangster",
        "Plot": "After having escaped the Maze, the Gladers now face a new set of challenges on the open roads of a desolate landscape filled with unimaginable obstacles.",
        "Language": "English",
        "Country": "United States",
        "Awards": "2 wins & 5 nominations total",
        "Poster": "https://m.media-amazon.com/images/M/MV5BMjE3MDU2NzQyMl5BMl5BanBnXkFtZTgwMzQxMDQ3NTE@._V1_SX300.jpg",
        "Ratings": [
            {
                "Source": "Internet Movie Database",
                "Value": "6.3/10"
            },
            {
                "Source": "Rotten Tomatoes",
                "Value": "49%"
            },
            {
                "Source": "Metacritic",
                "Value": "43/100"
            }
        ],
        "Metascore": "43",
        "imdbRating": "6.3",
        "imdbVotes": "290,340",
        "imdbID": "tt4046784",
        "Type": "movie",
        "DVD": "N/A",
        "BoxOffice": "$81,697,192",
        "Production": "N/A",
        "Website": "N/A",
        "Response": "True"
    }
}