{
    "tmdb": {
        "adult": false,
        "backdrop_path": "/46IGtYNjpIvQYRIQlb2X493Wh8x.jpg",
        "belongs_to_collection": null,
        "budget": 145000000,
        "genres": [
            {
                "id": 16,
                "name": "Animation"
            },
            {
                "id": 10751,
                "name": "Family"
            },
            {
                "id": 14,
                "name": "Fantasy"
            }
        ],
        "homepage": "http://www.riseoftheguardians.com/",
        "id": 81188,
        "imdb_id": "tt1446192",
        "origin_country": [
            "US"
        ],
        "original_language": "en",
        "original_title": "Rise of the Guardians",
        "overview": "When an evil spirit known as Pitch lays down the gauntlet to take over the world, the immortal Guardians must join forces for the first time to protect the hopes, beliefs and imagination of children all over the world.",
        "popularity": 13.0297,
        "poster_path": "/sW4qOa9yF0Ikg7lppncQ0n5UhKX.jpg",
        "production_companies": [
            {
                "id": 521,
                "logo_path": "/3BPX5VGBov8SDqTV7wC1L1xShAS.png",
                "name": "DreamWorks Animation",
                "origin_country": "US"
            }
        ],
        "production_countries": [
            {
                "iso_3166_1": "US",
                "name": "United States of America"
            }
        ],
        "release_date": "2012-11-21",
        "revenue": 306941670,
        "runtime": 97,
        "spoken_languages": [
            {
                "english_name": "French",
                "iso_639_1": "fr",
                "name": "Français"
            },
            {
                "english_name": "English",
                "iso_639_1": "en",
                "name": "English"
            }
        ],
        "status": "Released",
        "tagline": "You better believe.",
        "title": "Rise of the Guardians",
        "video": false,
        "vote_average": 7.362,
        "vote_count": 6811
    },
    "omdb": {
        "Title": "Rise of the Guardians",
        "Year": "2012",
        "Rated": "PG",
        "Released": "21 Nov 2012",
        "Runtime": "97 min",
        "Genre": "Animation, Action, Adventure",
        "Director": "Peter Ramsey",
        "Writer": "David Lindsay-Abaire, William Joyce",
        "Actors": "Hugh Jackman, Alec Baldwin, Isla Fisher",
        "Plot": "When the evil spirit Pitch launches an assault on Earth, the Immortal Guardians team up to protect the innocence of children all around the world.",
        "Language": "English, French",
        "Country": "United States, India",
        "Awards": "14 wins & 32 nominations total",
        "Poster": "https://m.media-amazon.com/images/M/MV5BMTkzMjgwMDg1M15BMl5BanBnXkFtZTcwMTgzNTI1OA@@._V1_SX300.jpg",
        "Ratings": [
            {
                "Source": "Internet Movie Database",
                "Value": "7.2/10"
            },
            {
                "Source": "Rotten Tomatoes",
                "Value": "74%"
            },
            {
                "Source": "Metacritic",
                "Value": "58/100"
            }
        ],
        "Metascore": "58",
        "imdbRating": "7.2",
        "imdbVotes": "199,122",
        "imdbID": "tt1446192",
        "Type": "movie",
        "DVD": "25 Nov 2015",
        "BoxOffice": "$103,412,758",
        "Production": "N/A",
        "Website": "N/A",
        "Response": "True"
    }
}