{
    "tmdb": {
        "adult": false,
        "backdrop_path": "/1LSMstNHwJnJD7tpnb8gZcgGNQR.jpg",
        "belongs_to_collection": null,
        "budget": 0,
        "genres": [
            {
                "id": 27,
                "name": "Horror"
            },
            {
                "id": 53,
                "name": "Thriller"
            }
        ],
        "homepage": "",
        "id": 1164355,
        "imdb_id": "tt29899715",
        "origin_country": [
            "ID"
        ],
        "original_language": "id",
        "original_title": "Lembayung",
        "overview": "Arum and Pica, who wanted to complete their internship at Lembayung hospital, had to face mysterious terror from a woman satan who was suspected of hanged herself in the bathroom. The situation became even more tense after they asked others for help to the point where they threatened their own lives and those closest to them.",
        "popularity": 16.1034,
        "poster_path": "/5x9LrW0yvtt6S3XovIQHgXfYvLL.jpg",
        "production_companies": [
            {
                "id": 69003,
                "logo_path": "/myijutPRTtVLlwUZjLAvAuzf8db.png",
                "name": "MNC Pictures",
                "origin_country": "ID"
            },
            {
                "id": 191451,
                "logo_path": null,
                "name": "Tiger Wong Entertainment",
                "origin_country": "ID"
            },
            {
                "id": 235789,
                "logo_path": null,
                "name": "Prime Eagle Studios (ID)",
                "origin_country": ""
            }
        ],
        "production_countries": [
            {
                "iso_3166_1": "ID",
                "name": "Indonesia"
            }
        ],
        "release_date": "2024-09-19",
        "revenue": 0,
        "runtime": 123,
        "spoken_languages": [
            {
                "english_name": "Indonesian",
                "iso_639_1": "id",
                "name": "Bahasa indonesia"
            }
        ],
        "status": "Released",
        "tagline": "",
        "title": "Lembayung",
        "video": false,
        "vote_average": 6.833,
        "vote_count": 9
    },
    "omdb": {
        "Title": "Lembayung",
        "Year": "2024",
        "Rated": "N/A",
        "Released": "19 Sep 2024",
        "Runtime": "123 min",
        "Genre": "Horror, Thriller",
        "Director": "Baim Wong",
        "Writer": "Ruben Adrian, Emilka Chaidir, El Shinta Pica",
        "Actors": "Taskya Namya, Yasamin Jasem, Arya Saloka",
        "Plot": "Pica and Arum were still doing practical field work (PFW) at that time. They underwent PFW at the dental clinic in a small hospital in Central Java.",
        "Language": "Indonesian",
        "Country": "Indonesia",
        "Awards": "N/A",
        "Poster": "https://m.media-amazon.com/images/M/MV5BZGE1NTA0NzAtNjJlOC00ZjMxLWJlOTItZjk5MDA5ZmRkNTBjXkEyXkFqcGc@._V1_SX300.jpg",
        "Ratings": [
            {
                "Source": "Internet Movie Database",
                "Value": "6.0/10"
            }
        ],
        "Metascore": "N/A",
        "imdbRating": "6.0",
        "imdbVotes": "593",
        "imdbID": "tt29899715",
        "Type": "movie",
        "DVD": "N/A",
        "BoxOffice": "N/A",
        "Production": "N/A",
        "Website": "N/A",
        "Response": "True"
    }
}