{
    "tmdb": {
        "adult": false,
        "backdrop_path": "/wghKvEjM7UzQzQcKnGbDjOyQO13.jpg",
        "belongs_to_collection": {
            "id": 23456,
            "name": "One Piece Collection",
            "poster_path": "/89eVIW6qPr2x6DrsphrqKQAoMRM.jpg",
            "backdrop_path": "/3RqSKjokWlXyTBUt3tcR9CrOG57.jpg"
        },
        "budget": 0,
        "genres": [
            {
                "id": 16,
                "name": "Animation"
            },
            {
                "id": 12,
                "name": "Adventure"
            },
            {
                "id": 28,
                "name": "Action"
            },
            {
                "id": 14,
                "name": "Fantasy"
            },
            {
                "id": 10402,
                "name": "Music"
            }
        ],
        "homepage": "https://www.onepiece-filmred.com",
        "id": 900667,
        "imdb_id": "tt16183464",
        "origin_country": [
            "JP"
        ],
        "original_language": "ja",
        "original_title": "ONE PIECE FILM RED",
        "overview": "Uta — the most beloved singer in the world. Her voice, which she sings with while concealing her true identity, has been described as “otherworldly.” She will appear in public for the first time at a live concert. As the venue fills with all kinds of Uta fans — excited pirates, the Navy watching closely, and the Straw Hats led by Luffy who simply came to enjoy her sonorous performance — the voice that the whole world has been waiting for is about to resound.",
        "popularity": 15.1587,
        "poster_path": "/ogDXuVkO92GcETZfSofXXemw7gb.jpg",
        "production_companies": [
            {
                "id": 5542,
                "logo_path": "/ayE4LIqoAWotavo7xdvYngwqGML.png",
                "name": "Toei Animation",
                "origin_country": "JP"
            },
            {
                "id": 2918,
                "logo_path": "/gyEWUBWwqrm3H5T2hkERD9LxpOq.png",
                "name": "Shueisha",
                "origin_country": "JP"
            },
            {
                "id": 5822,
                "logo_path": "/qyTbRgCyU9NLKvKaiQVbadtr7RY.png",
                "name": "Toei Company",
                "origin_country": "JP"
            },
            {
                "id": 3341,
                "logo_path": "/dTG5dXE1kU2mpmL9BNnraffckLU.png",
                "name": "Fuji Television Network",
                "origin_country": "JP"
            },
            {
                "id": 155586,
                "logo_path": "/rogLuRSNdqLI9r29ZCzD0i0kfJW.png",
                "name": "Bandai",
                "origin_country": "JP"
            },
            {
                "id": 12502,
                "logo_path": "/tlBbCuZditAuvzDdIDjjnGLJUpc.png",
                "name": "Bandai Namco Entertainment",
                "origin_country": "JP"
            },
            {
                "id": 173235,
                "logo_path": "/nkfGU0YSf1O1tTVBwyaDkE7yBCv.png",
                "name": "ADK Emotions",
                "origin_country": "JP"
            },
            {
                "id": 1778,
                "logo_path": "/b5rT6VbYza3LyfltCmz1OcqzWJM.png",
                "name": "dentsu",
                "origin_country": "JP"
            }
        ],
        "production_countries": [
            {
                "iso_3166_1": "JP",
                "name": "Japan"
            }
        ],
        "release_date": "2022-08-06",
        "revenue": 150797338,
        "runtime": 115,
        "spoken_languages": [
            {
                "english_name": "Japanese",
                "iso_639_1": "ja",
                "name": "日本語"
            }
        ],
        "status": "Released",
        "tagline": "An almighty voice. With fiery red locks.",
        "title": "One Piece Film Red",
        "video": false,
        "vote_average": 7.2,
        "vote_count": 1054
    },
    "omdb": {
        "Title": "One Piece Film: Red",
        "Year": "2022",
        "Rated": "PG-13",
        "Released": "04 Nov 2022",
        "Runtime": "115 min",
        "Genre": "Animation, Action, Adventure",
        "Director": "Gorô Taniguchi",
        "Writer": "Brooklyn El-Omar, Tsutomu Kuroiwa, Eiichirô Oda",
        "Actors": "Mayumi Tanaka, Kazuya Nakai, Akemi Okamura",
        "Plot": "Uta, the most beloved singer on the planet, is known for hiding her own identity when performing. Now, for the first time, she will reveal herself to the world. All of Uta's fans, including the Straw Hats led by Luffy, await.",
        "Language": "Japanese, English",
        "Country": "Japan",
        "Awards": "2 wins & 5 nominations total",
        "Poster": "https://m.media-amazon.com/images/M/MV5BNTdjY2YxYTQtNjIzYy00ZDczLThhNTUtNmY2ZWNkZjZiMTYzXkEyXkFqcGc@._V1_SX300.jpg",
        "Ratings": [
            {
                "Source": "Internet Movie Database",
                "Value": "6.8/10"
            },
            {
                "Source": "Rotten Tomatoes",
                "Value": "97%"
            },
            {
                "Source": "Metacritic",
                "Value": "69/100"
            }
        ],
        "Metascore": "69",
        "imdbRating": "6.8",
        "imdbVotes": "23,960",
        "imdbID": "tt16183464",
        "Type": "movie",
        "DVD": "N/A",
        "BoxOffice": "$12,775,324",
        "Production": "N/A",
        "Website": "N/A",
        "Response": "True"
    }
}