{
    "tmdb": {
        "adult": false,
        "backdrop_path": "/hLvOX3iAm37h8VNlnonNpnQlH2d.jpg",
        "belongs_to_collection": null,
        "budget": 0,
        "genres": [
            {
                "id": 18,
                "name": "Drama"
            },
            {
                "id": 10749,
                "name": "Romance"
            }
        ],
        "homepage": "https://intl.nikkatsu.com/sales/278.html",
        "id": 408270,
        "imdb_id": "tt5883008",
        "origin_country": [
            "JP"
        ],
        "original_language": "ja",
        "original_title": "風に濡れた女",
        "overview": "Dissipated Tokyo playwright, Kosuke has retreated to the countryside after deciding that he's done with women, but the indefatigable cat-in-heat Shiori has other ideas, clinging to Kosuke like his shadow.",
        "popularity": 15.2882,
        "poster_path": "/e2UlmNAx6qiRe9cS3bcaX25839c.jpg",
        "production_companies": [
            {
                "id": 955,
                "logo_path": "/5xnXD3PJI1HqOJceSAKZ3fDqO1V.png",
                "name": "Nikkatsu Corporation",
                "origin_country": "JP"
            }
        ],
        "production_countries": [
            {
                "iso_3166_1": "JP",
                "name": "Japan"
            }
        ],
        "release_date": "2016-12-17",
        "revenue": 268,
        "runtime": 77,
        "spoken_languages": [
            {
                "english_name": "Japanese",
                "iso_639_1": "ja",
                "name": "日本語"
            }
        ],
        "status": "Released",
        "tagline": "",
        "title": "Wet Woman in the Wind",
        "video": false,
        "vote_average": 5.798,
        "vote_count": 62
    },
    "omdb": {
        "Title": "Wet Woman in the Wind",
        "Year": "2016",
        "Rated": "Not Rated",
        "Released": "17 Nov 2017",
        "Runtime": "78 min",
        "Genre": "Drama, Horror, Romance",
        "Director": "Akihiko Shiota",
        "Writer": "Akihiko Shiota",
        "Actors": "Tasuku Nagaoka, Yuki Mamiya, Yûmi Akagi",
        "Plot": "When a successful, but tired Tokyo-based playwright who has sworn off easy women and casual encounters takes refuge in the countryside, his plans are disrupted by a horny woman who pedals fast into his life and is unrelenting.",
        "Language": "Japanese",
        "Country": "Japan",
        "Awards": "1 nomination",
        "Poster": "https://m.media-amazon.com/images/M/MV5BNzQ0YjcyZGEtZjUxMC00MjI5LWEwZmMtYjU1ODVhNjQ1ZjkxXkEyXkFqcGc@._V1_SX300.jpg",
        "Ratings": [
            {
                "Source": "Internet Movie Database",
                "Value": "5.8/10"
            },
            {
                "Source": "Rotten Tomatoes",
                "Value": "82%"
            },
            {
                "Source": "Metacritic",
                "Value": "59/100"
            }
        ],
        "Metascore": "59",
        "imdbRating": "5.8",
        "imdbVotes": "1,418",
        "imdbID": "tt5883008",
        "Type": "movie",
        "DVD": "N/A",
        "BoxOffice": "N/A",
        "Production": "N/A",
        "Website": "N/A",
        "Response": "True"
    }
}