{
    "tmdb": {
        "adult": false,
        "backdrop_path": "/aWILNXgq07riueQknYXMvum11jo.jpg",
        "belongs_to_collection": null,
        "budget": 0,
        "genres": [
            {
                "id": 28,
                "name": "Action"
            },
            {
                "id": 53,
                "name": "Thriller"
            }
        ],
        "homepage": "",
        "id": 1081012,
        "imdb_id": "tt26545708",
        "origin_country": [
            "US"
        ],
        "original_language": "en",
        "original_title": "Aftermath",
        "overview": "A returning war veteran, stricken with PTSD, gets trapped with his teenage sister on Boston's Tobin Memorial Bridge when a heavily armed group of ex-military revolutionaries take everyone hostage.",
        "popularity": 13.4898,
        "poster_path": "/v9knhuvYKwMUAta6fltNOuun3zF.jpg",
        "production_companies": [
            {
                "id": 6626,
                "logo_path": "/A1BnMoWjzjOrjzpWimyBQkf84mS.png",
                "name": "Voltage Pictures",
                "origin_country": "US"
            }
        ],
        "production_countries": [
            {
                "iso_3166_1": "US",
                "name": "United States of America"
            }
        ],
        "release_date": "2024-09-27",
        "revenue": 0,
        "runtime": 95,
        "spoken_languages": [
            {
                "english_name": "English",
                "iso_639_1": "en",
                "name": "English"
            }
        ],
        "status": "Released",
        "tagline": "Survival is the only option.",
        "title": "Aftermath",
        "video": false,
        "vote_average": 6.2,
        "vote_count": 134
    },
    "omdb": {
        "Title": "Aftermath",
        "Year": "2024",
        "Rated": "N/A",
        "Released": "01 Nov 2024",
        "Runtime": "97 min",
        "Genre": "Action, Thriller",
        "Director": "Patrick Lussier",
        "Writer": "Nathan Graham Davis",
        "Actors": "Dylan Sprouse, Mason Gooding, Megan Stott",
        "Plot": "A returning war veteran, stricken with PTSD, unwittingly gets trapped with his teenage sister on Boston's Tobin Memorial Bridge as a heavily weaponized group of ex-military revolutionists take everyone hostage.",
        "Language": "English",
        "Country": "United States",
        "Awards": "N/A",
        "Poster": "https://m.media-amazon.com/images/M/MV5BOWM2ZmE2Y2QtMTBiNS00ZDE0LWI2YmMtYzQ5MjUwYjJlMzQwXkEyXkFqcGc@._V1_SX300.jpg",
        "Ratings": [
            {
                "Source": "Internet Movie Database",
                "Value": "5.1/10"
            }
        ],
        "Metascore": "N/A",
        "imdbRating": "5.1",
        "imdbVotes": "625",
        "imdbID": "tt26545708",
        "Type": "movie",
        "DVD": "N/A",
        "BoxOffice": "N/A",
        "Production": "N/A",
        "Website": "N/A",
        "Response": "True"
    }
}