{
    "tmdb": {
        "adult": false,
        "backdrop_path": "/nDYz0HDfEiNVCBwhCDay8Ud0n7M.jpg",
        "belongs_to_collection": {
            "id": 9744,
            "name": "Fantastic Four Collection",
            "poster_path": "/prObnUSCHIBC8ZjkGo2KHgjkWOo.jpg",
            "backdrop_path": "/u3gPzjUY0iJr8ecZGVwChdSRFZt.jpg"
        },
        "budget": 100000000,
        "genres": [
            {
                "id": 28,
                "name": "Action"
            },
            {
                "id": 14,
                "name": "Fantasy"
            },
            {
                "id": 878,
                "name": "Science Fiction"
            }
        ],
        "homepage": "",
        "id": 9738,
        "imdb_id": "tt0120667",
        "origin_country": [
            "US"
        ],
        "original_language": "en",
        "original_title": "Fantastic Four",
        "overview": "During a space voyage, four scientists are altered by cosmic rays: Reed Richards gains the ability to stretch his body; Sue Storm can become invisible; Johnny Storm controls fire; and Ben Grimm is turned into a super-strong … thing. Together, these \"Fantastic Four\" must now thwart the evil plans of Dr. Doom and save the world from certain destruction.",
        "popularity": 15.899,
        "poster_path": "/4YMcYEFS8sFuW3soP1HVmgR3cSm.jpg",
        "production_companies": [
            {
                "id": 26149,
                "logo_path": null,
                "name": "Kumar Mobiliengesellschaft mbH & Co. Projekt Nr. 3 KG",
                "origin_country": ""
            },
            {
                "id": 436,
                "logo_path": "/A7WCkG3F0NFvjGCwUnclpGdIu9E.png",
                "name": "1492 Pictures",
                "origin_country": "US"
            },
            {
                "id": 19551,
                "logo_path": "/2WpWp9b108hizjHKdA107hFmvQ5.png",
                "name": "Marvel Enterprises",
                "origin_country": "US"
            },
            {
                "id": 25,
                "logo_path": "/qZCc1lty5FzX30aOCVRBLzaVmcp.png",
                "name": "20th Century Fox",
                "origin_country": "US"
            },
            {
                "id": 10881,
                "logo_path": null,
                "name": "Bernd Eichinger Productions",
                "origin_country": "DE"
            },
            {
                "id": 47,
                "logo_path": "/i7Z9ot2o3N5Sa3HrF09kniFs2y8.png",
                "name": "Constantin Film",
                "origin_country": "DE"
            }
        ],
        "production_countries": [
            {
                "iso_3166_1": "DE",
                "name": "Germany"
            },
            {
                "iso_3166_1": "US",
                "name": "United States of America"
            }
        ],
        "release_date": "2005-06-29",
        "revenue": 333535934,
        "runtime": 106,
        "spoken_languages": [
            {
                "english_name": "English",
                "iso_639_1": "en",
                "name": "English"
            }
        ],
        "status": "Released",
        "tagline": "4 times the action. 4 times the adventure. 4 times the fantastic.",
        "title": "Fantastic Four",
        "video": false,
        "vote_average": 5.784,
        "vote_count": 9456
    },
    "omdb": {
        "Title": "Fantastic Four",
        "Year": "2005",
        "Rated": "PG-13",
        "Released": "08 Jul 2005",
        "Runtime": "106 min",
        "Genre": "Action, Adventure, Fantasy",
        "Director": "Tim Story",
        "Writer": "Mark Frost, Michael France, Stan Lee",
        "Actors": "Ioan Gruffudd, Michael Chiklis, Chris Evans",
        "Plot": "A group of astronauts gain superpowers after a cosmic radiation exposure and must use them to oppose the plans of their enemy, Doctor Victor Von Doom.",
        "Language": "English",
        "Country": "Germany, United States, Canada",
        "Awards": "4 wins & 13 nominations total",
        "Poster": "https://m.media-amazon.com/images/M/MV5BNjY2YmZmMzUtZWY5Mi00MzI3LTljOTgtYTMwMWY1ODI5ZWY5XkEyXkFqcGc@._V1_SX300.jpg",
        "Ratings": [
            {
                "Source": "Internet Movie Database",
                "Value": "5.7/10"
            },
            {
                "Source": "Rotten Tomatoes",
                "Value": "27%"
            },
            {
                "Source": "Metacritic",
                "Value": "40/100"
            }
        ],
        "Metascore": "40",
        "imdbRating": "5.7",
        "imdbVotes": "355,224",
        "imdbID": "tt0120667",
        "Type": "movie",
        "DVD": "N/A",
        "BoxOffice": "$154,696,080",
        "Production": "N/A",
        "Website": "N/A",
        "Response": "True"
    }
}