{
    "tmdb": {
        "adult": false,
        "backdrop_path": "/gcW8rMiA9OKbetpjAVAAdbGrDd8.jpg",
        "belongs_to_collection": null,
        "budget": 100000000,
        "genres": [
            {
                "id": 16,
                "name": "Animation"
            },
            {
                "id": 35,
                "name": "Comedy"
            },
            {
                "id": 12,
                "name": "Adventure"
            },
            {
                "id": 10751,
                "name": "Family"
            }
        ],
        "homepage": "https://www.netflix.com/title/81221340",
        "id": 831815,
        "imdb_id": "tt23063732",
        "origin_country": [
            "US"
        ],
        "original_language": "en",
        "original_title": "Saving Bikini Bottom: The Sandy Cheeks Movie",
        "overview": "When Bikini Bottom is scooped from the ocean, scientific squirrel Sandy Cheeks and her pal SpongeBob SquarePants saddle up for Texas to save their town.",
        "popularity": 16.1804,
        "poster_path": "/30YnfZdMNIV7noWLdvmcJS0cbnQ.jpg",
        "production_companies": [
            {
                "id": 2348,
                "logo_path": "/m31fQvZJuUvAgxoqTiCGYFBfZYe.png",
                "name": "Nickelodeon Movies",
                "origin_country": "US"
            }
        ],
        "production_countries": [
            {
                "iso_3166_1": "US",
                "name": "United States of America"
            }
        ],
        "release_date": "2024-10-18",
        "revenue": 0,
        "runtime": 87,
        "spoken_languages": [
            {
                "english_name": "English",
                "iso_639_1": "en",
                "name": "English"
            }
        ],
        "status": "Released",
        "tagline": "Buckle up.",
        "title": "Saving Bikini Bottom: The Sandy Cheeks Movie",
        "video": false,
        "vote_average": 5.846,
        "vote_count": 81
    },
    "omdb": {
        "Title": "Saving Bikini Bottom: The Sandy Cheeks Movie",
        "Year": "2024",
        "Rated": "TV-PG",
        "Released": "02 Aug 2024",
        "Runtime": "82 min",
        "Genre": "Animation, Adventure, Comedy",
        "Director": "Liza Johnson",
        "Writer": "Kaz, Tom Stern, Stephen Hillenburg",
        "Actors": "Carolyn Lawrence, Tom Kenny, Clancy Brown",
        "Plot": "When Bikini Bottom is suddenly scooped out of the ocean, Sandy Cheeks and SpongeBob journey to Sandy's home state of Texas, where they meet Sandy's family and must save Bikini Bottom from the hands of an evil CEO.",
        "Language": "Arabic, English",
        "Country": "United States, United Kingdom, Canada",
        "Awards": "2 nominations total",
        "Poster": "https://m.media-amazon.com/images/M/MV5BYTFmNDU1YjItZThmYi00NjM3LTk5OGEtODgyMDQ3ODFiYjZhXkEyXkFqcGc@._V1_SX300.jpg",
        "Ratings": [
            {
                "Source": "Internet Movie Database",
                "Value": "3.7/10"
            },
            {
                "Source": "Rotten Tomatoes",
                "Value": "53%"
            }
        ],
        "Metascore": "N/A",
        "imdbRating": "3.7",
        "imdbVotes": "3,486",
        "imdbID": "tt23063732",
        "Type": "movie",
        "DVD": "N/A",
        "BoxOffice": "N/A",
        "Production": "N/A",
        "Website": "N/A",
        "Response": "True"
    }
}