{
    "tmdb": {
        "adult": false,
        "backdrop_path": "/6XjMwQTvnICBz6TguiDKkDVHvgS.jpg",
        "belongs_to_collection": null,
        "budget": 67000000,
        "genres": [
            {
                "id": 27,
                "name": "Horror"
            },
            {
                "id": 878,
                "name": "Science Fiction"
            },
            {
                "id": 53,
                "name": "Thriller"
            }
        ],
        "homepage": "https://www.aquietplacemovie.com",
        "id": 762441,
        "imdb_id": "tt13433802",
        "origin_country": [
            "US"
        ],
        "original_language": "en",
        "original_title": "A Quiet Place: Day One",
        "overview": "As New York City is invaded by alien creatures who hunt by sound, a woman named Sam fights to survive with her cat.",
        "popularity": 22.1451,
        "poster_path": "/hU42CRk14JuPEdqZG3AWmagiPAP.jpg",
        "production_companies": [
            {
                "id": 4,
                "logo_path": "/gz66EfNoYPqHTYI4q9UEN4CbHRc.png",
                "name": "Paramount Pictures",
                "origin_country": "US"
            },
            {
                "id": 2481,
                "logo_path": "/vOQg26GjR0LnkN1Ph9uyog1UuOE.png",
                "name": "Platinum Dunes",
                "origin_country": "US"
            },
            {
                "id": 29312,
                "logo_path": "/v6aLhoAviWYkfOksBJTd9XbO0YH.png",
                "name": "Sunday Night Productions",
                "origin_country": "US"
            }
        ],
        "production_countries": [
            {
                "iso_3166_1": "US",
                "name": "United States of America"
            }
        ],
        "release_date": "2024-06-26",
        "revenue": 261907653,
        "runtime": 99,
        "spoken_languages": [
            {
                "english_name": "English",
                "iso_639_1": "en",
                "name": "English"
            }
        ],
        "status": "Released",
        "tagline": "Hear how it all began.",
        "title": "A Quiet Place: Day One",
        "video": false,
        "vote_average": 6.726,
        "vote_count": 2724
    },
    "omdb": {
        "Title": "A Quiet Place: Day One",
        "Year": "2024",
        "Rated": "PG-13",
        "Released": "28 Jun 2024",
        "Runtime": "99 min",
        "Genre": "Drama, Horror, Sci-Fi",
        "Director": "Michael Sarnoski",
        "Writer": "Michael Sarnoski, John Krasinski, Bryan Woods",
        "Actors": "Lupita Nyong'o, Joseph Quinn, Alex Wolff",
        "Plot": "A young woman named Sam finds herself trapped in New York City during the early stages of an invasion by alien creatures with ultra-sensitive hearing.",
        "Language": "American Sign , English",
        "Country": "United States, United Kingdom, Canada",
        "Awards": "2 wins & 9 nominations total",
        "Poster": "https://m.media-amazon.com/images/M/MV5BMDdjZTljZWMtMDIwNi00MTA5LTkxZmItNmY0NDA3ZDM0N2M2XkEyXkFqcGc@._V1_SX300.jpg",
        "Ratings": [
            {
                "Source": "Internet Movie Database",
                "Value": "6.3/10"
            },
            {
                "Source": "Rotten Tomatoes",
                "Value": "86%"
            },
            {
                "Source": "Metacritic",
                "Value": "68/100"
            }
        ],
        "Metascore": "68",
        "imdbRating": "6.3",
        "imdbVotes": "130,708",
        "imdbID": "tt13433802",
        "Type": "movie",
        "DVD": "N/A",
        "BoxOffice": "$138,930,553",
        "Production": "N/A",
        "Website": "N/A",
        "Response": "True"
    }
}