{
    "tmdb": {
        "adult": false,
        "backdrop_path": "/xI1tAzzUk2v9nON6DLAHzcOLK42.jpg",
        "belongs_to_collection": {
            "id": 1006,
            "name": "Austin Powers Collection",
            "poster_path": "/1PkGnyFwRyapmbuILIOXXxiSh7Y.jpg",
            "backdrop_path": "/6KaDpeoPbvrbzXAuFdjIQpWk9PY.jpg"
        },
        "budget": 33000000,
        "genres": [
            {
                "id": 12,
                "name": "Adventure"
            },
            {
                "id": 35,
                "name": "Comedy"
            },
            {
                "id": 80,
                "name": "Crime"
            },
            {
                "id": 878,
                "name": "Science Fiction"
            }
        ],
        "homepage": "https://www.warnerbros.com/movies/austin-powers-spy-who-shagged-me",
        "id": 817,
        "imdb_id": "tt0145660",
        "origin_country": [
            "US"
        ],
        "original_language": "en",
        "original_title": "Austin Powers: The Spy Who Shagged Me",
        "overview": "When diabolical genius Dr. Evil travels back in time to steal superspy Austin Powers's ‘mojo,’ Austin must return to the swingin' '60s himself - with the help of American agent, Felicity Shagwell - to stop the dastardly plan. Once there, Austin faces off against Dr. Evil's army of minions to try to save the world in his own unbelievably groovy way.",
        "popularity": 14.3972,
        "poster_path": "/wqcE8EAmVl5j3mLuIrHFG7RmQyg.jpg",
        "production_companies": [
            {
                "id": 12,
                "logo_path": "/2ycs64eqV5rqKYHyQK0GVoKGvfX.png",
                "name": "New Line Cinema",
                "origin_country": "US"
            },
            {
                "id": 595,
                "logo_path": null,
                "name": "Eric's Boy",
                "origin_country": "US"
            }
        ],
        "production_countries": [
            {
                "iso_3166_1": "US",
                "name": "United States of America"
            }
        ],
        "release_date": "1999-06-08",
        "revenue": 312016928,
        "runtime": 95,
        "spoken_languages": [
            {
                "english_name": "German",
                "iso_639_1": "de",
                "name": "Deutsch"
            },
            {
                "english_name": "English",
                "iso_639_1": "en",
                "name": "English"
            }
        ],
        "status": "Released",
        "tagline": "First he fought for the Crown. Now he's fighting for the Family Jewels.",
        "title": "Austin Powers: The Spy Who Shagged Me",
        "video": false,
        "vote_average": 6.279,
        "vote_count": 3407
    },
    "omdb": {
        "Title": "Austin Powers: The Spy Who Shagged Me",
        "Year": "1999",
        "Rated": "PG-13",
        "Released": "11 Jun 1999",
        "Runtime": "95 min",
        "Genre": "Action, Adventure, Comedy",
        "Director": "Jay Roach",
        "Writer": "Mike Myers, Michael McCullers",
        "Actors": "Mike Myers, Heather Graham, Michael York",
        "Plot": "Dr. Evil is back and has invented a new time machine that allows him to go back to the 1960s and steal Austin Powers' mojo, inadvertently leaving him \"shagless\".",
        "Language": "English, German",
        "Country": "United States",
        "Awards": "Nominated for 1 Oscar. 18 wins & 31 nominations total",
        "Poster": "https://m.media-amazon.com/images/M/MV5BY2I3ZTBjOGQtYjQ3My00M2RlLTk3MjgtOTVmMWExNmU3ZjBkXkEyXkFqcGc@._V1_SX300.jpg",
        "Ratings": [
            {
                "Source": "Internet Movie Database",
                "Value": "6.7/10"
            },
            {
                "Source": "Rotten Tomatoes",
                "Value": "53%"
            },
            {
                "Source": "Metacritic",
                "Value": "59/100"
            }
        ],
        "Metascore": "59",
        "imdbRating": "6.7",
        "imdbVotes": "253,709",
        "imdbID": "tt0145660",
        "Type": "movie",
        "DVD": "N/A",
        "BoxOffice": "$206,040,086",
        "Production": "N/A",
        "Website": "N/A",
        "Response": "True"
    }
}