{
    "tmdb": {
        "adult": false,
        "backdrop_path": "/o4j2Yi8JC6dsOpk8BtW9JSoFtpj.jpg",
        "belongs_to_collection": {
            "id": 33085,
            "name": "The Little Mermaid Collection",
            "poster_path": "/pYZPkQaoPGT2md3j90C4aqt7EHl.jpg",
            "backdrop_path": "/gt7ccJrOgeOTWggy1PubLhWxX9g.jpg"
        },
        "budget": 40000000,
        "genres": [
            {
                "id": 16,
                "name": "Animation"
            },
            {
                "id": 10751,
                "name": "Family"
            },
            {
                "id": 14,
                "name": "Fantasy"
            }
        ],
        "homepage": "https://movies.disney.com/the-little-mermaid",
        "id": 10144,
        "imdb_id": "tt0097757",
        "origin_country": [
            "US"
        ],
        "original_language": "en",
        "original_title": "The Little Mermaid",
        "overview": "This colorful adventure tells the story of an impetuous mermaid princess named Ariel who falls in love with the very human Prince Eric and puts everything on the line for the chance to be with him. Memorable songs and characters -- including the villainous sea witch Ursula.",
        "popularity": 13.5052,
        "poster_path": "/plcZXvI310FkbwIptvd6rqk63LP.jpg",
        "production_companies": [
            {
                "id": 2,
                "logo_path": "/wdrCwmRnLFJhEoH8GSfymY85KHT.png",
                "name": "Walt Disney Pictures",
                "origin_country": "US"
            },
            {
                "id": 10282,
                "logo_path": null,
                "name": "Silver Screen Partners IV",
                "origin_country": "US"
            },
            {
                "id": 171656,
                "logo_path": "/4UBohOtIr9DtxylH48Qsg6aDow6.png",
                "name": "Walt Disney Feature Animation",
                "origin_country": "US"
            }
        ],
        "production_countries": [
            {
                "iso_3166_1": "US",
                "name": "United States of America"
            }
        ],
        "release_date": "1989-11-17",
        "revenue": 211343479,
        "runtime": 83,
        "spoken_languages": [
            {
                "english_name": "English",
                "iso_639_1": "en",
                "name": "English"
            },
            {
                "english_name": "French",
                "iso_639_1": "fr",
                "name": "Français"
            }
        ],
        "status": "Released",
        "tagline": "Somewhere under the sea and beyond your imagination is an adventure in fantasy.",
        "title": "The Little Mermaid",
        "video": false,
        "vote_average": 7.3,
        "vote_count": 8023
    },
    "omdb": {
        "Title": "The Little Mermaid",
        "Year": "1989",
        "Rated": "G",
        "Released": "17 Nov 1989",
        "Runtime": "83 min",
        "Genre": "Animation, Adventure, Family",
        "Director": "Ron Clements, John Musker",
        "Writer": "John Musker, Ron Clements, Hans Christian Andersen",
        "Actors": "Jodi Benson, Samuel E. Wright, Rene Auberjonois",
        "Plot": "A mermaid princess makes a Faustian bargain in an attempt to become human and win a prince's love.",
        "Language": "English, French",
        "Country": "United States",
        "Awards": "Won 2 Oscars. 16 wins & 9 nominations total",
        "Poster": "https://m.media-amazon.com/images/M/MV5BNmQ3ODcyZGMtMjNlOS00YzhlLTg0YzAtZGVjNmQ0OTYyNDg0XkEyXkFqcGc@._V1_SX300.jpg",
        "Ratings": [
            {
                "Source": "Internet Movie Database",
                "Value": "7.6/10"
            },
            {
                "Source": "Rotten Tomatoes",
                "Value": "92%"
            },
            {
                "Source": "Metacritic",
                "Value": "88/100"
            }
        ],
        "Metascore": "88",
        "imdbRating": "7.6",
        "imdbVotes": "301,400",
        "imdbID": "tt0097757",
        "Type": "movie",
        "DVD": "N/A",
        "BoxOffice": "$111,543,479",
        "Production": "N/A",
        "Website": "N/A",
        "Response": "True"
    }
}