{
    "tmdb": {
        "adult": false,
        "backdrop_path": "/ew5FcYiRhTYNJAkxoVPMNlCOdVn.jpg",
        "belongs_to_collection": {
            "id": 263,
            "name": "The Dark Knight Collection",
            "poster_path": "/ogyw5LTmL53dVxsppcy8Dlm30Fu.jpg",
            "backdrop_path": "/xyhrCEdB4XRkelfVsqXeUZ6rLHi.jpg"
        },
        "budget": 150000000,
        "genres": [
            {
                "id": 28,
                "name": "Action"
            },
            {
                "id": 80,
                "name": "Crime"
            },
            {
                "id": 18,
                "name": "Drama"
            }
        ],
        "homepage": "https://www.warnerbros.com/movies/batman-begins/",
        "id": 272,
        "imdb_id": "tt0372784",
        "origin_country": [
            "US"
        ],
        "original_language": "en",
        "original_title": "Batman Begins",
        "overview": "Driven by tragedy, billionaire Bruce Wayne dedicates his life to uncovering and defeating the corruption that plagues his home, Gotham City.  Unable to work within the system, he instead creates a new identity, a symbol of fear for the criminal underworld - The Batman.",
        "popularity": 14.6809,
        "poster_path": "/4MpN4kIEqUjW8OPtOQJXlTdHiJV.jpg",
        "production_companies": [
            {
                "id": 174,
                "logo_path": "/zhD3hhtKB5qyv7ZeL4uLpNxgMVU.png",
                "name": "Warner Bros. Pictures",
                "origin_country": "US"
            },
            {
                "id": 429,
                "logo_path": "/4Y00XuSMuP1gimd0jP6JT57QbCI.png",
                "name": "DC",
                "origin_country": "US"
            },
            {
                "id": 9996,
                "logo_path": "/3tvBqYsBhxWeHlu62SIJ1el93O7.png",
                "name": "Syncopy",
                "origin_country": "GB"
            },
            {
                "id": 923,
                "logo_path": "/5UQsZrfbfG2dYJbx8DxfoTr2Bvu.png",
                "name": "Legendary Pictures",
                "origin_country": "US"
            },
            {
                "id": 19231,
                "logo_path": null,
                "name": "Patalex III Productions Limited",
                "origin_country": ""
            }
        ],
        "production_countries": [
            {
                "iso_3166_1": "GB",
                "name": "United Kingdom"
            },
            {
                "iso_3166_1": "US",
                "name": "United States of America"
            }
        ],
        "release_date": "2005-06-10",
        "revenue": 374218673,
        "runtime": 140,
        "spoken_languages": [
            {
                "english_name": "English",
                "iso_639_1": "en",
                "name": "English"
            },
            {
                "english_name": "Urdu",
                "iso_639_1": "ur",
                "name": "اردو"
            },
            {
                "english_name": "Mandarin",
                "iso_639_1": "zh",
                "name": "普通话"
            }
        ],
        "status": "Released",
        "tagline": "Evil fears the knight.",
        "title": "Batman Begins",
        "video": false,
        "vote_average": 7.712,
        "vote_count": 21416
    },
    "omdb": {
        "Title": "Batman Begins",
        "Year": "2005",
        "Rated": "PG-13",
        "Released": "15 Jun 2005",
        "Runtime": "140 min",
        "Genre": "Action, Crime, Drama",
        "Director": "Christopher Nolan",
        "Writer": "Bob Kane, David S. Goyer, Christopher Nolan",
        "Actors": "Christian Bale, Michael Caine, Ken Watanabe",
        "Plot": "After witnessing his parents' death, billionaire Bruce Wayne learns the art of fighting to confront injustice. When he returns to Gotham as Batman, he must stop a secret society that intends to destroy the city.",
        "Language": "English, Mandarin",
        "Country": "United States, United Kingdom",
        "Awards": "Nominated for 1 Oscar. 15 wins & 79 nominations total",
        "Poster": "https://m.media-amazon.com/images/M/MV5BODIyMDdhNTgtNDlmOC00MjUxLWE2NDItODA5MTdkNzY3ZTdhXkEyXkFqcGc@._V1_SX300.jpg",
        "Ratings": [
            {
                "Source": "Internet Movie Database",
                "Value": "8.2/10"
            },
            {
                "Source": "Rotten Tomatoes",
                "Value": "85%"
            },
            {
                "Source": "Metacritic",
                "Value": "70/100"
            }
        ],
        "Metascore": "70",
        "imdbRating": "8.2",
        "imdbVotes": "1,641,193",
        "imdbID": "tt0372784",
        "Type": "movie",
        "DVD": "N/A",
        "BoxOffice": "$206,863,479",
        "Production": "N/A",
        "Website": "N/A",
        "Response": "True"
    }
}