{
    "tmdb": {
        "adult": false,
        "backdrop_path": "/qUq3QTr2KLvGIcN0GaaaYx9bbyH.jpg",
        "belongs_to_collection": null,
        "budget": 3000000,
        "genres": [
            {
                "id": 18,
                "name": "Drama"
            }
        ],
        "homepage": "",
        "id": 510,
        "imdb_id": "tt0073486",
        "origin_country": [
            "US"
        ],
        "original_language": "en",
        "original_title": "One Flew Over the Cuckoo's Nest",
        "overview": "A petty criminal fakes insanity to serve his sentence in a mental ward rather than prison. He soon finds himself as a leader to the other patients—and an enemy to the cruel, domineering nurse who runs the ward.",
        "popularity": 17.6947,
        "poster_path": "/kjWsMh72V6d8KRLV4EOoSJLT1H7.jpg",
        "production_companies": [
            {
                "id": 286,
                "logo_path": null,
                "name": "Fantasy Films",
                "origin_country": ""
            },
            {
                "id": 60,
                "logo_path": "/4YldLvCWQL9VIAHQ2Fu3Ffkh9Si.png",
                "name": "United Artists",
                "origin_country": "US"
            }
        ],
        "production_countries": [
            {
                "iso_3166_1": "US",
                "name": "United States of America"
            }
        ],
        "release_date": "1975-11-19",
        "revenue": 108981275,
        "runtime": 133,
        "spoken_languages": [
            {
                "english_name": "English",
                "iso_639_1": "en",
                "name": "English"
            }
        ],
        "status": "Released",
        "tagline": "If he's crazy, what does that make you?",
        "title": "One Flew Over the Cuckoo's Nest",
        "video": false,
        "vote_average": 8.414,
        "vote_count": 10738
    },
    "omdb": {
        "Title": "One Flew Over the Cuckoo's Nest",
        "Year": "1975",
        "Rated": "R",
        "Released": "19 Nov 1975",
        "Runtime": "133 min",
        "Genre": "Drama",
        "Director": "Milos Forman",
        "Writer": "Lawrence Hauben, Bo Goldman, Ken Kesey",
        "Actors": "Jack Nicholson, Louise Fletcher, Michael Berryman",
        "Plot": "In the Fall of 1963, a Korean War veteran and criminal pleads insanity and is admitted to a mental institution, where he rallies up the scared patients against the tyrannical nurse.",
        "Language": "English",
        "Country": "United States",
        "Awards": "Won 5 Oscars. 38 wins & 15 nominations total",
        "Poster": "https://m.media-amazon.com/images/M/MV5BYjBkMjgzMzYtNzRiMS00NDc3LWE4YTUtZjYxYjZhNjNhYzhhXkEyXkFqcGc@._V1_SX300.jpg",
        "Ratings": [
            {
                "Source": "Internet Movie Database",
                "Value": "8.7/10"
            },
            {
                "Source": "Rotten Tomatoes",
                "Value": "93%"
            },
            {
                "Source": "Metacritic",
                "Value": "84/100"
            }
        ],
        "Metascore": "84",
        "imdbRating": "8.7",
        "imdbVotes": "1,108,711",
        "imdbID": "tt0073486",
        "Type": "movie",
        "DVD": "N/A",
        "BoxOffice": "$108,981,275",
        "Production": "N/A",
        "Website": "N/A",
        "Response": "True"
    }
}