{
    "tmdb": {
        "adult": false,
        "backdrop_path": "/2vFuG6bWGyQUzYS9d69E5l85nIz.jpg",
        "belongs_to_collection": null,
        "budget": 195000000,
        "genres": [
            {
                "id": 878,
                "name": "Science Fiction"
            },
            {
                "id": 12,
                "name": "Adventure"
            },
            {
                "id": 28,
                "name": "Action"
            }
        ],
        "homepage": "https://www.paramountmovies.com/movies/transformers-rise-of-the-beasts",
        "id": 667538,
        "imdb_id": "tt5090568",
        "origin_country": [
            "US"
        ],
        "original_language": "en",
        "original_title": "Transformers: Rise of the Beasts",
        "overview": "When a new threat capable of destroying the entire planet emerges, Optimus Prime and the Autobots must team up with a powerful faction known as the Maximals. With the fate of humanity hanging in the balance, humans Noah and Elena will do whatever it takes to help the Transformers as they engage in the ultimate battle to save Earth.",
        "popularity": 30.9635,
        "poster_path": "/gPbM0MK8CP8A174rmUwGsADNYKD.jpg",
        "production_companies": [
            {
                "id": 82819,
                "logo_path": "/gXfFl9pRPaoaq14jybEn1pHeldr.png",
                "name": "Skydance Media",
                "origin_country": "US"
            },
            {
                "id": 4,
                "logo_path": "/gz66EfNoYPqHTYI4q9UEN4CbHRc.png",
                "name": "Paramount Pictures",
                "origin_country": "US"
            },
            {
                "id": 435,
                "logo_path": "/AjzK0s2w1GtLfR4hqCjVSYi0Sr8.png",
                "name": "di Bonaventura Pictures",
                "origin_country": "US"
            },
            {
                "id": 6734,
                "logo_path": "/u55FhlG6vFNzSVKLcmnFFwLb2cc.png",
                "name": "Bay Films",
                "origin_country": "US"
            },
            {
                "id": 114732,
                "logo_path": "/tNCbisMxO5mX2X2bOQxHHQZVYnT.png",
                "name": "New Republic Pictures",
                "origin_country": "US"
            },
            {
                "id": 38831,
                "logo_path": null,
                "name": "DeSanto/Murphy Productions",
                "origin_country": "US"
            },
            {
                "id": 2598,
                "logo_path": "/i42C5gRq7XqlG4S9vkchuJZfrBn.png",
                "name": "Hasbro",
                "origin_country": "US"
            }
        ],
        "production_countries": [
            {
                "iso_3166_1": "US",
                "name": "United States of America"
            }
        ],
        "release_date": "2023-06-06",
        "revenue": 441381193,
        "runtime": 127,
        "spoken_languages": [
            {
                "english_name": "Quechua",
                "iso_639_1": "qu",
                "name": ""
            },
            {
                "english_name": "Spanish",
                "iso_639_1": "es",
                "name": "Español"
            },
            {
                "english_name": "English",
                "iso_639_1": "en",
                "name": "English"
            }
        ],
        "status": "Released",
        "tagline": "Unite or fall.",
        "title": "Transformers: Rise of the Beasts",
        "video": false,
        "vote_average": 7.243,
        "vote_count": 4881
    },
    "omdb": {
        "Title": "Transformers: Rise of the Beasts",
        "Year": "2023",
        "Rated": "PG-13",
        "Released": "09 Jun 2023",
        "Runtime": "127 min",
        "Genre": "Action, Adventure, Sci-Fi",
        "Director": "Steven Caple Jr.",
        "Writer": "Joby Harold, Darnell Metayer, Josh Peters",
        "Actors": "Anthony Ramos, Dominique Fishback, Luna Lauren Velez",
        "Plot": "During the '90s, a new faction of Transformers - the Maximals - join the Autobots as allies in the battle for Earth.",
        "Language": "English, Spanish",
        "Country": "United States, Canada, United Kingdom, New Zealand, Hungary, Peru, China",
        "Awards": "1 win & 11 nominations total",
        "Poster": "https://m.media-amazon.com/images/M/MV5BZTVkZWY5MmItYjY3OS00OWY3LTg2NWEtOWE1NmQ4NGMwZGNlXkEyXkFqcGc@._V1_SX300.jpg",
        "Ratings": [
            {
                "Source": "Internet Movie Database",
                "Value": "6.0/10"
            },
            {
                "Source": "Rotten Tomatoes",
                "Value": "51%"
            },
            {
                "Source": "Metacritic",
                "Value": "42/100"
            }
        ],
        "Metascore": "42",
        "imdbRating": "6.0",
        "imdbVotes": "118,145",
        "imdbID": "tt5090568",
        "Type": "movie",
        "DVD": "N/A",
        "BoxOffice": "$157,341,749",
        "Production": "N/A",
        "Website": "N/A",
        "Response": "True"
    }
}