{
    "tmdb": {
        "adult": false,
        "backdrop_path": "/zbOlpFM306PHE7EP1OELCH5qSmS.jpg",
        "belongs_to_collection": null,
        "budget": 20000000,
        "genres": [
            {
                "id": 10752,
                "name": "War"
            },
            {
                "id": 36,
                "name": "History"
            },
            {
                "id": 18,
                "name": "Drama"
            }
        ],
        "homepage": "https://www.netflix.com/title/81260280",
        "id": 49046,
        "imdb_id": "tt1016150",
        "origin_country": [
            "DE"
        ],
        "original_language": "de",
        "original_title": "Im Westen nichts Neues",
        "overview": "Paul Baumer and his friends Albert and Muller, egged on by romantic dreams of heroism, voluntarily enlist in the German army. Full of excitement and patriotic fervour, the boys enthusiastically march into a war they believe in. But once on the Western Front, they discover the soul-destroying horror of World War I.",
        "popularity": 14.2876,
        "poster_path": "/2IRjbi9cADuDMKmHdLK7LaqQDKA.jpg",
        "production_companies": [
            {
                "id": 36616,
                "logo_path": "/ujmuIln4o5ZK08NvI7GmSuV0jj6.png",
                "name": "Amusement Park Films",
                "origin_country": "DE"
            },
            {
                "id": 223150,
                "logo_path": null,
                "name": "Gunpowder Films",
                "origin_country": "DE"
            }
        ],
        "production_countries": [
            {
                "iso_3166_1": "DE",
                "name": "Germany"
            }
        ],
        "release_date": "2022-10-07",
        "revenue": 0,
        "runtime": 147,
        "spoken_languages": [
            {
                "english_name": "French",
                "iso_639_1": "fr",
                "name": "Français"
            },
            {
                "english_name": "English",
                "iso_639_1": "en",
                "name": "English"
            },
            {
                "english_name": "German",
                "iso_639_1": "de",
                "name": "Deutsch"
            }
        ],
        "status": "Released",
        "tagline": "",
        "title": "All Quiet on the Western Front",
        "video": false,
        "vote_average": 7.726,
        "vote_count": 4145
    },
    "omdb": {
        "Title": "All Quiet on the Western Front",
        "Year": "2022",
        "Rated": "R",
        "Released": "28 Oct 2022",
        "Runtime": "148 min",
        "Genre": "Drama, History, War",
        "Director": "Edward Berger",
        "Writer": "Edward Berger, Lesley Paterson, Ian Stokell",
        "Actors": "Felix Kammerer, Albrecht Schuch, Aaron Hilmer",
        "Plot": "A young German soldier's terrifying experiences and distress on the western front during World War I.",
        "Language": "German, French",
        "Country": "Germany, United States, United Kingdom",
        "Awards": "Won 4 Oscars. 59 wins & 89 nominations total",
        "Poster": "https://m.media-amazon.com/images/M/MV5BOWJiYWMyYTktZThhOS00ZjgxLWE0YTQtZDMyNTQxMjMyYjI2XkEyXkFqcGc@._V1_SX300.jpg",
        "Ratings": [
            {
                "Source": "Internet Movie Database",
                "Value": "7.8/10"
            },
            {
                "Source": "Rotten Tomatoes",
                "Value": "90%"
            },
            {
                "Source": "Metacritic",
                "Value": "76/100"
            }
        ],
        "Metascore": "76",
        "imdbRating": "7.8",
        "imdbVotes": "272,532",
        "imdbID": "tt1016150",
        "Type": "movie",
        "DVD": "N/A",
        "BoxOffice": "N/A",
        "Production": "N/A",
        "Website": "N/A",
        "Response": "True"
    }
}