{
    "tmdb": {
        "adult": false,
        "backdrop_path": "/aw4FOsWr2FY373nKSxbpNi3fz4F.jpg",
        "belongs_to_collection": {
            "id": 87359,
            "name": "Mission: Impossible Collection",
            "poster_path": "/geEjCGfdmRAA1skBPwojcdvnZ8A.jpg",
            "backdrop_path": "/mroWh717g0Ah2c0rrPGW6f3EWMM.jpg"
        },
        "budget": 178000000,
        "genres": [
            {
                "id": 28,
                "name": "Action"
            },
            {
                "id": 12,
                "name": "Adventure"
            }
        ],
        "homepage": "",
        "id": 353081,
        "imdb_id": "tt4912910",
        "origin_country": [
            "US"
        ],
        "original_language": "en",
        "original_title": "Mission: Impossible - Fallout",
        "overview": "When an IMF mission ends badly, the world is faced with dire consequences. As Ethan Hunt takes it upon himself to fulfill his original briefing, the CIA begin to question his loyalty and his motives. The IMF team find themselves in a race against time, hunted by assassins while trying to prevent a global catastrophe.",
        "popularity": 13.1928,
        "poster_path": "/AkJQpZp9WoNdj7pLYSj1L0RcMMN.jpg",
        "production_companies": [
            {
                "id": 4,
                "logo_path": "/gz66EfNoYPqHTYI4q9UEN4CbHRc.png",
                "name": "Paramount Pictures",
                "origin_country": "US"
            },
            {
                "id": 11461,
                "logo_path": "/p9FoEt5shEKRWRKVIlvFaEmRnun.png",
                "name": "Bad Robot",
                "origin_country": "US"
            },
            {
                "id": 82819,
                "logo_path": "/gXfFl9pRPaoaq14jybEn1pHeldr.png",
                "name": "Skydance Media",
                "origin_country": "US"
            },
            {
                "id": 21777,
                "logo_path": null,
                "name": "TC Productions",
                "origin_country": "US"
            }
        ],
        "production_countries": [
            {
                "iso_3166_1": "US",
                "name": "United States of America"
            }
        ],
        "release_date": "2018-07-13",
        "revenue": 791658205,
        "runtime": 147,
        "spoken_languages": [
            {
                "english_name": "English",
                "iso_639_1": "en",
                "name": "English"
            },
            {
                "english_name": "French",
                "iso_639_1": "fr",
                "name": "Français"
            }
        ],
        "status": "Released",
        "tagline": "Some missions are not a choice.",
        "title": "Mission: Impossible - Fallout",
        "video": false,
        "vote_average": 7.43,
        "vote_count": 8448
    },
    "omdb": {
        "Title": "Mission: Impossible - Fallout",
        "Year": "2018",
        "Rated": "PG-13",
        "Released": "27 Jul 2018",
        "Runtime": "147 min",
        "Genre": "Action, Adventure, Thriller",
        "Director": "Christopher McQuarrie",
        "Writer": "Bruce Geller, Christopher McQuarrie",
        "Actors": "Tom Cruise, Henry Cavill, Ving Rhames",
        "Plot": "A group of terrorists plans to detonate three plutonium cores for a simultaneous nuclear attack on different cities. Ethan Hunt, along with his IMF team, sets out to stop the carnage.",
        "Language": "English, French",
        "Country": "United States, China, France, Norway",
        "Awards": "Nominated for 1 BAFTA Award26 wins & 41 nominations total",
        "Poster": "https://m.media-amazon.com/images/M/MV5BMTk3NDY5MTU0NV5BMl5BanBnXkFtZTgwNDI3MDE1NTM@._V1_SX300.jpg",
        "Ratings": [
            {
                "Source": "Internet Movie Database",
                "Value": "7.7/10"
            },
            {
                "Source": "Rotten Tomatoes",
                "Value": "98%"
            },
            {
                "Source": "Metacritic",
                "Value": "87/100"
            }
        ],
        "Metascore": "87",
        "imdbRating": "7.7",
        "imdbVotes": "391,467",
        "imdbID": "tt4912910",
        "Type": "movie",
        "DVD": "N/A",
        "BoxOffice": "$220,159,104",
        "Production": "N/A",
        "Website": "N/A",
        "Response": "True"
    }
}