{
    "tmdb": {
        "adult": false,
        "backdrop_path": "/aFDYcmwEWRiEh58Ri1tMpCUWPBp.jpg",
        "belongs_to_collection": null,
        "budget": 0,
        "genres": [
            {
                "id": 10770,
                "name": "TV Movie"
            },
            {
                "id": 10751,
                "name": "Family"
            },
            {
                "id": 35,
                "name": "Comedy"
            },
            {
                "id": 27,
                "name": "Horror"
            },
            {
                "id": 16,
                "name": "Animation"
            }
        ],
        "homepage": "",
        "id": 1354627,
        "imdb_id": "tt33404610",
        "origin_country": [
            "US"
        ],
        "original_language": "en",
        "original_title": "SpongeBob Squarepants: Kreepaway Kamp",
        "overview": "While at Kamp Koral for a reunion, SpongeBob and the gang are stalked by a mysterious figure lurking in the shadows as campers start disappearing one by one!",
        "popularity": 14.1382,
        "poster_path": "/aUOCmqkbCX94znDJNtSy1402Sie.jpg",
        "production_companies": [
            {
                "id": 8921,
                "logo_path": "/wZEtdueugvOSYwDD3gbFNHctVWY.png",
                "name": "United Plankton Pictures",
                "origin_country": "US"
            },
            {
                "id": 4859,
                "logo_path": "/wOF6aAYFE5BQryYyaMdQPqUWYwt.png",
                "name": "Nickelodeon Animation Studio",
                "origin_country": "US"
            },
            {
                "id": 5371,
                "logo_path": "/2GFJ3jJ7dhjqcOGj41aTwd3OhQT.png",
                "name": "Nickelodeon Productions",
                "origin_country": "US"
            }
        ],
        "production_countries": [
            {
                "iso_3166_1": "US",
                "name": "United States of America"
            }
        ],
        "release_date": "2024-10-10",
        "revenue": 0,
        "runtime": 45,
        "spoken_languages": [
            {
                "english_name": "English",
                "iso_639_1": "en",
                "name": "English"
            }
        ],
        "status": "Released",
        "tagline": "",
        "title": "SpongeBob Squarepants: Kreepaway Kamp",
        "video": false,
        "vote_average": 7.086,
        "vote_count": 81
    },
    "omdb": {
        "Title": "Kreepaway Kamp",
        "Year": "2024",
        "Rated": "N/A",
        "Released": "10 Oct 2024",
        "Runtime": "45 min",
        "Genre": "Animation, Comedy, Mystery",
        "Director": "Sherm Cohen, Dave Cunningham, Ian Vazquez",
        "Writer": "Mike Bell, Bobby Gaylor",
        "Actors": "Tom Kenny, Bill Fagerbakke, Rodger Bumpass",
        "Plot": "While at Kamp Koral for a reunion, SpongeBob and the gang are stalked by a mysterious figure lurking in the shadows as campers start disappearing one by one!",
        "Language": "English",
        "Country": "United States",
        "Awards": "N/A",
        "Poster": "https://m.media-amazon.com/images/M/MV5BOTY4YTRmYjUtMWQwNC00YWJmLTg1NjQtNDVhOTEzMGU4YzFiXkEyXkFqcGc@._V1_SX300.jpg",
        "Ratings": [
            {
                "Source": "Internet Movie Database",
                "Value": "5.6/10"
            }
        ],
        "Metascore": "N/A",
        "imdbRating": "5.6",
        "imdbVotes": "181",
        "imdbID": "tt33404610",
        "Type": "movie",
        "DVD": "N/A",
        "BoxOffice": "N/A",
        "Production": "N/A",
        "Website": "N/A",
        "Response": "True"
    }
}