{
    "tmdb": {
        "adult": false,
        "backdrop_path": "/4Gyp48lFkmcxu20Fs7ukhTIuzSn.jpg",
        "belongs_to_collection": null,
        "budget": 0,
        "genres": [
            {
                "id": 27,
                "name": "Horror"
            },
            {
                "id": 9648,
                "name": "Mystery"
            },
            {
                "id": 53,
                "name": "Thriller"
            }
        ],
        "homepage": "",
        "id": 1293263,
        "imdb_id": "tt32276246",
        "origin_country": [
            "US"
        ],
        "original_language": "en",
        "original_title": "The Curse of the Necklace",
        "overview": "After separating due to his unpredictable alcohol infused temper, Frank try to win his wife Laura back by giving her a beautiful antique necklace he finds in an old 1938 evidence bag at the station. Unfortunately, the necklace is a conduit for the tormented soul of an evil boy from long ago, and Laura and her daughters find themselves in terrible danger from a little boy who no longer exists.",
        "popularity": 13.5381,
        "poster_path": "/tWrYpICZChiPwRnc8SkvxBFBE3y.jpg",
        "production_companies": [
            {
                "id": 79279,
                "logo_path": "/gcCJ3eCR1bzw7IPQX3UoxqClpUP.png",
                "name": "ESX Entertainment",
                "origin_country": "US"
            }
        ],
        "production_countries": [
            {
                "iso_3166_1": "US",
                "name": "United States of America"
            }
        ],
        "release_date": "2024-09-27",
        "revenue": 0,
        "runtime": 95,
        "spoken_languages": [
            {
                "english_name": "English",
                "iso_639_1": "en",
                "name": "English"
            }
        ],
        "status": "Released",
        "tagline": "",
        "title": "The Curse of the Necklace",
        "video": false,
        "vote_average": 5.6,
        "vote_count": 33
    },
    "omdb": {
        "Title": "The Curse of the Necklace",
        "Year": "2024",
        "Rated": "R",
        "Released": "01 Oct 2024",
        "Runtime": "99 min",
        "Genre": "Horror",
        "Director": "Juan Pablo Arias Munoz",
        "Writer": "John Ducey",
        "Actors": "Violet McGraw, Madeleine McGraw, Henry Thomas",
        "Plot": "Family navigates turbulent 1960s dynamics. Mom separates from alcoholic husband. Daughters grapple with changes. Dad's antique gift hides dark force that imperils all.",
        "Language": "N/A",
        "Country": "United States",
        "Awards": "N/A",
        "Poster": "https://m.media-amazon.com/images/M/MV5BNDM1YWM4MzgtMjFkMi00NGYwLWI0ZTMtOGFhMmJjMjU5MzEyXkEyXkFqcGc@._V1_SX300.jpg",
        "Ratings": [
            {
                "Source": "Internet Movie Database",
                "Value": "4.4/10"
            }
        ],
        "Metascore": "N/A",
        "imdbRating": "4.4",
        "imdbVotes": "795",
        "imdbID": "tt32276246",
        "Type": "movie",
        "DVD": "N/A",
        "BoxOffice": "N/A",
        "Production": "N/A",
        "Website": "N/A",
        "Response": "True"
    }
}