{
    "tmdb": {
        "adult": false,
        "backdrop_path": "/1ddf2Kq1hC7SgV02E3pyLAC26lq.jpg",
        "belongs_to_collection": null,
        "budget": 0,
        "genres": [
            {
                "id": 18,
                "name": "Drama"
            },
            {
                "id": 14,
                "name": "Fantasy"
            },
            {
                "id": 878,
                "name": "Science Fiction"
            }
        ],
        "homepage": "http://sheiscolossal.com",
        "id": 339967,
        "imdb_id": "tt4680182",
        "origin_country": [
            "US"
        ],
        "original_language": "en",
        "original_title": "Colossal",
        "overview": "A woman discovers that severe catastrophic events are somehow connected to the mental breakdown from which she's suffering.",
        "popularity": 68.6914,
        "poster_path": "/4VOyofBd1pexblxtDZYtYIk7NI4.jpg",
        "production_companies": [
            {
                "id": 90622,
                "logo_path": null,
                "name": "Toy Fight Productions",
                "origin_country": "CA"
            },
            {
                "id": 1063,
                "logo_path": "/fpVBhNnopOZwGuF0gg99oBHp1ht.png",
                "name": "Brightlight Pictures",
                "origin_country": "CA"
            },
            {
                "id": 7344,
                "logo_path": "/wSPFwK4I42Z63YWcuTzcq8e4dhw.png",
                "name": "Sayaka Producciones",
                "origin_country": "ES"
            },
            {
                "id": 80834,
                "logo_path": "/gWVVa74FMdRGXSnRroASmlNBEtU.png",
                "name": "Route One Entertainment",
                "origin_country": "US"
            },
            {
                "id": 6626,
                "logo_path": "/A1BnMoWjzjOrjzpWimyBQkf84mS.png",
                "name": "Voltage Pictures",
                "origin_country": "US"
            },
            {
                "id": 88607,
                "logo_path": null,
                "name": "Union Investment Partners",
                "origin_country": "KR"
            },
            {
                "id": 108869,
                "logo_path": "/tfK09IBUnfAwp5htKDPAdzf2z01.png",
                "name": "Legion M",
                "origin_country": "US"
            }
        ],
        "production_countries": [
            {
                "iso_3166_1": "CA",
                "name": "Canada"
            },
            {
                "iso_3166_1": "KR",
                "name": "South Korea"
            },
            {
                "iso_3166_1": "ES",
                "name": "Spain"
            },
            {
                "iso_3166_1": "US",
                "name": "United States of America"
            }
        ],
        "release_date": "2017-04-06",
        "revenue": 3029287,
        "runtime": 109,
        "spoken_languages": [
            {
                "english_name": "English",
                "iso_639_1": "en",
                "name": "English"
            },
            {
                "english_name": "Korean",
                "iso_639_1": "ko",
                "name": "한국어/조선말"
            }
        ],
        "status": "Released",
        "tagline": "There's a monster in all of us",
        "title": "Colossal",
        "video": false,
        "vote_average": 6.281,
        "vote_count": 2120
    },
    "omdb": {
        "Title": "Colossal",
        "Year": "2016",
        "Rated": "R",
        "Released": "21 Apr 2017",
        "Runtime": "109 min",
        "Genre": "Comedy, Drama, Fantasy",
        "Director": "Nacho Vigalondo",
        "Writer": "Nacho Vigalondo",
        "Actors": "Anne Hathaway, Jason Sudeikis, Austin Stowell",
        "Plot": "Gloria is an out-of-work party girl forced to leave her life in New York City and move back home. When reports surface that a giant creature is destroying Seoul, she gradually comes to the realization that she is somehow connected...",
        "Language": "English, Korean",
        "Country": "United States, Spain, Canada, South Korea",
        "Awards": "3 wins & 9 nominations total",
        "Poster": "https://m.media-amazon.com/images/M/MV5BMTY2NTExOTA2MF5BMl5BanBnXkFtZTgwNTMwMjE2MTI@._V1_SX300.jpg",
        "Ratings": [
            {
                "Source": "Internet Movie Database",
                "Value": "6.2/10"
            },
            {
                "Source": "Rotten Tomatoes",
                "Value": "82%"
            },
            {
                "Source": "Metacritic",
                "Value": "70/100"
            }
        ],
        "Metascore": "70",
        "imdbRating": "6.2",
        "imdbVotes": "70,969",
        "imdbID": "tt4680182",
        "Type": "movie",
        "DVD": "N/A",
        "BoxOffice": "$3,029,287",
        "Production": "N/A",
        "Website": "N/A",
        "Response": "True"
    }
}