{
    "tmdb": {
        "adult": false,
        "backdrop_path": "/oz4U9eA6ilYf1tyiVuGmkftdLac.jpg",
        "belongs_to_collection": {
            "id": 1156666,
            "name": "Fault Collection",
            "poster_path": "/A3ghZY5eYyiD6CkrbnaMACi8TaT.jpg",
            "backdrop_path": "/7N9p8D39MXJDfm14zlBwW7mBh7g.jpg"
        },
        "budget": 0,
        "genres": [
            {
                "id": 10749,
                "name": "Romance"
            },
            {
                "id": 18,
                "name": "Drama"
            }
        ],
        "homepage": "https://www.amazon.com/gp/video/detail/B0B683GY1G",
        "id": 1010581,
        "imdb_id": "tt21909764",
        "origin_country": [
            "ES"
        ],
        "original_language": "es",
        "original_title": "Culpa mía",
        "overview": "Noah must leave her city, boyfriend, and friends to move into William Leister's mansion, the flashy and wealthy husband of her mother Rafaela. As a proud and independent 17 year old, Noah resists living in a mansion surrounded by luxury. However, it is there where she meets Nick, her new stepbrother, and the clash of their strong personalities becomes evident from the very beginning.",
        "popularity": 69.8209,
        "poster_path": "/w46Vw536HwNnEzOa7J24YH9DPRS.jpg",
        "production_companies": [
            {
                "id": 32485,
                "logo_path": "/fVXreZkiJTOq1cCi6htSQlPSy7R.png",
                "name": "Pokeepsie Films",
                "origin_country": "ES"
            },
            {
                "id": 208240,
                "logo_path": "/hYREaYiVyoGVP26CbDpAWD3wDRD.png",
                "name": "Amazon Studios",
                "origin_country": "ES"
            }
        ],
        "production_countries": [
            {
                "iso_3166_1": "ES",
                "name": "Spain"
            }
        ],
        "release_date": "2023-06-08",
        "revenue": 0,
        "runtime": 117,
        "spoken_languages": [
            {
                "english_name": "Spanish",
                "iso_639_1": "es",
                "name": "Español"
            }
        ],
        "status": "Released",
        "tagline": "Love can only survive in the shadow of secrets.",
        "title": "My Fault",
        "video": false,
        "vote_average": 7.817,
        "vote_count": 3664
    },
    "omdb": {
        "Title": "Culpa Mía",
        "Year": "2023",
        "Rated": "Not Rated",
        "Released": "08 Jun 2023",
        "Runtime": "117 min",
        "Genre": "Drama, Romance",
        "Director": "Domingo González",
        "Writer": "Mercedes Ron, Domingo González",
        "Actors": "Nicole Wallace, Gabriel Guevara, Marta Hazas",
        "Plot": "Noah has to leave her town, boyfriend and friends behind and move into the mansion of her mother's new rich husband. There she meets Nick, her new stepbrother. They fall madly in love in secret.",
        "Language": "Spanish",
        "Country": "Spain",
        "Awards": "1 nomination total",
        "Poster": "https://m.media-amazon.com/images/M/MV5BNTI4ZWQ5YjYtMmYwMy00OWFmLWFmNDYtZGNlNWMxNTllZjc4XkEyXkFqcGc@._V1_SX300.jpg",
        "Ratings": [
            {
                "Source": "Internet Movie Database",
                "Value": "6.2/10"
            },
            {
                "Source": "Rotten Tomatoes",
                "Value": "0%"
            }
        ],
        "Metascore": "N/A",
        "imdbRating": "6.2",
        "imdbVotes": "33,238",
        "imdbID": "tt21909764",
        "Type": "movie",
        "DVD": "N/A",
        "BoxOffice": "N/A",
        "Production": "N/A",
        "Website": "N/A",
        "Response": "True"
    }
}