{
    "tmdb": {
        "adult": false,
        "backdrop_path": "/nEo4uhFnZgSTQJEmO63NQXyHydD.jpg",
        "belongs_to_collection": null,
        "budget": 0,
        "genres": [
            {
                "id": 53,
                "name": "Thriller"
            }
        ],
        "homepage": "",
        "id": 1059643,
        "imdb_id": "tt22175098",
        "origin_country": [
            "US"
        ],
        "original_language": "en",
        "original_title": "Clawfoot",
        "overview": "An upper-class suburban housewife is psychologically terrorized by a manipulative contractor remodeling her bathroom... until the tables are turned and a twisted battle of wits ensues with deliciously unexpected results.",
        "popularity": 19.0711,
        "poster_path": "/p2aM5FtUHmKp28AfiZCP6rkQJiw.jpg",
        "production_companies": [
            {
                "id": 183188,
                "logo_path": "/qNgImFjk8SP7lwzoH69VgeAGPii.png",
                "name": "Yale Entertainment",
                "origin_country": "US"
            },
            {
                "id": 75355,
                "logo_path": "/avj80RsunqwDbOS6oLp4plRE5UQ.png",
                "name": "Yale Productions",
                "origin_country": "US"
            },
            {
                "id": 96310,
                "logo_path": "/tBxSNuzARadiaBpIJ3qmdPG5BCz.png",
                "name": "LB Entertainment",
                "origin_country": "US"
            }
        ],
        "production_countries": [
            {
                "iso_3166_1": "US",
                "name": "United States of America"
            }
        ],
        "release_date": "2024-04-24",
        "revenue": 0,
        "runtime": 87,
        "spoken_languages": [],
        "status": "Released",
        "tagline": "This remodel is going to be a bloodbath.",
        "title": "Clawfoot",
        "video": false,
        "vote_average": 5.0,
        "vote_count": 36
    },
    "omdb": {
        "Title": "Clawfoot",
        "Year": "2023",
        "Rated": "N/A",
        "Released": "07 Jun 2024",
        "Runtime": "87 min",
        "Genre": "Comedy, Thriller",
        "Director": "Michael Day",
        "Writer": "April Wolfe",
        "Actors": "Francesca Eastwood, Milo Gibson, Olivia Culpo",
        "Plot": "Follows a housewife psychologically terrorized by a manipulative contractor, leading to a twisted battle of wits with deliciously unexpected results.",
        "Language": "English",
        "Country": "United States",
        "Awards": "N/A",
        "Poster": "https://m.media-amazon.com/images/M/MV5BMWNlZGFjZjctNjU3Yy00NjE2LThjMWEtZjlmMDlmNDUwMjM2XkEyXkFqcGc@._V1_SX300.jpg",
        "Ratings": [
            {
                "Source": "Internet Movie Database",
                "Value": "4.7/10"
            }
        ],
        "Metascore": "N/A",
        "imdbRating": "4.7",
        "imdbVotes": "440",
        "imdbID": "tt22175098",
        "Type": "movie",
        "DVD": "N/A",
        "BoxOffice": "N/A",
        "Production": "N/A",
        "Website": "N/A",
        "Response": "True"
    }
}