{
    "tmdb": {
        "adult": false,
        "backdrop_path": "/qU7tNIMpRqkizIObXfkJY3haTqh.jpg",
        "belongs_to_collection": null,
        "budget": 1000000,
        "genres": [
            {
                "id": 18,
                "name": "Drama"
            },
            {
                "id": 10402,
                "name": "Music"
            },
            {
                "id": 10749,
                "name": "Romance"
            }
        ],
        "homepage": "",
        "id": 27,
        "imdb_id": "tt0411705",
        "origin_country": [
            "US",
            "GB"
        ],
        "original_language": "en",
        "original_title": "9 Songs",
        "overview": "Matt, a young glaciologist, soars across the vast, silent, icebound immensities of the South Pole as he recalls his love affair with Lisa. They meet at a mobbed rock concert in a vast music hall - London's Brixton Academy. They are in bed at night's end. Together, over a period of several months, they pursue a mutual sexual passion whose inevitable stages unfold in counterpoint to nine live-concert songs.",
        "popularity": 13.4046,
        "poster_path": "/91O7z0vo7MiNWd5xD2BoivwbQsb.jpg",
        "production_companies": [
            {
                "id": 163,
                "logo_path": null,
                "name": "Revolution Films",
                "origin_country": "GB"
            }
        ],
        "production_countries": [
            {
                "iso_3166_1": "GB",
                "name": "United Kingdom"
            }
        ],
        "release_date": "2004-07-16",
        "revenue": 1574623,
        "runtime": 69,
        "spoken_languages": [
            {
                "english_name": "English",
                "iso_639_1": "en",
                "name": "English"
            }
        ],
        "status": "Released",
        "tagline": "2 lovers, one summer, and the 9 songs that defined them.",
        "title": "9 Songs",
        "video": false,
        "vote_average": 5.583,
        "vote_count": 524
    },
    "omdb": {
        "Title": "9 Songs",
        "Year": "2004",
        "Rated": "Not Rated",
        "Released": "11 Mar 2005",
        "Runtime": "71 min",
        "Genre": "Drama, Music, Romance",
        "Director": "Michael Winterbottom",
        "Writer": "Michael Winterbottom",
        "Actors": "Kieran O'Brien, Margo Stilley, Robert Levon Been",
        "Plot": "In London, intense sexual encounters take place between an American college student, named Lisa, and an English scientist, named Matt, between attending rock concerts.",
        "Language": "English",
        "Country": "United Kingdom",
        "Awards": "1 win & 2 nominations total",
        "Poster": "https://m.media-amazon.com/images/M/MV5BZTg0ZGNhZTItMTgwMy00NjA0LTg3NWYtYTA5M2FhNWU0NjZkXkEyXkFqcGc@._V1_SX300.jpg",
        "Ratings": [
            {
                "Source": "Internet Movie Database",
                "Value": "4.7/10"
            },
            {
                "Source": "Rotten Tomatoes",
                "Value": "23%"
            },
            {
                "Source": "Metacritic",
                "Value": "43/100"
            }
        ],
        "Metascore": "43",
        "imdbRating": "4.7",
        "imdbVotes": "24,468",
        "imdbID": "tt0411705",
        "Type": "movie",
        "DVD": "N/A",
        "BoxOffice": "$66,853",
        "Production": "N/A",
        "Website": "N/A",
        "Response": "True"
    }
}