{
    "tmdb": {
        "adult": false,
        "backdrop_path": "/fYEHHRZAjnVJxWEzNVRGoANs7wE.jpg",
        "belongs_to_collection": null,
        "budget": 0,
        "genres": [
            {
                "id": 18,
                "name": "Drama"
            },
            {
                "id": 53,
                "name": "Thriller"
            }
        ],
        "homepage": "",
        "id": 1802,
        "imdb_id": "tt0112769",
        "origin_country": [
            "FR"
        ],
        "original_language": "fr",
        "original_title": "La Cérémonie",
        "overview": "Sophie, a quiet and shy maid working for an upper-class French family, finds a friend in the energetic and uncompromising postmaster Jeanne, who encourages her to stand up against her bourgeois employers.",
        "popularity": 16.1028,
        "poster_path": "/vq2x8JfEoVrdQZqo0fppjw7ZI3d.jpg",
        "production_companies": [
            {
                "id": 439,
                "logo_path": null,
                "name": "Prokino Filmproduktion",
                "origin_country": "DE"
            },
            {
                "id": 4606,
                "logo_path": "/otZHbf1HmzLRQsZFSqJXkf8EHz7.png",
                "name": "ZDF",
                "origin_country": "DE"
            },
            {
                "id": 6274,
                "logo_path": "/ngZoa368SAnERTz3IBvgTT4eWeB.png",
                "name": "MK2 Films",
                "origin_country": "FR"
            },
            {
                "id": 99,
                "logo_path": "/62PhpTy0SrplwjcVgZsZHv0hJS4.png",
                "name": "OLGA FILM",
                "origin_country": "DE"
            },
            {
                "id": 591,
                "logo_path": "/q5I5RDwMEiqoNmfaJgd2LraEOJY.png",
                "name": "France 3 Cinéma",
                "origin_country": "FR"
            }
        ],
        "production_countries": [
            {
                "iso_3166_1": "DE",
                "name": "Germany"
            },
            {
                "iso_3166_1": "FR",
                "name": "France"
            }
        ],
        "release_date": "1995-08-30",
        "revenue": 10882920,
        "runtime": 111,
        "spoken_languages": [
            {
                "english_name": "French",
                "iso_639_1": "fr",
                "name": "Français"
            }
        ],
        "status": "Released",
        "tagline": "",
        "title": "La Ceremonie",
        "video": false,
        "vote_average": 7.3,
        "vote_count": 355
    },
    "omdb": {
        "Title": "La Cérémonie",
        "Year": "1995",
        "Rated": "Not Rated",
        "Released": "20 Dec 1996",
        "Runtime": "111 min",
        "Genre": "Crime, Drama, Thriller",
        "Director": "Claude Chabrol",
        "Writer": "Ruth Rendell, Claude Chabrol, Caroline Eliacheff",
        "Actors": "Isabelle Huppert, Sandrine Bonnaire, Jacqueline Bisset",
        "Plot": "A newly hired maid for a rich countryside family befriends a post-office clerk who encourages her to rebel against her employers.",
        "Language": "French",
        "Country": "France, Germany",
        "Awards": "9 wins & 11 nominations",
        "Poster": "https://m.media-amazon.com/images/M/MV5BNjA1YWVhNTMtMDhiMS00ZmFkLWI5MWUtZGUxODIxNDA5OTMxXkEyXkFqcGc@._V1_SX300.jpg",
        "Ratings": [
            {
                "Source": "Internet Movie Database",
                "Value": "7.5/10"
            },
            {
                "Source": "Rotten Tomatoes",
                "Value": "94%"
            }
        ],
        "Metascore": "N/A",
        "imdbRating": "7.5",
        "imdbVotes": "14,227",
        "imdbID": "tt0112769",
        "Type": "movie",
        "DVD": "N/A",
        "BoxOffice": "$873,196",
        "Production": "N/A",
        "Website": "N/A",
        "Response": "True"
    }
}