{
    "tmdb": {
        "adult": false,
        "backdrop_path": "/wu1uilmhM4TdluKi2ytfz8gidHf.jpg",
        "belongs_to_collection": {
            "id": 275402,
            "name": "SpongeBob Collection",
            "poster_path": "/caA0tTR0ye1DEnCAUIolrWajmfO.jpg",
            "backdrop_path": "/82aBKm6QfMzNYl7jk9VG4mMPOYu.jpg"
        },
        "budget": 60000000,
        "genres": [
            {
                "id": 10751,
                "name": "Family"
            },
            {
                "id": 16,
                "name": "Animation"
            },
            {
                "id": 14,
                "name": "Fantasy"
            },
            {
                "id": 12,
                "name": "Adventure"
            },
            {
                "id": 35,
                "name": "Comedy"
            }
        ],
        "homepage": "https://www.spongebobmovie.com/",
        "id": 400160,
        "imdb_id": "tt4823776",
        "origin_country": [
            "US"
        ],
        "original_language": "en",
        "original_title": "The SpongeBob Movie: Sponge on the Run",
        "overview": "When his best friend Gary is suddenly snatched away, SpongeBob takes Patrick on a madcap mission far beyond Bikini Bottom to save their pink-shelled pal.",
        "popularity": 13.6467,
        "poster_path": "/jlJ8nDhMhCYJuzOw3f52CP1W8MW.jpg",
        "production_companies": [
            {
                "id": 8921,
                "logo_path": "/wZEtdueugvOSYwDD3gbFNHctVWY.png",
                "name": "United Plankton Pictures",
                "origin_country": "US"
            },
            {
                "id": 2348,
                "logo_path": "/m31fQvZJuUvAgxoqTiCGYFBfZYe.png",
                "name": "Nickelodeon Movies",
                "origin_country": "US"
            },
            {
                "id": 24955,
                "logo_path": "/pUZAeCMZlLBBUItAl11Ip2XikdD.png",
                "name": "Paramount Animation",
                "origin_country": "US"
            },
            {
                "id": 4,
                "logo_path": "/gz66EfNoYPqHTYI4q9UEN4CbHRc.png",
                "name": "Paramount Pictures",
                "origin_country": "US"
            },
            {
                "id": 2531,
                "logo_path": "/9MfCJ2G6Nrf9yyRj4tAgPmMiDcn.png",
                "name": "MRC",
                "origin_country": "US"
            },
            {
                "id": 8649,
                "logo_path": "/130H7TsGokNIPyGHYZc9ftU3jJ7.png",
                "name": "Mikros Image",
                "origin_country": "FR"
            },
            {
                "id": 199314,
                "logo_path": "/zVfq3R7Ue0Ho0XnfgyK63fMGk2j.png",
                "name": "Mikros Animation",
                "origin_country": "FR"
            }
        ],
        "production_countries": [
            {
                "iso_3166_1": "US",
                "name": "United States of America"
            },
            {
                "iso_3166_1": "FR",
                "name": "France"
            }
        ],
        "release_date": "2020-08-14",
        "revenue": 4700000,
        "runtime": 95,
        "spoken_languages": [
            {
                "english_name": "English",
                "iso_639_1": "en",
                "name": "English"
            }
        ],
        "status": "Released",
        "tagline": "They're not in Bikini Bottom anymore.",
        "title": "The SpongeBob Movie: Sponge on the Run",
        "video": false,
        "vote_average": 7.4,
        "vote_count": 2879
    },
    "omdb": {
        "Title": "The SpongeBob Movie: Sponge on the Run",
        "Year": "2020",
        "Rated": "PG",
        "Released": "04 Mar 2021",
        "Runtime": "91 min",
        "Genre": "Animation, Adventure, Comedy",
        "Director": "Tim Hill",
        "Writer": "Tim Hill, Jonathan Aibel, Glenn Berger",
        "Actors": "Tim Hill, Clancy Brown, Bill Fagerbakke",
        "Plot": "After SpongeBob's beloved pet snail Gary is snail-napped, he and Patrick embark on an epic adventure to the Lost City of Atlantic City to bring Gary home.",
        "Language": "English, Arabic, Ukrainian, Irish Gaelic",
        "Country": "United States, Canada",
        "Awards": "4 nominations total",
        "Poster": "https://m.media-amazon.com/images/M/MV5BZTBiZDQ2MWEtYzE1MC00YmMyLTg1NjUtNzE2YTZlMjI3MGUxXkEyXkFqcGc@._V1_SX300.jpg",
        "Ratings": [
            {
                "Source": "Internet Movie Database",
                "Value": "5.9/10"
            },
            {
                "Source": "Rotten Tomatoes",
                "Value": "66%"
            },
            {
                "Source": "Metacritic",
                "Value": "65/100"
            }
        ],
        "Metascore": "65",
        "imdbRating": "5.9",
        "imdbVotes": "23,236",
        "imdbID": "tt4823776",
        "Type": "movie",
        "DVD": "N/A",
        "BoxOffice": "$4,810,790",
        "Production": "N/A",
        "Website": "N/A",
        "Response": "True"
    }
}