{
    "tmdb": {
        "adult": false,
        "backdrop_path": "/osKmQmG8XcLZ6spu51BaIkGsq0a.jpg",
        "belongs_to_collection": null,
        "budget": 0,
        "genres": [
            {
                "id": 27,
                "name": "Horror"
            },
            {
                "id": 35,
                "name": "Comedy"
            }
        ],
        "homepage": "http://scissorsmovie.com",
        "id": 1144577,
        "imdb_id": "tt27493378",
        "origin_country": [
            "US"
        ],
        "original_language": "en",
        "original_title": "Scissors",
        "overview": "Courtney and her influencer friends are making a horror movie based on an urban legend.  Faced with an early start time the next day, the group decides to spend the night in a creepy, old house. But when someone puts on the costume and begins killing them one by one,  the remaining survivors must unravel the mystery of the killer’s identity and stop them before it is too late.",
        "popularity": 30.3855,
        "poster_path": "/5OktNOyJ5mdD4ZWgUE74FeGzTio.jpg",
        "production_companies": [
            {
                "id": 183350,
                "logo_path": null,
                "name": "Sparks Entertainment",
                "origin_country": "US"
            }
        ],
        "production_countries": [
            {
                "iso_3166_1": "US",
                "name": "United States of America"
            }
        ],
        "release_date": "2025-01-24",
        "revenue": 0,
        "runtime": 0,
        "spoken_languages": [
            {
                "english_name": "English",
                "iso_639_1": "en",
                "name": "English"
            }
        ],
        "status": "Released",
        "tagline": "He's not clowning around.",
        "title": "Scissors",
        "video": false,
        "vote_average": 3.5,
        "vote_count": 2
    },
    "omdb": {
        "Title": "Scissors",
        "Year": "2025",
        "Rated": "N/A",
        "Released": "01 Jan 2025",
        "Runtime": "N/A",
        "Genre": "Horror",
        "Director": "Harry Sparks",
        "Writer": "Harry Sparks",
        "Actors": "Jill Kassidy, Avery Jane, Lilly Bell",
        "Plot": "Scissors is a thrilling tribute to slasher movies from the 70s and 80s that follows the terrifying journey of college student Courtney and her friends as they are hunted by the serial clown killer known as \"Scissors.\"",
        "Language": "English",
        "Country": "United States",
        "Awards": "N/A",
        "Poster": "https://m.media-amazon.com/images/M/MV5BNTAwM2NhM2UtNmQ0Yy00Y2EyLTkwZmMtN2U3ZDAyOTk3MzNjXkEyXkFqcGc@._V1_SX300.jpg",
        "Ratings": [],
        "Metascore": "N/A",
        "imdbRating": "N/A",
        "imdbVotes": "N/A",
        "imdbID": "tt27493378",
        "Type": "movie",
        "DVD": "N/A",
        "BoxOffice": "N/A",
        "Production": "N/A",
        "Website": "N/A",
        "Response": "True"
    }
}