{
    "tmdb": {
        "adult": false,
        "backdrop_path": "/mFt3dvxKugYPgUQgV16M6K2nEtc.jpg",
        "belongs_to_collection": null,
        "budget": 20000000,
        "genres": [
            {
                "id": 35,
                "name": "Comedy"
            }
        ],
        "homepage": "https://www.sonypictures.com/movies/superbad",
        "id": 8363,
        "imdb_id": "tt0829482",
        "origin_country": [
            "US"
        ],
        "original_language": "en",
        "original_title": "Superbad",
        "overview": "Two co-dependent high school seniors are forced to deal with separation anxiety after their plan to stage a booze-soaked party goes awry.",
        "popularity": 16.815,
        "poster_path": "/ek8e8txUyUwd2BNqj6lFEerJfbq.jpg",
        "production_companies": [
            {
                "id": 5,
                "logo_path": "/71BqEFAF4V3qjjMPCpLuyJFB9A.png",
                "name": "Columbia Pictures",
                "origin_country": "US"
            },
            {
                "id": 10105,
                "logo_path": "/bN4tiAS8oNlHhIqq66KBPQ1Ekqh.png",
                "name": "Apatow Productions",
                "origin_country": "US"
            }
        ],
        "production_countries": [
            {
                "iso_3166_1": "US",
                "name": "United States of America"
            }
        ],
        "release_date": "2007-08-17",
        "revenue": 170800000,
        "runtime": 113,
        "spoken_languages": [
            {
                "english_name": "English",
                "iso_639_1": "en",
                "name": "English"
            }
        ],
        "status": "Released",
        "tagline": "Come and get some!",
        "title": "Superbad",
        "video": false,
        "vote_average": 7.256,
        "vote_count": 7506
    },
    "omdb": {
        "Title": "Superbad",
        "Year": "2007",
        "Rated": "R",
        "Released": "17 Aug 2007",
        "Runtime": "113 min",
        "Genre": "Comedy",
        "Director": "Greg Mottola",
        "Writer": "Seth Rogen, Evan Goldberg",
        "Actors": "Michael Cera, Jonah Hill, Christopher Mintz-Plasse",
        "Plot": "Two co-dependent high school seniors are forced to deal with separation anxiety after their plan to stage a booze-soaked party goes awry.",
        "Language": "English",
        "Country": "United States",
        "Awards": "11 wins & 24 nominations total",
        "Poster": "https://m.media-amazon.com/images/M/MV5BNjk0MzdlZGEtNTRkOC00ZDRiLWJkYjAtMzUzYTRiNzk1YTViXkEyXkFqcGc@._V1_SX300.jpg",
        "Ratings": [
            {
                "Source": "Internet Movie Database",
                "Value": "7.6/10"
            },
            {
                "Source": "Rotten Tomatoes",
                "Value": "88%"
            },
            {
                "Source": "Metacritic",
                "Value": "76/100"
            }
        ],
        "Metascore": "76",
        "imdbRating": "7.6",
        "imdbVotes": "661,897",
        "imdbID": "tt0829482",
        "Type": "movie",
        "DVD": "N/A",
        "BoxOffice": "$121,463,226",
        "Production": "N/A",
        "Website": "N/A",
        "Response": "True"
    }
}