{
    "tmdb": {
        "adult": false,
        "backdrop_path": "/AsqUSUqXrK8JfH8WEQnCXVbIAv6.jpg",
        "belongs_to_collection": {
            "id": 521226,
            "name": "A Quiet Place Collection",
            "poster_path": "/7WkFgOFJ6kKpqfEUo78zS3gjDlm.jpg",
            "backdrop_path": "/r0uGgKhyYuQgPMe0SZQD7n8aj1g.jpg"
        },
        "budget": 55000000,
        "genres": [
            {
                "id": 878,
                "name": "Science Fiction"
            },
            {
                "id": 53,
                "name": "Thriller"
            },
            {
                "id": 27,
                "name": "Horror"
            }
        ],
        "homepage": "https://www.aquietplacemovie.com",
        "id": 520763,
        "imdb_id": "tt8332922",
        "origin_country": [
            "US"
        ],
        "original_language": "en",
        "original_title": "A Quiet Place Part II",
        "overview": "Following the events at home, the Abbott family now face the terrors of the outside world. Forced to venture into the unknown, they realize that the creatures that hunt by sound are not the only threats that lurk beyond the sand path.",
        "popularity": 15.664,
        "poster_path": "/4q2hz2m8hubgvijz8Ez0T2Os2Yv.jpg",
        "production_companies": [
            {
                "id": 4,
                "logo_path": "/gz66EfNoYPqHTYI4q9UEN4CbHRc.png",
                "name": "Paramount Pictures",
                "origin_country": "US"
            },
            {
                "id": 2481,
                "logo_path": "/vOQg26GjR0LnkN1Ph9uyog1UuOE.png",
                "name": "Platinum Dunes",
                "origin_country": "US"
            },
            {
                "id": 29312,
                "logo_path": "/v6aLhoAviWYkfOksBJTd9XbO0YH.png",
                "name": "Sunday Night Productions",
                "origin_country": "US"
            }
        ],
        "production_countries": [
            {
                "iso_3166_1": "US",
                "name": "United States of America"
            }
        ],
        "release_date": "2021-05-21",
        "revenue": 297372261,
        "runtime": 96,
        "spoken_languages": [
            {
                "english_name": "English",
                "iso_639_1": "en",
                "name": "English"
            }
        ],
        "status": "Released",
        "tagline": "Silence is not enough.",
        "title": "A Quiet Place Part II",
        "video": false,
        "vote_average": 7.47,
        "vote_count": 6775
    },
    "omdb": {
        "Title": "A Quiet Place Part II",
        "Year": "2020",
        "Rated": "PG-13",
        "Released": "28 May 2021",
        "Runtime": "97 min",
        "Genre": "Drama, Horror, Sci-Fi",
        "Director": "John Krasinski",
        "Writer": "John Krasinski, Bryan Woods, Scott Beck",
        "Actors": "Emily Blunt, Millicent Simmonds, Cillian Murphy",
        "Plot": "Following the events at home, the Abbott family now face the terrors of the outside world. Forced to venture into the unknown, they realize the creatures that hunt by sound are not the only threats lurking beyond the sand path.",
        "Language": "English, American Sign ",
        "Country": "United States",
        "Awards": "Nominated for 1 BAFTA Award14 wins & 44 nominations total",
        "Poster": "https://m.media-amazon.com/images/M/MV5BNjRiYjk4ZmItNGQ5NS00MmRhLTk4Y2EtMGQ1MTYxZWJhYjU0XkEyXkFqcGc@._V1_SX300.jpg",
        "Ratings": [
            {
                "Source": "Internet Movie Database",
                "Value": "7.2/10"
            },
            {
                "Source": "Rotten Tomatoes",
                "Value": "91%"
            },
            {
                "Source": "Metacritic",
                "Value": "71/100"
            }
        ],
        "Metascore": "71",
        "imdbRating": "7.2",
        "imdbVotes": "300,909",
        "imdbID": "tt8332922",
        "Type": "movie",
        "DVD": "N/A",
        "BoxOffice": "$160,072,261",
        "Production": "N/A",
        "Website": "N/A",
        "Response": "True"
    }
}