{
    "tmdb": {
        "adult": false,
        "backdrop_path": "/x4biAVdPVCghBlsVIzB6NmbghIz.jpg",
        "belongs_to_collection": null,
        "budget": 1200000,
        "genres": [
            {
                "id": 37,
                "name": "Western"
            }
        ],
        "homepage": "http://www.mgm.com/#/our-titles/766/The-Good,-the-Bad-and-the-Ugly",
        "id": 429,
        "imdb_id": "tt0060196",
        "origin_country": [
            "IT"
        ],
        "original_language": "it",
        "original_title": "Il buono, il brutto, il cattivo",
        "overview": "While the Civil War rages on between the Union and the Confederacy, three men – a quiet loner, a ruthless hitman, and a Mexican bandit – comb the American Southwest in search of a strongbox containing $200,000 in stolen gold.",
        "popularity": 29.0113,
        "poster_path": "/bX2xnavhMYjWDoZp1VM6VnU1xwe.jpg",
        "production_companies": [
            {
                "id": 60,
                "logo_path": "/4YldLvCWQL9VIAHQ2Fu3Ffkh9Si.png",
                "name": "United Artists",
                "origin_country": "US"
            },
            {
                "id": 7508,
                "logo_path": null,
                "name": "PEA",
                "origin_country": "IT"
            },
            {
                "id": 42498,
                "logo_path": null,
                "name": "Arturo González PC",
                "origin_country": "ES"
            },
            {
                "id": 47,
                "logo_path": "/i7Z9ot2o3N5Sa3HrF09kniFs2y8.png",
                "name": "Constantin Film",
                "origin_country": "DE"
            }
        ],
        "production_countries": [
            {
                "iso_3166_1": "US",
                "name": "United States of America"
            },
            {
                "iso_3166_1": "IT",
                "name": "Italy"
            },
            {
                "iso_3166_1": "ES",
                "name": "Spain"
            },
            {
                "iso_3166_1": "DE",
                "name": "Germany"
            }
        ],
        "release_date": "1966-12-22",
        "revenue": 38900000,
        "runtime": 161,
        "spoken_languages": [
            {
                "english_name": "Italian",
                "iso_639_1": "it",
                "name": "Italiano"
            }
        ],
        "status": "Released",
        "tagline": "For three men the Civil War wasn't hell. It was practice.",
        "title": "The Good, the Bad and the Ugly",
        "video": false,
        "vote_average": 8.463,
        "vote_count": 8956
    },
    "omdb": {
        "Title": "The Good, the Bad and the Ugly",
        "Year": "1966",
        "Rated": "R",
        "Released": "29 Dec 1967",
        "Runtime": "178 min",
        "Genre": "Adventure, Western",
        "Director": "Sergio Leone",
        "Writer": "Luciano Vincenzoni, Sergio Leone, Agenore Incrocci",
        "Actors": "Clint Eastwood, Eli Wallach, Lee Van Cleef",
        "Plot": "A bounty-hunting scam joins two men in an uneasy alliance against a third in a race to find a fortune in gold buried in a remote cemetery.",
        "Language": "Italian",
        "Country": "Italy, Spain, West Germany, United States",
        "Awards": "2 wins & 5 nominations total",
        "Poster": "https://m.media-amazon.com/images/M/MV5BMWM5ZjQxM2YtNDlmYi00ZDNhLWI4MWUtN2VkYjBlMTY1ZTkwXkEyXkFqcGc@._V1_SX300.jpg",
        "Ratings": [
            {
                "Source": "Internet Movie Database",
                "Value": "8.8/10"
            },
            {
                "Source": "Rotten Tomatoes",
                "Value": "97%"
            },
            {
                "Source": "Metacritic",
                "Value": "90/100"
            }
        ],
        "Metascore": "90",
        "imdbRating": "8.8",
        "imdbVotes": "850,523",
        "imdbID": "tt0060196",
        "Type": "movie",
        "DVD": "N/A",
        "BoxOffice": "$25,100,000",
        "Production": "N/A",
        "Website": "N/A",
        "Response": "True"
    }
}