{
    "tmdb": {
        "adult": false,
        "backdrop_path": "/9s9o9RT9Yj6nDuRJjnJm78WFoFl.jpg",
        "belongs_to_collection": null,
        "budget": 0,
        "genres": [
            {
                "id": 28,
                "name": "Action"
            },
            {
                "id": 27,
                "name": "Horror"
            },
            {
                "id": 53,
                "name": "Thriller"
            },
            {
                "id": 878,
                "name": "Science Fiction"
            }
        ],
        "homepage": "https://afdah2.com/",
        "id": 1051896,
        "imdb_id": "tt22939186",
        "origin_country": [
            "US"
        ],
        "original_language": "en",
        "original_title": "Arcadian",
        "overview": "In the near future, on a decimated Earth, Paul and his twin sons face terror at night when ferocious creatures awaken. When Paul is nearly killed, the boys come up with a plan for survival, using everything their father taught them to keep him alive.",
        "popularity": 14.6084,
        "poster_path": "/h4T8Xeydkw53h9uIbulYsss25UF.jpg",
        "production_companies": [
            {
                "id": 76991,
                "logo_path": "/pQjdvbv4y9yuIDSHDEHc9ijJKaS.png",
                "name": "Highland Film Group",
                "origin_country": "US"
            },
            {
                "id": 159010,
                "logo_path": null,
                "name": "Redline Entertainment",
                "origin_country": "US"
            },
            {
                "id": 129815,
                "logo_path": "/qbCmnVTQEuFqrVkbxn3i9P7Jrcw.png",
                "name": "Wild Atlantic Pictures",
                "origin_country": "IE"
            },
            {
                "id": 125584,
                "logo_path": "/56Lrmj9izLx7SEa0uPp0fVvssea.png",
                "name": "Aperture Media Partners",
                "origin_country": "US"
            },
            {
                "id": 831,
                "logo_path": "/vLENXiYTyITnMDrTKabUXhgTKX2.png",
                "name": "Saturn Films",
                "origin_country": "US"
            }
        ],
        "production_countries": [
            {
                "iso_3166_1": "IE",
                "name": "Ireland"
            },
            {
                "iso_3166_1": "US",
                "name": "United States of America"
            }
        ],
        "release_date": "2024-04-12",
        "revenue": 1134275,
        "runtime": 92,
        "spoken_languages": [
            {
                "english_name": "English",
                "iso_639_1": "en",
                "name": "English"
            }
        ],
        "status": "Released",
        "tagline": "Family is stronger than fear.",
        "title": "Arcadian",
        "video": false,
        "vote_average": 6.2,
        "vote_count": 651
    },
    "omdb": {
        "Title": "Arcadian",
        "Year": "2024",
        "Rated": "R",
        "Released": "12 Apr 2024",
        "Runtime": "92 min",
        "Genre": "Action, Drama, Horror",
        "Director": "Benjamin Brewer",
        "Writer": "Mike Nilon",
        "Actors": "Nicolas Cage, Jaeden Martell, Maxwell Jenkins",
        "Plot": "A father and his twin teenage sons fight to survive in a remote farmhouse at the end of the world.",
        "Language": "English",
        "Country": "United States, Ireland, Canada",
        "Awards": "1 nomination total",
        "Poster": "https://m.media-amazon.com/images/M/MV5BYmQ0OTU4MDUtOTM5Yi00Y2QwLThhYTMtZGFmOWU2ZTU0Y2VlXkEyXkFqcGc@._V1_SX300.jpg",
        "Ratings": [
            {
                "Source": "Internet Movie Database",
                "Value": "5.5/10"
            },
            {
                "Source": "Metacritic",
                "Value": "57/100"
            }
        ],
        "Metascore": "57",
        "imdbRating": "5.5",
        "imdbVotes": "19,659",
        "imdbID": "tt22939186",
        "Type": "movie",
        "DVD": "N/A",
        "BoxOffice": "$828,919",
        "Production": "N/A",
        "Website": "N/A",
        "Response": "True"
    }
}