{
    "tmdb": {
        "adult": false,
        "backdrop_path": "/o1l6OCqA3pYDZHIc5L1s7CEzCMv.jpg",
        "belongs_to_collection": {
            "id": 86055,
            "name": "Men In Black Collection",
            "poster_path": "/rWcgZaoJ0nxTFRn0H6w9bdtoDUI.jpg",
            "backdrop_path": "/xKz6YaOvmnIJQ3MYIpnaa7FBaAB.jpg"
        },
        "budget": 140000000,
        "genres": [
            {
                "id": 28,
                "name": "Action"
            },
            {
                "id": 35,
                "name": "Comedy"
            },
            {
                "id": 878,
                "name": "Science Fiction"
            }
        ],
        "homepage": "https://www.sonypictures.com/movies/meninblackii",
        "id": 608,
        "imdb_id": "tt0120912",
        "origin_country": [
            "US"
        ],
        "original_language": "en",
        "original_title": "Men in Black II",
        "overview": "Kay and Jay reunite to provide our best, last and only line of defense against a sinister seductress who levels the toughest challenge yet to the MIB's untarnished mission statement – protecting Earth from the scum of the universe. It's been four years since the alien-seeking agents averted an intergalactic disaster of epic proportions. Now it's a race against the clock as Jay must convince Kay – who not only has absolutely no memory of his time spent with the MIB, but is also the only living person left with the expertise to save the galaxy – to reunite with the MIB before the earth submits to ultimate destruction.",
        "popularity": 13.6824,
        "poster_path": "/enA22EPyzc2WQ1VVyY7zxresQQr.jpg",
        "production_companies": [
            {
                "id": 5,
                "logo_path": "/71BqEFAF4V3qjjMPCpLuyJFB9A.png",
                "name": "Columbia Pictures",
                "origin_country": "US"
            },
            {
                "id": 56,
                "logo_path": "/cEaxANEisCqeEoRvODv2dO1I0iI.png",
                "name": "Amblin Entertainment",
                "origin_country": "US"
            },
            {
                "id": 384,
                "logo_path": null,
                "name": "MacDonald/Parkes Productions",
                "origin_country": ""
            }
        ],
        "production_countries": [
            {
                "iso_3166_1": "US",
                "name": "United States of America"
            }
        ],
        "release_date": "2002-07-03",
        "revenue": 445100000,
        "runtime": 88,
        "spoken_languages": [
            {
                "english_name": "English",
                "iso_639_1": "en",
                "name": "English"
            }
        ],
        "status": "Released",
        "tagline": "Same planet. New scum.",
        "title": "Men in Black II",
        "video": false,
        "vote_average": 6.373,
        "vote_count": 10091
    },
    "omdb": {
        "Title": "Men in Black II",
        "Year": "2002",
        "Rated": "PG-13",
        "Released": "03 Jul 2002",
        "Runtime": "88 min",
        "Genre": "Action, Adventure, Comedy",
        "Director": "Barry Sonnenfeld",
        "Writer": "Lowell Cunningham, Robert Gordon, Barry Fanaro",
        "Actors": "Tommy Lee Jones, Will Smith, Rip Torn",
        "Plot": "Agent J is sent to find Agent K and restore his memory after the re-appearance of a case from K's past.",
        "Language": "English",
        "Country": "United States",
        "Awards": "4 wins & 16 nominations total",
        "Poster": "https://m.media-amazon.com/images/M/MV5BMTMxNDA0NTMxMV5BMl5BanBnXkFtZTYwMDE2NzY2._V1_SX300.jpg",
        "Ratings": [
            {
                "Source": "Internet Movie Database",
                "Value": "6.2/10"
            },
            {
                "Source": "Rotten Tomatoes",
                "Value": "38%"
            },
            {
                "Source": "Metacritic",
                "Value": "49/100"
            }
        ],
        "Metascore": "49",
        "imdbRating": "6.2",
        "imdbVotes": "415,285",
        "imdbID": "tt0120912",
        "Type": "movie",
        "DVD": "N/A",
        "BoxOffice": "$193,735,288",
        "Production": "N/A",
        "Website": "N/A",
        "Response": "True"
    }
}