{
    "tmdb": {
        "adult": false,
        "backdrop_path": "/63zr6GJJQMpf9BjUWzESbl2s2Qs.jpg",
        "belongs_to_collection": {
            "id": 1231053,
            "name": "The Bad Guys Collection",
            "poster_path": "/oVgEMlI8kPVt6vF5HLEqSf9nbmG.jpg",
            "backdrop_path": "/A0VR7xcg6MZSXd8kCzQE3VoB86D.jpg"
        },
        "budget": 80000000,
        "genres": [
            {
                "id": 10751,
                "name": "Family"
            },
            {
                "id": 35,
                "name": "Comedy"
            },
            {
                "id": 80,
                "name": "Crime"
            },
            {
                "id": 12,
                "name": "Adventure"
            },
            {
                "id": 16,
                "name": "Animation"
            }
        ],
        "homepage": "https://www.dreamworks.com/movies/the-bad-guys",
        "id": 629542,
        "imdb_id": "tt8115900",
        "origin_country": [
            "US"
        ],
        "original_language": "en",
        "original_title": "The Bad Guys",
        "overview": "When the Bad Guys, a crew of criminal animals, are finally caught after years of heists and being the world’s most-wanted villains, Mr. Wolf brokers a deal to save them all from prison.",
        "popularity": 15.6005,
        "poster_path": "/7qop80YfuO0BwJa1uXk1DXUUEwv.jpg",
        "production_companies": [
            {
                "id": 521,
                "logo_path": "/3BPX5VGBov8SDqTV7wC1L1xShAS.png",
                "name": "DreamWorks Animation",
                "origin_country": "US"
            }
        ],
        "production_countries": [
            {
                "iso_3166_1": "US",
                "name": "United States of America"
            }
        ],
        "release_date": "2022-03-17",
        "revenue": 250162278,
        "runtime": 100,
        "spoken_languages": [
            {
                "english_name": "English",
                "iso_639_1": "en",
                "name": "English"
            }
        ],
        "status": "Released",
        "tagline": "Good is no fun at all.",
        "title": "The Bad Guys",
        "video": false,
        "vote_average": 7.545,
        "vote_count": 2145
    },
    "omdb": {
        "Title": "The Bad Guys",
        "Year": "2022",
        "Rated": "PG",
        "Released": "22 Apr 2022",
        "Runtime": "100 min",
        "Genre": "Animation, Adventure, Comedy",
        "Director": "Pierre Perifel",
        "Writer": "Aaron Blabey, Etan Cohen",
        "Actors": "Sam Rockwell, Marc Maron, Awkwafina",
        "Plot": "To avoid prison, a gang of notorious animal criminals pretends to seek being rehabilitated, only for their leader to realize that he genuinely wants to change his ways.",
        "Language": "English, Spanish",
        "Country": "United States, United Kingdom",
        "Awards": "2 wins & 30 nominations total",
        "Poster": "https://m.media-amazon.com/images/M/MV5BODNlYmQzY2MtZWZiZS00Y2I0LTkwNjItNjg3MjY5YTFkNWI3XkEyXkFqcGc@._V1_SX300.jpg",
        "Ratings": [
            {
                "Source": "Internet Movie Database",
                "Value": "6.8/10"
            },
            {
                "Source": "Rotten Tomatoes",
                "Value": "88%"
            },
            {
                "Source": "Metacritic",
                "Value": "64/100"
            }
        ],
        "Metascore": "64",
        "imdbRating": "6.8",
        "imdbVotes": "64,867",
        "imdbID": "tt8115900",
        "Type": "movie",
        "DVD": "N/A",
        "BoxOffice": "$97,459,240",
        "Production": "N/A",
        "Website": "N/A",
        "Response": "True"
    }
}