{
    "tmdb": {
        "adult": false,
        "backdrop_path": "/o0zPARvs47f0UhAJuUqdQsyQaji.jpg",
        "belongs_to_collection": {
            "id": 8354,
            "name": "Ice Age Collection",
            "poster_path": "/stQoHvo0q6ZcEkji2Z1wlAxKnDq.jpg",
            "backdrop_path": "/mk6m850cpuYAZFrrPXm46hrHC7s.jpg"
        },
        "budget": 90000000,
        "genres": [
            {
                "id": 16,
                "name": "Animation"
            },
            {
                "id": 35,
                "name": "Comedy"
            },
            {
                "id": 10751,
                "name": "Family"
            },
            {
                "id": 12,
                "name": "Adventure"
            }
        ],
        "homepage": "http://www.iceagemovies.com/films/ice-age-dawn-of-the-dinosaurs",
        "id": 8355,
        "imdb_id": "tt1080016",
        "origin_country": [
            "US"
        ],
        "original_language": "en",
        "original_title": "Ice Age: Dawn of the Dinosaurs",
        "overview": "Times are changing for Manny the moody mammoth, Sid the motor mouthed sloth and Diego the crafty saber-toothed tiger. Life heats up for our heroes when they meet some new and none-too-friendly neighbors – the mighty dinosaurs.",
        "popularity": 19.3497,
        "poster_path": "/cXOLaxcNjNAYmEx1trZxOTKhK3Q.jpg",
        "production_companies": [
            {
                "id": 9383,
                "logo_path": "/ppeMh4iZJQUMm1nAjRALeNhWDfU.png",
                "name": "Blue Sky Studios",
                "origin_country": "US"
            },
            {
                "id": 11749,
                "logo_path": "/5AzTeZkSCFhiGZ86g2nz8SAHtgy.png",
                "name": "20th Century Fox Animation",
                "origin_country": "US"
            },
            {
                "id": 25,
                "logo_path": "/qZCc1lty5FzX30aOCVRBLzaVmcp.png",
                "name": "20th Century Fox",
                "origin_country": "US"
            }
        ],
        "production_countries": [
            {
                "iso_3166_1": "US",
                "name": "United States of America"
            }
        ],
        "release_date": "2009-06-26",
        "revenue": 886686817,
        "runtime": 94,
        "spoken_languages": [
            {
                "english_name": "English",
                "iso_639_1": "en",
                "name": "English"
            }
        ],
        "status": "Released",
        "tagline": "What killed the dinosaurs?",
        "title": "Ice Age: Dawn of the Dinosaurs",
        "video": false,
        "vote_average": 6.755,
        "vote_count": 8464
    },
    "omdb": {
        "Title": "Ice Age: Dawn of the Dinosaurs",
        "Year": "2009",
        "Rated": "PG",
        "Released": "01 Jul 2009",
        "Runtime": "94 min",
        "Genre": "Animation, Adventure, Comedy",
        "Director": "Carlos Saldanha, Michael Thurmeier",
        "Writer": "Michael Berg, Peter Ackerman, Mike Reiss",
        "Actors": "Ray Romano, John Leguizamo, Denis Leary",
        "Plot": "When Sid's attempt to adopt three dinosaur eggs gets him abducted by their real mother to an underground lost world, his friends attempt to rescue him.",
        "Language": "English",
        "Country": "United States, United Kingdom, Canada",
        "Awards": "3 wins & 13 nominations total",
        "Poster": "https://m.media-amazon.com/images/M/MV5BZWJjZDYwMjgtZDZiMy00YzcyLThjN2YtYjI1ZDQ2ZDJkOTVmXkEyXkFqcGc@._V1_SX300.jpg",
        "Ratings": [
            {
                "Source": "Internet Movie Database",
                "Value": "6.9/10"
            },
            {
                "Source": "Rotten Tomatoes",
                "Value": "46%"
            },
            {
                "Source": "Metacritic",
                "Value": "50/100"
            }
        ],
        "Metascore": "50",
        "imdbRating": "6.9",
        "imdbVotes": "274,809",
        "imdbID": "tt1080016",
        "Type": "movie",
        "DVD": "N/A",
        "BoxOffice": "$196,573,705",
        "Production": "N/A",
        "Website": "N/A",
        "Response": "True"
    }
}