{
    "tmdb": {
        "adult": false,
        "backdrop_path": "/hmAOMwVeJfdWXgK1Ikyl2eYkE99.jpg",
        "belongs_to_collection": {
            "id": 137696,
            "name": "Monsters, Inc. Collection",
            "poster_path": "/4Cp0L58Rg1bSJSsT6uw7OuU4nYc.jpg",
            "backdrop_path": "/x4Mq7gDRhbqDjw4SkemLvd1yzF3.jpg"
        },
        "budget": 200000000,
        "genres": [
            {
                "id": 16,
                "name": "Animation"
            },
            {
                "id": 10751,
                "name": "Family"
            }
        ],
        "homepage": "",
        "id": 62211,
        "imdb_id": "tt1453405",
        "origin_country": [
            "US"
        ],
        "original_language": "en",
        "original_title": "Monsters University",
        "overview": "A look at the relationship between Mike and Sulley during their days at Monsters University — when they weren't necessarily the best of friends.",
        "popularity": 17.3014,
        "poster_path": "/y7thwJ7z5Bplv6vwl6RI0yteaDD.jpg",
        "production_companies": [
            {
                "id": 3,
                "logo_path": "/1TjvGVDMYsj6JBxOAkUHpPEwLf7.png",
                "name": "Pixar",
                "origin_country": "US"
            },
            {
                "id": 2,
                "logo_path": "/wdrCwmRnLFJhEoH8GSfymY85KHT.png",
                "name": "Walt Disney Pictures",
                "origin_country": "US"
            }
        ],
        "production_countries": [
            {
                "iso_3166_1": "US",
                "name": "United States of America"
            }
        ],
        "release_date": "2013-06-19",
        "revenue": 743600000,
        "runtime": 104,
        "spoken_languages": [
            {
                "english_name": "English",
                "iso_639_1": "en",
                "name": "English"
            }
        ],
        "status": "Released",
        "tagline": "School never looked this scary.",
        "title": "Monsters University",
        "video": false,
        "vote_average": 7.0,
        "vote_count": 10797
    },
    "omdb": {
        "Title": "Monsters University",
        "Year": "2013",
        "Rated": "G",
        "Released": "21 Jun 2013",
        "Runtime": "104 min",
        "Genre": "Animation, Adventure, Comedy",
        "Director": "Dan Scanlon",
        "Writer": "Dan Scanlon, Daniel Gerson, Robert L. Baird",
        "Actors": "Billy Crystal, John Goodman, Steve Buscemi",
        "Plot": "A look at the relationship between Mike Wazowski and James P. \"Sully\" Sullivan during their days at Monsters University, when they weren't necessarily the best of friends.",
        "Language": "English",
        "Country": "United States, Japan",
        "Awards": "Nominated for 2 BAFTA 9 wins & 58 nominations total",
        "Poster": "https://m.media-amazon.com/images/M/MV5BMTUyODgwMDU3M15BMl5BanBnXkFtZTcwOTM4MjcxOQ@@._V1_SX300.jpg",
        "Ratings": [
            {
                "Source": "Internet Movie Database",
                "Value": "7.2/10"
            },
            {
                "Source": "Rotten Tomatoes",
                "Value": "80%"
            },
            {
                "Source": "Metacritic",
                "Value": "65/100"
            }
        ],
        "Metascore": "65",
        "imdbRating": "7.2",
        "imdbVotes": "406,313",
        "imdbID": "tt1453405",
        "Type": "movie",
        "DVD": "N/A",
        "BoxOffice": "$268,492,764",
        "Production": "N/A",
        "Website": "N/A",
        "Response": "True"
    }
}