{
    "tmdb": {
        "adult": false,
        "backdrop_path": "/sDTnMOJ3H5wI38OxObmCtK7wfd5.jpg",
        "belongs_to_collection": {
            "id": 137696,
            "name": "Monsters, Inc. Collection",
            "poster_path": "/4Cp0L58Rg1bSJSsT6uw7OuU4nYc.jpg",
            "backdrop_path": "/x4Mq7gDRhbqDjw4SkemLvd1yzF3.jpg"
        },
        "budget": 115000000,
        "genres": [
            {
                "id": 16,
                "name": "Animation"
            },
            {
                "id": 35,
                "name": "Comedy"
            },
            {
                "id": 10751,
                "name": "Family"
            }
        ],
        "homepage": "http://movies.disney.com/monsters-inc",
        "id": 585,
        "imdb_id": "tt0198781",
        "origin_country": [
            "US"
        ],
        "original_language": "en",
        "original_title": "Monsters, Inc.",
        "overview": "Lovable Sulley and his wisecracking sidekick Mike Wazowski are the top scare team at Monsters, Inc., the scream-processing factory in Monstropolis. When a little girl named Boo wanders into their world, it's the monsters who are scared silly, and it's up to Sulley and Mike to keep her out of sight and get her back home.",
        "popularity": 28.4725,
        "poster_path": "/qjlbN6aK1qgeg3SspFVovT2D1Me.jpg",
        "production_companies": [
            {
                "id": 3,
                "logo_path": "/1TjvGVDMYsj6JBxOAkUHpPEwLf7.png",
                "name": "Pixar",
                "origin_country": "US"
            }
        ],
        "production_countries": [
            {
                "iso_3166_1": "US",
                "name": "United States of America"
            }
        ],
        "release_date": "2001-11-01",
        "revenue": 579700000,
        "runtime": 92,
        "spoken_languages": [
            {
                "english_name": "English",
                "iso_639_1": "en",
                "name": "English"
            }
        ],
        "status": "Released",
        "tagline": "We scare because we care.",
        "title": "Monsters, Inc.",
        "video": false,
        "vote_average": 7.843,
        "vote_count": 18805
    },
    "omdb": {
        "Title": "Monsters, Inc.",
        "Year": "2001",
        "Rated": "G",
        "Released": "23 Nov 2001",
        "Runtime": "92 min",
        "Genre": "Animation, Adventure, Comedy",
        "Director": "Pete Docter, David Silverman, Lee Unkrich",
        "Writer": "Pete Docter, Jill Culton, Jeff Pidgeon",
        "Actors": "Billy Crystal, John Goodman, Mary Gibbs",
        "Plot": "In order to power the city, monsters have to scare children so that they scream. However, the children are toxic to the monsters, and after a child gets through, two monsters realize things may not be what they think.",
        "Language": "English",
        "Country": "United States",
        "Awards": "Won 1 Oscar. 15 wins & 38 nominations total",
        "Poster": "https://m.media-amazon.com/images/M/MV5BMTY1NTI0ODUyOF5BMl5BanBnXkFtZTgwNTEyNjQ0MDE@._V1_SX300.jpg",
        "Ratings": [
            {
                "Source": "Internet Movie Database",
                "Value": "8.1/10"
            },
            {
                "Source": "Rotten Tomatoes",
                "Value": "96%"
            },
            {
                "Source": "Metacritic",
                "Value": "79/100"
            }
        ],
        "Metascore": "79",
        "imdbRating": "8.1",
        "imdbVotes": "1,017,055",
        "imdbID": "tt0198781",
        "Type": "movie",
        "DVD": "N/A",
        "BoxOffice": "$290,642,256",
        "Production": "N/A",
        "Website": "N/A",
        "Response": "True"
    }
}