{
    "tmdb": {
        "adult": false,
        "backdrop_path": "/kMZIMqEXO5MFd5Y1Ha2jZZF4pvF.jpg",
        "belongs_to_collection": {
            "id": 1100788,
            "name": "Smile Collection",
            "poster_path": "/vm1PfA3biDn528mlkfVrBjmpqFl.jpg",
            "backdrop_path": "/pn3cr4dX5z68A1tRryPLsx3FK3q.jpg"
        },
        "budget": 17000000,
        "genres": [
            {
                "id": 27,
                "name": "Horror"
            },
            {
                "id": 9648,
                "name": "Mystery"
            }
        ],
        "homepage": "https://www.paramountmovies.com/movies/smile",
        "id": 882598,
        "imdb_id": "tt15474916",
        "origin_country": [
            "US"
        ],
        "original_language": "en",
        "original_title": "Smile",
        "overview": "After witnessing a bizarre, traumatic incident involving a patient, Dr. Rose Cotter starts experiencing frightening occurrences that she can't explain.",
        "popularity": 21.7455,
        "poster_path": "/aPqcQwu4VGEewPhagWNncDbJ9Xp.jpg",
        "production_companies": [
            {
                "id": 96540,
                "logo_path": "/AgYjTNeIKOh0yvegPLSjq8EOsif.png",
                "name": "Paramount Players",
                "origin_country": "US"
            },
            {
                "id": 12292,
                "logo_path": "/4GQTeqos2luopEtp3OgMQYusQ5c.png",
                "name": "Temple Hill Entertainment",
                "origin_country": "US"
            }
        ],
        "production_countries": [
            {
                "iso_3166_1": "US",
                "name": "United States of America"
            }
        ],
        "release_date": "2022-09-23",
        "revenue": 217408513,
        "runtime": 115,
        "spoken_languages": [
            {
                "english_name": "English",
                "iso_639_1": "en",
                "name": "English"
            }
        ],
        "status": "Released",
        "tagline": "Once you see it, it's too late.",
        "title": "Smile",
        "video": false,
        "vote_average": 6.665,
        "vote_count": 3544
    },
    "omdb": {
        "Title": "Smile",
        "Year": "2022",
        "Rated": "R",
        "Released": "30 Sep 2022",
        "Runtime": "115 min",
        "Genre": "Horror, Mystery, Thriller",
        "Director": "Parker Finn",
        "Writer": "Parker Finn",
        "Actors": "Sosie Bacon, Jessie T. Usher, Kyle Gallner",
        "Plot": "After witnessing a bizarre, traumatic incident involving a patient, a psychiatrist becomes increasingly convinced she is being threatened by an uncanny entity.",
        "Language": "English, Spanish",
        "Country": "United States",
        "Awards": "3 wins & 23 nominations total",
        "Poster": "https://m.media-amazon.com/images/M/MV5BNjFhMzBlNzktMjE2Ni00YTMyLWI2YWUtYmM1N2QxMDQwZmZhXkEyXkFqcGc@._V1_SX300.jpg",
        "Ratings": [
            {
                "Source": "Internet Movie Database",
                "Value": "6.5/10"
            },
            {
                "Source": "Rotten Tomatoes",
                "Value": "79%"
            },
            {
                "Source": "Metacritic",
                "Value": "68/100"
            }
        ],
        "Metascore": "68",
        "imdbRating": "6.5",
        "imdbVotes": "205,870",
        "imdbID": "tt15474916",
        "Type": "movie",
        "DVD": "N/A",
        "BoxOffice": "$105,935,048",
        "Production": "N/A",
        "Website": "N/A",
        "Response": "True"
    }
}