{
    "tmdb": {
        "adult": false,
        "backdrop_path": "/jd3Z2sAPDavjRxFhfOak6kCrUIG.jpg",
        "belongs_to_collection": null,
        "budget": 61000000,
        "genres": [
            {
                "id": 36,
                "name": "History"
            },
            {
                "id": 18,
                "name": "Drama"
            }
        ],
        "homepage": "http://www.lesmiserablesfilm.com",
        "id": 82695,
        "imdb_id": "tt1707386",
        "origin_country": [
            "US",
            "GB"
        ],
        "original_language": "en",
        "original_title": "Les Misérables",
        "overview": "An adaptation of the successful stage musical based on Victor Hugo's classic novel set in 19th-century France. Jean Valjean, a man imprisoned for stealing bread, must flee a relentless policeman named Javert. The pursuit consumes both men's lives, and soon Valjean finds himself in the midst of the student revolutions in France.",
        "popularity": 15.994,
        "poster_path": "/6CuzBs2Lb8At7qQr64mLXg2RYRb.jpg",
        "production_companies": [
            {
                "id": 33,
                "logo_path": "/3wwjVpkZtnog6lSKzWDjvw2Yi00.png",
                "name": "Universal Pictures",
                "origin_country": "US"
            },
            {
                "id": 10163,
                "logo_path": "/16KWBMmfPX0aJzDExDrPxSLj0Pg.png",
                "name": "Working Title Films",
                "origin_country": "GB"
            },
            {
                "id": 135040,
                "logo_path": "/qhPk7bzBn1YFveIDhGjif21ENSj.png",
                "name": "Cameron Mackintosh Ltd.",
                "origin_country": "GB"
            },
            {
                "id": 7295,
                "logo_path": "/5MYE96QiE5a5oFhXxFb4y8ILSpw.png",
                "name": "Relativity Media",
                "origin_country": "US"
            },
            {
                "id": 221513,
                "logo_path": "/16KWBMmfPX0aJzDExDrPxSLj0Pg.png",
                "name": "Working Title Films",
                "origin_country": "US"
            }
        ],
        "production_countries": [
            {
                "iso_3166_1": "GB",
                "name": "United Kingdom"
            },
            {
                "iso_3166_1": "US",
                "name": "United States of America"
            }
        ],
        "release_date": "2012-12-18",
        "revenue": 442636309,
        "runtime": 158,
        "spoken_languages": [
            {
                "english_name": "English",
                "iso_639_1": "en",
                "name": "English"
            }
        ],
        "status": "Released",
        "tagline": "Fight. Dream. Hope. Love.",
        "title": "Les Misérables",
        "video": false,
        "vote_average": 7.319,
        "vote_count": 5344
    },
    "omdb": {
        "Title": "Les Misérables",
        "Year": "2012",
        "Rated": "PG-13",
        "Released": "25 Dec 2012",
        "Runtime": "158 min",
        "Genre": "Drama, Musical, Romance",
        "Director": "Tom Hooper",
        "Writer": "William Nicholson, Alain Boublil, Claude-Michel Schönberg",
        "Actors": "Hugh Jackman, Russell Crowe, Anne Hathaway",
        "Plot": "In 19th-century France, Jean Valjean, who, for decades, has been hunted by the ruthless policeman Javert after breaking parole, agrees to care for a factory worker's daughter. The decision changes their lives forever.",
        "Language": "English",
        "Country": "United Kingdom, United States",
        "Awards": "Won 3 Oscars. 85 wins & 177 nominations total",
        "Poster": "https://m.media-amazon.com/images/M/MV5BY2Q1YjIxZTAtZTU0YS00ZmE5LWEwODEtY2IyYWM2ZTJlOWE1XkEyXkFqcGc@._V1_SX300.jpg",
        "Ratings": [
            {
                "Source": "Internet Movie Database",
                "Value": "7.5/10"
            },
            {
                "Source": "Rotten Tomatoes",
                "Value": "70%"
            },
            {
                "Source": "Metacritic",
                "Value": "63/100"
            }
        ],
        "Metascore": "63",
        "imdbRating": "7.5",
        "imdbVotes": "353,306",
        "imdbID": "tt1707386",
        "Type": "movie",
        "DVD": "N/A",
        "BoxOffice": "$149,260,140",
        "Production": "N/A",
        "Website": "N/A",
        "Response": "True"
    }
}