{
    "tmdb": {
        "adult": false,
        "backdrop_path": "/vgatT6hiEf4EquZ1k0uU1Ft5XdI.jpg",
        "belongs_to_collection": {
            "id": 399,
            "name": "Predator Collection",
            "poster_path": "/mm2t5dd1QFxtX6X56Z9U5ucsIb1.jpg",
            "backdrop_path": "/u1CTqTYRUVyLwlEd1z1VJrVBp0J.jpg"
        },
        "budget": 65000000,
        "genres": [
            {
                "id": 53,
                "name": "Thriller"
            },
            {
                "id": 28,
                "name": "Action"
            },
            {
                "id": 878,
                "name": "Science Fiction"
            }
        ],
        "homepage": "https://www.20thcenturystudios.com/movies/prey",
        "id": 766507,
        "imdb_id": "tt11866324",
        "origin_country": [
            "US"
        ],
        "original_language": "en",
        "original_title": "Prey",
        "overview": "When danger threatens her camp, the fierce and highly skilled Comanche warrior Naru sets out to protect her people. But the prey she stalks turns out to be a highly evolved alien predator with a technically advanced arsenal.",
        "popularity": 25.6565,
        "poster_path": "/h58U7d1OZyuWaCWMYvw4mfnv6H3.jpg",
        "production_companies": [
            {
                "id": 127928,
                "logo_path": "/h0rjX5vjW5r8yEnUBStFarjcLT4.png",
                "name": "20th Century Studios",
                "origin_country": "US"
            },
            {
                "id": 1302,
                "logo_path": "/zC3b70ixHh89qJIikLQPEvLqbPM.png",
                "name": "Davis Entertainment",
                "origin_country": "US"
            },
            {
                "id": 840,
                "logo_path": null,
                "name": "Lawrence Gordon Productions",
                "origin_country": "US"
            }
        ],
        "production_countries": [
            {
                "iso_3166_1": "US",
                "name": "United States of America"
            }
        ],
        "release_date": "2022-08-02",
        "revenue": 0,
        "runtime": 100,
        "spoken_languages": [
            {
                "english_name": "English",
                "iso_639_1": "en",
                "name": "English"
            },
            {
                "english_name": "French",
                "iso_639_1": "fr",
                "name": "Français"
            }
        ],
        "status": "Released",
        "tagline": "They hunt to live. It lives to hunt.",
        "title": "Prey",
        "video": false,
        "vote_average": 7.694,
        "vote_count": 6979
    },
    "omdb": {
        "Title": "Prey",
        "Year": "2022",
        "Rated": "R",
        "Released": "05 Aug 2022",
        "Runtime": "100 min",
        "Genre": "Action, Adventure, Horror",
        "Director": "Dan Trachtenberg",
        "Writer": "Patrick Aison, Dan Trachtenberg, Jim Thomas",
        "Actors": "Amber Midthunder, Dakota Beavers, Dane DiLiegro",
        "Plot": "Naru, a skilled warrior of the Comanche Nation, fights to protect her tribe against one of the first highly-evolved Predators to land on Earth.",
        "Language": "English, French",
        "Country": "United States",
        "Awards": "Won 1 Primetime Emmy. 12 wins & 44 nominations total",
        "Poster": "https://m.media-amazon.com/images/M/MV5BMWVjYTBlYjktODhjZS00OTUyLTg4MzctODI4MTkyNDE5YzY0XkEyXkFqcGc@._V1_SX300.jpg",
        "Ratings": [
            {
                "Source": "Internet Movie Database",
                "Value": "7.1/10"
            },
            {
                "Source": "Rotten Tomatoes",
                "Value": "94%"
            },
            {
                "Source": "Metacritic",
                "Value": "71/100"
            }
        ],
        "Metascore": "71",
        "imdbRating": "7.1",
        "imdbVotes": "243,640",
        "imdbID": "tt11866324",
        "Type": "movie",
        "DVD": "N/A",
        "BoxOffice": "N/A",
        "Production": "N/A",
        "Website": "N/A",
        "Response": "True"
    }
}