{
    "tmdb": {
        "adult": false,
        "backdrop_path": "/nb1s8r6MhDcPyMjx3sjw9rFsEP5.jpg",
        "belongs_to_collection": {
            "id": 975201,
            "name": "A Simple Favor Collection",
            "poster_path": "/klamqOX7nwwPhhTAiqe5njGAOdQ.jpg",
            "backdrop_path": "/qxRxbkyQNyz6y7S2Wp8jTTnJsZB.jpg"
        },
        "budget": 20000000,
        "genres": [
            {
                "id": 80,
                "name": "Crime"
            },
            {
                "id": 53,
                "name": "Thriller"
            },
            {
                "id": 35,
                "name": "Comedy"
            }
        ],
        "homepage": "https://www.lionsgate.com/movies/a-simple-favor",
        "id": 484247,
        "imdb_id": "tt7040874",
        "origin_country": [
            "CA",
            "LU",
            "US"
        ],
        "original_language": "en",
        "original_title": "A Simple Favor",
        "overview": "Stephanie, a dedicated mother and popular vlogger, befriends Emily, a mysterious upper-class woman whose son Nicky attends the same school as Miles, Stephanie's son. When Emily asks her to pick Nicky up from school and then disappears, Stephanie undertakes an investigation that will dive deep into Emily's cloudy past.",
        "popularity": 14.5082,
        "poster_path": "/5EJWZQ8dh99hfgXP9zAD5Ak5Hrn.jpg",
        "production_companies": [
            {
                "id": 61791,
                "logo_path": "/xyiy5wZdmnxVViRa8oRMXQQvT6F.png",
                "name": "Feigco Entertainment",
                "origin_country": "US"
            },
            {
                "id": 13240,
                "logo_path": "/aTc07YaNHo8WNgkQSnvLmG6w4nW.png",
                "name": "Bron Studios",
                "origin_country": "CA"
            }
        ],
        "production_countries": [
            {
                "iso_3166_1": "CA",
                "name": "Canada"
            },
            {
                "iso_3166_1": "US",
                "name": "United States of America"
            }
        ],
        "release_date": "2018-08-29",
        "revenue": 97644617,
        "runtime": 117,
        "spoken_languages": [
            {
                "english_name": "English",
                "iso_639_1": "en",
                "name": "English"
            }
        ],
        "status": "Released",
        "tagline": "Can you keep a secret?",
        "title": "A Simple Favor",
        "video": false,
        "vote_average": 6.631,
        "vote_count": 4249
    },
    "omdb": {
        "Title": "A Simple Favor",
        "Year": "2018",
        "Rated": "R",
        "Released": "14 Sep 2018",
        "Runtime": "117 min",
        "Genre": "Comedy, Crime, Mystery",
        "Director": "Paul Feig",
        "Writer": "Darcey Bell, Jessica Sharzer",
        "Actors": "Anna Kendrick, Blake Lively, Henry Golding",
        "Plot": "Stephanie is a single mother with a parenting vlog who befriends Emily, a secretive upper-class woman who has a child at the same elementary school. When Emily goes missing, Stephanie takes it upon herself to investigate.",
        "Language": "English",
        "Country": "Canada, United States",
        "Awards": "3 wins & 10 nominations total",
        "Poster": "https://m.media-amazon.com/images/M/MV5BZmM4MGFkMTItNzI1ZS00ODZlLThjYjktMTQyYmQzM2M2M2Y3XkEyXkFqcGc@._V1_SX300.jpg",
        "Ratings": [
            {
                "Source": "Internet Movie Database",
                "Value": "6.8/10"
            },
            {
                "Source": "Rotten Tomatoes",
                "Value": "84%"
            },
            {
                "Source": "Metacritic",
                "Value": "67/100"
            }
        ],
        "Metascore": "67",
        "imdbRating": "6.8",
        "imdbVotes": "176,327",
        "imdbID": "tt7040874",
        "Type": "movie",
        "DVD": "N/A",
        "BoxOffice": "$53,548,586",
        "Production": "N/A",
        "Website": "N/A",
        "Response": "True"
    }
}