{
    "tmdb": {
        "adult": false,
        "backdrop_path": "/rp49ILheIhBwHWiQUvDfVH1fPfI.jpg",
        "belongs_to_collection": null,
        "budget": 0,
        "genres": [
            {
                "id": 28,
                "name": "Action"
            },
            {
                "id": 80,
                "name": "Crime"
            },
            {
                "id": 53,
                "name": "Thriller"
            }
        ],
        "homepage": "",
        "id": 1138749,
        "imdb_id": "tt21853596",
        "origin_country": [
            "KN"
        ],
        "original_language": "en",
        "original_title": "The Island",
        "overview": "When his brother is killed, LAPD officer Mark leaves the city to return to the island he grew up on. Seeking answers and ultimately vengeance, he soon finds himself in a bloody battle with the corrupt tycoon who's taken over the island paradise.",
        "popularity": 17.4013,
        "poster_path": "/ajb1rMiorchfRemYHZCkbV9DBg6.jpg",
        "production_companies": [
            {
                "id": 205274,
                "logo_path": "/sMovSdUKQGJNuMw7GKdlKQZmD3U.png",
                "name": "MSR Media SKN",
                "origin_country": "KN"
            }
        ],
        "production_countries": [
            {
                "iso_3166_1": "KN",
                "name": "St. Kitts and Nevis"
            }
        ],
        "release_date": "2023-07-21",
        "revenue": 39773,
        "runtime": 93,
        "spoken_languages": [
            {
                "english_name": "English",
                "iso_639_1": "en",
                "name": "English"
            }
        ],
        "status": "Released",
        "tagline": "",
        "title": "The Island",
        "video": false,
        "vote_average": 6.199,
        "vote_count": 73
    },
    "omdb": {
        "Title": "The Island",
        "Year": "2023",
        "Rated": "R",
        "Released": "21 Jul 2023",
        "Runtime": "93 min",
        "Genre": "Action, Thriller",
        "Director": "Shaun Paul Piccinino",
        "Writer": "Philippe Martinez, Michael Caissie",
        "Actors": "Michael Jai White, Gillian White, Jackson Rathbone",
        "Plot": "When his brother is killed, LAPD officer Mark leaves the city to return to the island he grew up on. Seeking answers and vengeance, he soon finds himself in a bloody battle with the corrupt tycoon who's taken over the island parad...",
        "Language": "English",
        "Country": "Saint Kitts and Nevis",
        "Awards": "N/A",
        "Poster": "https://m.media-amazon.com/images/M/MV5BZjRhNTM4OTMtNDg2Mi00N2QwLWEyYzQtMWNkMzhmOWI1ZTE2XkEyXkFqcGc@._V1_SX300.jpg",
        "Ratings": [
            {
                "Source": "Internet Movie Database",
                "Value": "4.6/10"
            }
        ],
        "Metascore": "N/A",
        "imdbRating": "4.6",
        "imdbVotes": "2,168",
        "imdbID": "tt21853596",
        "Type": "movie",
        "DVD": "N/A",
        "BoxOffice": "N/A",
        "Production": "N/A",
        "Website": "N/A",
        "Response": "True"
    }
}