{
    "tmdb": {
        "adult": false,
        "backdrop_path": "/kQ35sVT8EBlsX9yilHi1zP4jd3l.jpg",
        "belongs_to_collection": null,
        "budget": 0,
        "genres": [
            {
                "id": 35,
                "name": "Comedy"
            },
            {
                "id": 18,
                "name": "Drama"
            }
        ],
        "homepage": "",
        "id": 1226572,
        "imdb_id": "tt28007064",
        "origin_country": [
            "IN"
        ],
        "original_language": "hi",
        "original_title": "सुपरबॉय्ज़ ऑफ मालेगाँव",
        "overview": "The residents of Malegaon look to Bollywood cinema for a much-needed escape from daily drudgery. Amateur filmmaker Nasir Shaikh gets inspired to make a film for the people of Malegaon, by the people of Malegaon. He bands together his ragtag group of friends to bring his vision to life, thereby bringing a fresh lease of life into the town.",
        "popularity": 44.9097,
        "poster_path": "/l5PDjfWpC9uY5HdF5cbsJ4wjqoq.jpg",
        "production_companies": [
            {
                "id": 2934,
                "logo_path": "/bFoQPEgrOKeQWPBM0RIkfaR3etq.png",
                "name": "Excel Entertainment",
                "origin_country": "IN"
            },
            {
                "id": 114917,
                "logo_path": "/s6Kd14kejawnMcmhhhw9QscE11w.png",
                "name": "Tiger Baby",
                "origin_country": "IN"
            }
        ],
        "production_countries": [
            {
                "iso_3166_1": "IN",
                "name": "India"
            }
        ],
        "release_date": "2025-02-28",
        "revenue": 0,
        "runtime": 130,
        "spoken_languages": [
            {
                "english_name": "Hindi",
                "iso_639_1": "hi",
                "name": "हिन्दी"
            }
        ],
        "status": "Released",
        "tagline": "There are no rules in filmmaking.",
        "title": "Superboys of Malegaon",
        "video": false,
        "vote_average": 7.867,
        "vote_count": 15
    },
    "omdb": {
        "Title": "Superboys of Malegaon",
        "Year": "2024",
        "Rated": "PG-13",
        "Released": "28 Feb 2025",
        "Runtime": "127 min",
        "Genre": "Comedy, Drama",
        "Director": "Reema Kagti",
        "Writer": "Varun Grover, Shoaib Nazeer, Reema Kagti",
        "Actors": "Adarsh Gourav, Shashank Arora, Vineet Kumar Singh",
        "Plot": "The journey of an aspiring filmmaker as he bands together his group of friends to make a film for his town, Malegaon.",
        "Language": "Hindi",
        "Country": "India",
        "Awards": "3 wins total",
        "Poster": "https://m.media-amazon.com/images/M/MV5BNTllODgyODEtMTk4Zi00YzRlLWEzNDUtMjAwYmZiMDk2MTkxXkEyXkFqcGc@._V1_SX300.jpg",
        "Ratings": [
            {
                "Source": "Internet Movie Database",
                "Value": "7.9/10"
            },
            {
                "Source": "Rotten Tomatoes",
                "Value": "88%"
            },
            {
                "Source": "Metacritic",
                "Value": "71/100"
            }
        ],
        "Metascore": "71",
        "imdbRating": "7.9",
        "imdbVotes": "1,637",
        "imdbID": "tt28007064",
        "Type": "movie",
        "DVD": "N/A",
        "BoxOffice": "$148,203",
        "Production": "N/A",
        "Website": "N/A",
        "Response": "True"
    }
}