{
    "tmdb": {
        "adult": false,
        "backdrop_path": "/nqUThBjou0TAWXu93Q4SNFpgqai.jpg",
        "belongs_to_collection": {
            "id": 531241,
            "name": "Spider-Man (MCU) Collection",
            "poster_path": "/yeba3Y820OjApZO9aJevDsNeMEd.jpg",
            "backdrop_path": "/AvnqpRwlEaYNVL6wzC4RN94EdSd.jpg"
        },
        "budget": 200000000,
        "genres": [
            {
                "id": 28,
                "name": "Action"
            },
            {
                "id": 12,
                "name": "Adventure"
            },
            {
                "id": 878,
                "name": "Science Fiction"
            }
        ],
        "homepage": "https://www.sonypictures.com/movies/spidermannowayhome",
        "id": 634649,
        "imdb_id": "tt10872600",
        "origin_country": [
            "US"
        ],
        "original_language": "en",
        "original_title": "Spider-Man: No Way Home",
        "overview": "Peter Parker is unmasked and no longer able to separate his normal life from the high-stakes of being a super-hero. When he asks for help from Doctor Strange the stakes become even more dangerous, forcing him to discover what it truly means to be Spider-Man.",
        "popularity": 42.6404,
        "poster_path": "/1g0dhYtq4irTY1GPXvft6k4YLjm.jpg",
        "production_companies": [
            {
                "id": 420,
                "logo_path": "/hUzeosd33nzE5MCNsZxCGEKTXaQ.png",
                "name": "Marvel Studios",
                "origin_country": "US"
            },
            {
                "id": 84041,
                "logo_path": "/nw4kyc29QRpNtFbdsBHkRSFavvt.png",
                "name": "Pascal Pictures",
                "origin_country": "US"
            },
            {
                "id": 5,
                "logo_path": "/71BqEFAF4V3qjjMPCpLuyJFB9A.png",
                "name": "Columbia Pictures",
                "origin_country": "US"
            }
        ],
        "production_countries": [
            {
                "iso_3166_1": "US",
                "name": "United States of America"
            }
        ],
        "release_date": "2021-12-15",
        "revenue": 1921847111,
        "runtime": 148,
        "spoken_languages": [
            {
                "english_name": "English",
                "iso_639_1": "en",
                "name": "English"
            },
            {
                "english_name": "Tagalog",
                "iso_639_1": "tl",
                "name": ""
            }
        ],
        "status": "Released",
        "tagline": "Enter the Multiverse.",
        "title": "Spider-Man: No Way Home",
        "video": false,
        "vote_average": 7.945,
        "vote_count": 20713
    },
    "omdb": {
        "Title": "Spider-Man: No Way Home",
        "Year": "2021",
        "Rated": "PG-13",
        "Released": "17 Dec 2021",
        "Runtime": "148 min",
        "Genre": "Action, Adventure, Fantasy",
        "Director": "Jon Watts",
        "Writer": "Chris McKenna, Erik Sommers, Stan Lee",
        "Actors": "Tom Holland, Zendaya, Benedict Cumberbatch",
        "Plot": "With Spider-Man's identity now revealed, Peter asks Doctor Strange for help. When a spell goes wrong, dangerous foes from other worlds start to appear.",
        "Language": "English, Tagalog",
        "Country": "United States",
        "Awards": "Nominated for 1 Oscar. 35 wins & 71 nominations total",
        "Poster": "https://m.media-amazon.com/images/M/MV5BMmFiZGZjMmEtMTA0Ni00MzA2LTljMTYtZGI2MGJmZWYzZTQ2XkEyXkFqcGc@._V1_SX300.jpg",
        "Ratings": [
            {
                "Source": "Internet Movie Database",
                "Value": "8.2/10"
            },
            {
                "Source": "Rotten Tomatoes",
                "Value": "93%"
            },
            {
                "Source": "Metacritic",
                "Value": "71/100"
            }
        ],
        "Metascore": "71",
        "imdbRating": "8.2",
        "imdbVotes": "939,737",
        "imdbID": "tt10872600",
        "Type": "movie",
        "DVD": "N/A",
        "BoxOffice": "$814,866,759",
        "Production": "N/A",
        "Website": "N/A",
        "Response": "True"
    }
}