{
    "tmdb": {
        "adult": false,
        "backdrop_path": "/mbYTRO33LJAgpCMrIn9ibiWHbMH.jpg",
        "belongs_to_collection": null,
        "budget": 145000000,
        "genres": [
            {
                "id": 35,
                "name": "Comedy"
            },
            {
                "id": 12,
                "name": "Adventure"
            }
        ],
        "homepage": "https://www.barbie-themovie.com",
        "id": 346698,
        "imdb_id": "tt1517268",
        "origin_country": [
            "US"
        ],
        "original_language": "en",
        "original_title": "Barbie",
        "overview": "Barbie and Ken are having the time of their lives in the colorful and seemingly perfect world of Barbie Land. However, when they get a chance to go to the real world, they soon discover the joys and perils of living among humans.",
        "popularity": 28.8037,
        "poster_path": "/iuFNMS8U5cb6xfzi51Dbkovj7vM.jpg",
        "production_companies": [
            {
                "id": 82968,
                "logo_path": "/gRROMOG5bpF6TIDMbfaa5gnFFzl.png",
                "name": "LuckyChap Entertainment",
                "origin_country": "US"
            },
            {
                "id": 437,
                "logo_path": "/nu20mtwbEIhUNnQ5NXVhHsNknZj.png",
                "name": "Heyday Films",
                "origin_country": "GB"
            },
            {
                "id": 181486,
                "logo_path": null,
                "name": "NB/GG Pictures",
                "origin_country": "US"
            },
            {
                "id": 6220,
                "logo_path": "/cAj69EL1zSXmZH6STbMGZrunyMD.png",
                "name": "Mattel",
                "origin_country": "US"
            },
            {
                "id": 174,
                "logo_path": "/zhD3hhtKB5qyv7ZeL4uLpNxgMVU.png",
                "name": "Warner Bros. Pictures",
                "origin_country": "US"
            }
        ],
        "production_countries": [
            {
                "iso_3166_1": "GB",
                "name": "United Kingdom"
            },
            {
                "iso_3166_1": "US",
                "name": "United States of America"
            }
        ],
        "release_date": "2023-07-19",
        "revenue": 1445638421,
        "runtime": 114,
        "spoken_languages": [
            {
                "english_name": "English",
                "iso_639_1": "en",
                "name": "English"
            }
        ],
        "status": "Released",
        "tagline": "She's everything. He's just Ken.",
        "title": "Barbie",
        "video": false,
        "vote_average": 6.975,
        "vote_count": 9826
    },
    "omdb": {
        "Title": "Barbie",
        "Year": "2023",
        "Rated": "PG-13",
        "Released": "21 Jul 2023",
        "Runtime": "114 min",
        "Genre": "Adventure, Comedy, Fantasy",
        "Director": "Greta Gerwig",
        "Writer": "Greta Gerwig, Noah Baumbach",
        "Actors": "Margot Robbie, Ryan Gosling, Issa Rae",
        "Plot": "Barbie and Ken are having the time of their lives in the seemingly perfect world of Barbie Land. However, when they get a chance to go to the outside world, they soon discover the joys and perils of living among regular humans.",
        "Language": "English, Spanish",
        "Country": "United States, United Kingdom",
        "Awards": "Won 1 Oscar. 208 wins & 437 nominations total",
        "Poster": "https://m.media-amazon.com/images/M/MV5BYjI3NDU0ZGYtYjA2YS00Y2RlLTgwZDAtYTE2YTM5ZjE1M2JlXkEyXkFqcGc@._V1_SX300.jpg",
        "Ratings": [
            {
                "Source": "Internet Movie Database",
                "Value": "6.8/10"
            },
            {
                "Source": "Rotten Tomatoes",
                "Value": "88%"
            },
            {
                "Source": "Metacritic",
                "Value": "80/100"
            }
        ],
        "Metascore": "80",
        "imdbRating": "6.8",
        "imdbVotes": "596,493",
        "imdbID": "tt1517268",
        "Type": "movie",
        "DVD": "N/A",
        "BoxOffice": "$636,238,421",
        "Production": "N/A",
        "Website": "N/A",
        "Response": "True"
    }
}