{
    "tmdb": {
        "adult": false,
        "backdrop_path": "/gGgDMV1vN20q8qEdxV0K43UrK0y.jpg",
        "belongs_to_collection": {
            "id": 1240438,
            "name": "Five Nights at Freddy's Collection",
            "poster_path": "/nF8M9G25maSZXl3MqytRcqS3ysJ.jpg",
            "backdrop_path": "/dGd6T2LmDb4YCIuKkbsxWrzpHd3.jpg"
        },
        "budget": 20000000,
        "genres": [
            {
                "id": 27,
                "name": "Horror"
            },
            {
                "id": 53,
                "name": "Thriller"
            }
        ],
        "homepage": "https://www.fivenightsatfreddys.movie",
        "id": 507089,
        "imdb_id": "tt4589218",
        "origin_country": [
            "US"
        ],
        "original_language": "en",
        "original_title": "Five Nights at Freddy's",
        "overview": "Recently fired and desperate for work, a troubled young man named Mike agrees to take a position as a night security guard at an abandoned theme restaurant: Freddy Fazbear's Pizzeria. But he soon discovers that nothing at Freddy's is what it seems.",
        "popularity": 23.7521,
        "poster_path": "/4dKRTUylqwXQ4VJz0BS84fqW2wa.jpg",
        "production_companies": [
            {
                "id": 3172,
                "logo_path": "/rzKluDcRkIwHZK2pHsiT667A2Kw.png",
                "name": "Blumhouse Productions",
                "origin_country": "US"
            },
            {
                "id": 211144,
                "logo_path": null,
                "name": "Scott Cawthon Productions",
                "origin_country": "US"
            }
        ],
        "production_countries": [
            {
                "iso_3166_1": "US",
                "name": "United States of America"
            }
        ],
        "release_date": "2023-10-25",
        "revenue": 297144130,
        "runtime": 110,
        "spoken_languages": [
            {
                "english_name": "English",
                "iso_639_1": "en",
                "name": "English"
            }
        ],
        "status": "Released",
        "tagline": "Can you survive five nights?",
        "title": "Five Nights at Freddy's",
        "video": false,
        "vote_average": 7.474,
        "vote_count": 4316
    },
    "omdb": {
        "Title": "Five Nights at Freddy's",
        "Year": "2023",
        "Rated": "PG-13",
        "Released": "27 Oct 2023",
        "Runtime": "109 min",
        "Genre": "Horror, Mystery, Thriller",
        "Director": "Emma Tammi",
        "Writer": "Scott Cawthon, Seth Cuddeback, Emma Tammi",
        "Actors": "Josh Hutcherson, Piper Rubio, Elizabeth Lail",
        "Plot": "A troubled security guard begins working at Freddy Fazbear's Pizza. During his five nights on the job, he realizes that something is wrong with the pizzeria and pretty soon finds the truth about its animatronics.",
        "Language": "English",
        "Country": "United States",
        "Awards": "22 nominations total",
        "Poster": "https://m.media-amazon.com/images/M/MV5BNzFkMDE2ZmEtOWMwNy00MWM2LThlNjMtZWQzNWY5MTJjZjcxXkEyXkFqcGc@._V1_SX300.jpg",
        "Ratings": [
            {
                "Source": "Internet Movie Database",
                "Value": "5.4/10"
            },
            {
                "Source": "Rotten Tomatoes",
                "Value": "32%"
            },
            {
                "Source": "Metacritic",
                "Value": "33/100"
            }
        ],
        "Metascore": "33",
        "imdbRating": "5.4",
        "imdbVotes": "111,473",
        "imdbID": "tt4589218",
        "Type": "movie",
        "DVD": "N/A",
        "BoxOffice": "$137,275,620",
        "Production": "N/A",
        "Website": "N/A",
        "Response": "True"
    }
}