{
    "tmdb": {
        "adult": false,
        "backdrop_path": "/vNUwK5P42m81uG57kKI1WxSZwIQ.jpg",
        "belongs_to_collection": null,
        "budget": 0,
        "genres": [
            {
                "id": 35,
                "name": "Comedy"
            },
            {
                "id": 10749,
                "name": "Romance"
            }
        ],
        "homepage": "",
        "id": 1403735,
        "imdb_id": "tt32831759",
        "origin_country": [
            "IN"
        ],
        "original_language": "te",
        "original_title": "లైలా",
        "overview": "Sonu Model, a renowned beautician from the old city, is forced to disguise himself as Laila, leading to a series of comedic, romantic, and action-packed events. Chaos ensues in this hilarious laugh riot",
        "popularity": 116.8552,
        "poster_path": "/l4gsNxFPGpzbq0D6QK1a8vO1lBz.jpg",
        "production_companies": [
            {
                "id": 100071,
                "logo_path": null,
                "name": "Shine Screens",
                "origin_country": "IN"
            }
        ],
        "production_countries": [
            {
                "iso_3166_1": "IN",
                "name": "India"
            }
        ],
        "release_date": "2025-02-14",
        "revenue": 0,
        "runtime": 134,
        "spoken_languages": [
            {
                "english_name": "Telugu",
                "iso_639_1": "te",
                "name": "తెలుగు"
            }
        ],
        "status": "Released",
        "tagline": "",
        "title": "Laila",
        "video": false,
        "vote_average": 5.0,
        "vote_count": 3
    },
    "omdb": {
        "Title": "Laila",
        "Year": "2025",
        "Rated": "N/A",
        "Released": "14 Feb 2025",
        "Runtime": "135 min",
        "Genre": "Action, Comedy, Drama",
        "Director": "Ram Narayan",
        "Writer": "Vasudeva Murthy",
        "Actors": "Sunaina Badam, Mallesh Balast, Kamakshi Bhaskarla",
        "Plot": "Sonu Model, a renowned beautician from the old city, is forced to disguise himself as Laila, leading to a series of comedic, romantic, and action-packed events. Chaos ensues in this hilarious laugh riot.",
        "Language": "Telugu",
        "Country": "India",
        "Awards": "N/A",
        "Poster": "https://m.media-amazon.com/images/M/MV5BZjhjNDAwMGEtMjBmMi00NWEwLWEwMDMtYTc1ZmExMThkODAyXkEyXkFqcGc@._V1_SX300.jpg",
        "Ratings": [
            {
                "Source": "Internet Movie Database",
                "Value": "2.4/10"
            }
        ],
        "Metascore": "N/A",
        "imdbRating": "2.4",
        "imdbVotes": "490",
        "imdbID": "tt32831759",
        "Type": "movie",
        "DVD": "N/A",
        "BoxOffice": "N/A",
        "Production": "N/A",
        "Website": "N/A",
        "Response": "True"
    }
}