{
    "tmdb": {
        "adult": false,
        "backdrop_path": "/75nSb1fbWooipwcSU5bUttiOriI.jpg",
        "belongs_to_collection": null,
        "budget": 50000000,
        "genres": [
            {
                "id": 16,
                "name": "Animation"
            },
            {
                "id": 12,
                "name": "Adventure"
            },
            {
                "id": 14,
                "name": "Fantasy"
            },
            {
                "id": 10751,
                "name": "Family"
            },
            {
                "id": 18,
                "name": "Drama"
            }
        ],
        "homepage": "https://gkids.com/films/the-boy-and-the-heron/",
        "id": 508883,
        "imdb_id": "tt6587046",
        "origin_country": [
            "JP"
        ],
        "original_language": "ja",
        "original_title": "君たちはどう生きるか",
        "overview": "While the Second World War rages, the teenage Mahito, haunted by his mother's tragic death, is relocated from Tokyo to the serene rural home of his new stepmother Natsuko, a woman who bears a striking resemblance to the boy's mother. As he tries to adjust, this strange new world grows even stranger following the appearance of a persistent gray heron, who perplexes and bedevils Mahito, dubbing him the \"long-awaited one.\"",
        "popularity": 22.704,
        "poster_path": "/f4oZTcfGrVTXKTWg157AwikXqmP.jpg",
        "production_companies": [
            {
                "id": 10342,
                "logo_path": "/uFuxPEZRUcBTEiYIxjHJq62Vr77.png",
                "name": "Studio Ghibli",
                "origin_country": "JP"
            }
        ],
        "production_countries": [
            {
                "iso_3166_1": "JP",
                "name": "Japan"
            }
        ],
        "release_date": "2023-07-14",
        "revenue": 294200000,
        "runtime": 124,
        "spoken_languages": [
            {
                "english_name": "Japanese",
                "iso_639_1": "ja",
                "name": "日本語"
            }
        ],
        "status": "Released",
        "tagline": "Where death comes to an end, life finds a new beginning.",
        "title": "The Boy and the Heron",
        "video": false,
        "vote_average": 7.455,
        "vote_count": 2153
    },
    "omdb": {
        "Title": "The Boy and the Heron",
        "Year": "2023",
        "Rated": "PG-13",
        "Released": "08 Dec 2023",
        "Runtime": "124 min",
        "Genre": "Animation, Adventure, Drama",
        "Director": "Hayao Miyazaki",
        "Writer": "Hayao Miyazaki",
        "Actors": "Soma Santoki, Masaki Suda, Kô Shibasaki",
        "Plot": "In the wake of his mother's death and his father's remarriage, a headstrong boy named Mahito ventures into a dreamlike world shared by both the living and the dead.",
        "Language": "Japanese",
        "Country": "Japan",
        "Awards": "Won 1 Oscar. 35 wins & 89 nominations total",
        "Poster": "https://m.media-amazon.com/images/M/MV5BMzA5Zjg3MTAtM2FhZS00NTNjLTg3NjEtNWQ4MTRhZjhiNzVmXkEyXkFqcGc@._V1_SX300.jpg",
        "Ratings": [
            {
                "Source": "Internet Movie Database",
                "Value": "7.4/10"
            },
            {
                "Source": "Rotten Tomatoes",
                "Value": "96%"
            },
            {
                "Source": "Metacritic",
                "Value": "91/100"
            }
        ],
        "Metascore": "91",
        "imdbRating": "7.4",
        "imdbVotes": "87,143",
        "imdbID": "tt6587046",
        "Type": "movie",
        "DVD": "N/A",
        "BoxOffice": "$46,832,867",
        "Production": "N/A",
        "Website": "N/A",
        "Response": "True"
    }
}