{
    "tmdb": {
        "adult": false,
        "backdrop_path": "/hm3MSsiBMPsCi9HNwwzR4dNmB5.jpg",
        "belongs_to_collection": {
            "id": 91361,
            "name": "Halloween Collection",
            "poster_path": "/uCIMY95aqKEwIEwNuFq42UQkY9f.jpg",
            "backdrop_path": "/d6uWYZe7h7M3F7h4IBjO1jgIkMh.jpg"
        },
        "budget": 2500000,
        "genres": [
            {
                "id": 27,
                "name": "Horror"
            },
            {
                "id": 53,
                "name": "Thriller"
            }
        ],
        "homepage": "https://www.uphe.com/movies/halloween-ii",
        "id": 11281,
        "imdb_id": "tt0082495",
        "origin_country": [
            "US"
        ],
        "original_language": "en",
        "original_title": "Halloween II",
        "overview": "After failing to kill stubborn survivor Laurie and taking a bullet or six from former psychiatrist Dr. Sam Loomis, Michael Myers has followed Laurie to the Haddonfield Memorial Hospital, where she's been admitted for Myers' attempt on her life. The institution proves to be particularly suited to serial killers, however, as Myers cuts, stabs and slashes his way through hospital staff to reach his favorite victim.",
        "popularity": 32.8593,
        "poster_path": "/gL3dPbbZInWn4U9jd87uoFGOdot.jpg",
        "production_companies": [
            {
                "id": 33,
                "logo_path": "/3wwjVpkZtnog6lSKzWDjvw2Yi00.png",
                "name": "Universal Pictures",
                "origin_country": "US"
            },
            {
                "id": 10308,
                "logo_path": "/5AEHeflZe2YavcjL0s99gJA8csi.png",
                "name": "The De Laurentiis Company",
                "origin_country": "US"
            }
        ],
        "production_countries": [
            {
                "iso_3166_1": "US",
                "name": "United States of America"
            }
        ],
        "release_date": "1981-10-30",
        "revenue": 25533818,
        "runtime": 92,
        "spoken_languages": [
            {
                "english_name": "English",
                "iso_639_1": "en",
                "name": "English"
            }
        ],
        "status": "Released",
        "tagline": "More of the night he came home.",
        "title": "Halloween II",
        "video": false,
        "vote_average": 6.6,
        "vote_count": 2092
    },
    "omdb": {
        "Title": "Halloween II",
        "Year": "1981",
        "Rated": "R",
        "Released": "30 Oct 1981",
        "Runtime": "92 min",
        "Genre": "Horror",
        "Director": "Rick Rosenthal",
        "Writer": "John Carpenter, Debra Hill",
        "Actors": "Jamie Lee Curtis, Donald Pleasence, Charles Cyphers",
        "Plot": "While Dr. Loomis hunts for Michael Myers, a traumatized Laurie is rushed to Haddonfield Memorial Hospital, and The Shape is not far behind her.",
        "Language": "English",
        "Country": "United States",
        "Awards": "1 win & 3 nominations total",
        "Poster": "https://m.media-amazon.com/images/M/MV5BY2M5ZGEwZjItODgwOC00OWM3LTliYmQtNzlmY2NmODE1MzAwXkEyXkFqcGc@._V1_SX300.jpg",
        "Ratings": [
            {
                "Source": "Internet Movie Database",
                "Value": "6.5/10"
            },
            {
                "Source": "Rotten Tomatoes",
                "Value": "33%"
            },
            {
                "Source": "Metacritic",
                "Value": "40/100"
            }
        ],
        "Metascore": "40",
        "imdbRating": "6.5",
        "imdbVotes": "106,093",
        "imdbID": "tt0082495",
        "Type": "movie",
        "DVD": "N/A",
        "BoxOffice": "$25,533,818",
        "Production": "N/A",
        "Website": "N/A",
        "Response": "True"
    }
}