{
    "tmdb": {
        "adult": false,
        "backdrop_path": "/o5vasl0xbZWWKQnAlaBTSgntHH2.jpg",
        "belongs_to_collection": null,
        "budget": 0,
        "genres": [
            {
                "id": 27,
                "name": "Horror"
            }
        ],
        "homepage": "",
        "id": 1208808,
        "imdb_id": "tt13657394",
        "origin_country": [
            "MX"
        ],
        "original_language": "es",
        "original_title": "Turno nocturno",
        "overview": "A young nurse with a domestic abuse past starts working the night shift at a small hospital, where, during the night, the ghost of a nurse materializes.",
        "popularity": 61.4814,
        "poster_path": "/iSSx9Bys64vlOkvkyKXtp19P7Re.jpg",
        "production_companies": [
            {
                "id": 63520,
                "logo_path": "/ytQNtv7i4wtkuLyguqRLC0FX8GL.png",
                "name": "Sony Pictures International Productions",
                "origin_country": "US"
            },
            {
                "id": 74139,
                "logo_path": null,
                "name": "EFICINE 189",
                "origin_country": "MX"
            }
        ],
        "production_countries": [
            {
                "iso_3166_1": "MX",
                "name": "Mexico"
            }
        ],
        "release_date": "2024-12-05",
        "revenue": 0,
        "runtime": 107,
        "spoken_languages": [
            {
                "english_name": "Spanish",
                "iso_639_1": "es",
                "name": "Español"
            }
        ],
        "status": "Released",
        "tagline": "",
        "title": "Turno nocturno",
        "video": false,
        "vote_average": 6.33,
        "vote_count": 132
    },
    "omdb": {
        "Title": "Turno Nocturno",
        "Year": "2024",
        "Rated": "R",
        "Released": "04 Dec 2024",
        "Runtime": "107 min",
        "Genre": "Horror",
        "Director": "Rigoberto Castañeda",
        "Writer": "Rigoberto Castañeda",
        "Actors": "Tony Dalton, Paulina Gaitan, Azul Guaita",
        "Plot": "A young nurse with a past of family violence starts working the night shift at a small hospital, where during the night a ghost nurse materializes.",
        "Language": "Spanish",
        "Country": "Mexico",
        "Awards": "1 nomination total",
        "Poster": "https://m.media-amazon.com/images/M/MV5BMWE5MGYyM2MtYzVkOC00NDYwLWIwMjktODMzYTU2Y2ZjYmQ4XkEyXkFqcGc@._V1_SX300.jpg",
        "Ratings": [
            {
                "Source": "Internet Movie Database",
                "Value": "5.3/10"
            }
        ],
        "Metascore": "N/A",
        "imdbRating": "5.3",
        "imdbVotes": "403",
        "imdbID": "tt13657394",
        "Type": "movie",
        "DVD": "N/A",
        "BoxOffice": "N/A",
        "Production": "N/A",
        "Website": "N/A",
        "Response": "True"
    }
}