{
    "tmdb": {
        "adult": false,
        "backdrop_path": "/98sKFlXeRI8fzBdy9eao98TlrkF.jpg",
        "belongs_to_collection": {
            "id": 295,
            "name": "Pirates of the Caribbean Collection",
            "poster_path": "/4KUJ38SsViJTsUmTRvXxerBNwAv.jpg",
            "backdrop_path": "/wxgD3fB5lQ2sGJLog0rvXW049Pf.jpg"
        },
        "budget": 140000000,
        "genres": [
            {
                "id": 12,
                "name": "Adventure"
            },
            {
                "id": 14,
                "name": "Fantasy"
            },
            {
                "id": 28,
                "name": "Action"
            }
        ],
        "homepage": "https://movies.disney.com/pirates-of-the-caribbean-the-curse-of-the-black-pearl",
        "id": 22,
        "imdb_id": "tt0325980",
        "origin_country": [
            "US"
        ],
        "original_language": "en",
        "original_title": "Pirates of the Caribbean: The Curse of the Black Pearl",
        "overview": "After Port Royal is attacked and pillaged by a mysterious pirate crew, capturing the governor's daughter Elizabeth Swann in the process, William Turner asks free-willing pirate Jack Sparrow to help him locate the crew's ship—The Black Pearl—so that he can rescue the woman he loves.",
        "popularity": 22.7537,
        "poster_path": "/z8onk7LV9Mmw6zKz4hT6pzzvmvl.jpg",
        "production_companies": [
            {
                "id": 2,
                "logo_path": "/wdrCwmRnLFJhEoH8GSfymY85KHT.png",
                "name": "Walt Disney Pictures",
                "origin_country": "US"
            },
            {
                "id": 130,
                "logo_path": "/c9dVHPOL3cqCr2593Ahk0nEKTEM.png",
                "name": "Jerry Bruckheimer Films",
                "origin_country": "US"
            }
        ],
        "production_countries": [
            {
                "iso_3166_1": "US",
                "name": "United States of America"
            }
        ],
        "release_date": "2003-07-09",
        "revenue": 655011224,
        "runtime": 143,
        "spoken_languages": [
            {
                "english_name": "English",
                "iso_639_1": "en",
                "name": "English"
            }
        ],
        "status": "Released",
        "tagline": "Prepare to be blown out of the water.",
        "title": "Pirates of the Caribbean: The Curse of the Black Pearl",
        "video": false,
        "vote_average": 7.809,
        "vote_count": 21084
    },
    "omdb": {
        "Title": "Pirates of the Caribbean: The Curse of the Black Pearl",
        "Year": "2003",
        "Rated": "PG-13",
        "Released": "09 Jul 2003",
        "Runtime": "143 min",
        "Genre": "Action, Adventure, Fantasy",
        "Director": "Gore Verbinski",
        "Writer": "Ted Elliott, Terry Rossio, Stuart Beattie",
        "Actors": "Johnny Depp, Geoffrey Rush, Orlando Bloom",
        "Plot": "Blacksmith Will Turner teams up with eccentric pirate \"Captain\" Jack Sparrow to save Elizabeth Swann, the governor's daughter and his love, from Jack's former pirate allies, who are now undead.",
        "Language": "English",
        "Country": "United States",
        "Awards": "Nominated for 5 Oscars. 38 wins & 104 nominations total",
        "Poster": "https://m.media-amazon.com/images/M/MV5BNDhlMzEyNzItMTA5Mi00YWRhLThlNTktYTQyMTA0MDIyNDEyXkEyXkFqcGc@._V1_SX300.jpg",
        "Ratings": [
            {
                "Source": "Internet Movie Database",
                "Value": "8.1/10"
            },
            {
                "Source": "Rotten Tomatoes",
                "Value": "79%"
            },
            {
                "Source": "Metacritic",
                "Value": "63/100"
            }
        ],
        "Metascore": "63",
        "imdbRating": "8.1",
        "imdbVotes": "1,256,997",
        "imdbID": "tt0325980",
        "Type": "movie",
        "DVD": "N/A",
        "BoxOffice": "$305,413,918",
        "Production": "N/A",
        "Website": "N/A",
        "Response": "True"
    }
}