{
    "tmdb": {
        "adult": false,
        "backdrop_path": "/7ZP8HtgOIDaBs12krXgUIygqEsy.jpg",
        "belongs_to_collection": {
            "id": 1000386,
            "name": "Alienoid Collection",
            "poster_path": "/kvP1bqQNfiypjYyvHOJdTScz2v.jpg",
            "backdrop_path": "/tySCSCVveLrYl4RpTQIQXMMYcF6.jpg"
        },
        "budget": 24500000,
        "genres": [
            {
                "id": 878,
                "name": "Science Fiction"
            },
            {
                "id": 28,
                "name": "Action"
            },
            {
                "id": 14,
                "name": "Fantasy"
            },
            {
                "id": 12,
                "name": "Adventure"
            }
        ],
        "homepage": "",
        "id": 601796,
        "imdb_id": "tt20168564",
        "origin_country": [
            "KR"
        ],
        "original_language": "ko",
        "original_title": "외계+인 1부",
        "overview": "Gurus in the late Goryeo dynasty try to obtain a fabled, holy sword, and humans in 2022 hunt down an alien prisoner that is locked in a human's body. The two parties cross paths when a time-traveling portal opens up.",
        "popularity": 13.5789,
        "poster_path": "/8QVDXDiOGHRcAD4oM6MXjE0osSj.jpg",
        "production_companies": [
            {
                "id": 118358,
                "logo_path": "/57u7ny0hdDRaDdwdrNTTj9np6Cx.png",
                "name": "Caper Film",
                "origin_country": "KR"
            }
        ],
        "production_countries": [
            {
                "iso_3166_1": "KR",
                "name": "South Korea"
            }
        ],
        "release_date": "2022-07-20",
        "revenue": 12109608,
        "runtime": 142,
        "spoken_languages": [
            {
                "english_name": "Korean",
                "iso_639_1": "ko",
                "name": "한국어/조선말"
            }
        ],
        "status": "Released",
        "tagline": "For ages, aliens have locked up their prisoners in humans bodies.",
        "title": "Alienoid",
        "video": false,
        "vote_average": 6.8,
        "vote_count": 466
    },
    "omdb": {
        "Title": "Alienoid",
        "Year": "2022",
        "Rated": "Not Rated",
        "Released": "20 Jul 2022",
        "Runtime": "142 min",
        "Genre": "Action, Adventure, Fantasy",
        "Director": "Dong-hoon Choi",
        "Writer": "Dong-hoon Choi",
        "Actors": "Ryu Jun-yeol, Kim Woo-bin, Kim Tae-ri",
        "Plot": "The door of time opens between the swordsman who wants to seize the legendary divine sword at the end of the Goryeo Dynasty and those who chase after an alien prisoner imprisoned in a human body in 2022.",
        "Language": "Korean",
        "Country": "South Korea",
        "Awards": "2 wins & 8 nominations total",
        "Poster": "https://m.media-amazon.com/images/M/MV5BYmI1N2MxYzEtNWFiYy00NDk1LWEzNWItZGE3MDRmYTMxYjdmXkEyXkFqcGc@._V1_SX300.jpg",
        "Ratings": [
            {
                "Source": "Internet Movie Database",
                "Value": "6.3/10"
            },
            {
                "Source": "Rotten Tomatoes",
                "Value": "86%"
            },
            {
                "Source": "Metacritic",
                "Value": "54/100"
            }
        ],
        "Metascore": "54",
        "imdbRating": "6.3",
        "imdbVotes": "6,532",
        "imdbID": "tt20168564",
        "Type": "movie",
        "DVD": "N/A",
        "BoxOffice": "$168,309",
        "Production": "N/A",
        "Website": "N/A",
        "Response": "True"
    }
}