{
    "tmdb": {
        "adult": false,
        "backdrop_path": "/x3YA4yLK0haT2gWhyH9yRR9mq43.jpg",
        "belongs_to_collection": null,
        "budget": 125000,
        "genres": [
            {
                "id": 35,
                "name": "Comedy"
            }
        ],
        "homepage": "",
        "id": 97697,
        "imdb_id": "tt0075868",
        "origin_country": [
            "GB"
        ],
        "original_language": "en",
        "original_title": "Come Play with Me",
        "overview": "Two alluring young ladies live with their beautiful widowed aunt on a secluded wooded estate. The women have earned themselves quite a reputation in the surrounding towns and men from all over the region are frequent visitors to the small countryside home, hoping to encounter one, or preferably both, of the seductive nieces. Of course, the aunt has equally strong desires and refuses to be outdone. Soon all three are offering the many courters the chance to Come Play with Me!",
        "popularity": 16.4058,
        "poster_path": "/noTS4wNV5jg3E8nJixhrcWxt38B.jpg",
        "production_companies": [
            {
                "id": 26101,
                "logo_path": null,
                "name": "Roldvale Ltd",
                "origin_country": ""
            },
            {
                "id": 22331,
                "logo_path": null,
                "name": "Tigon",
                "origin_country": ""
            }
        ],
        "production_countries": [
            {
                "iso_3166_1": "GB",
                "name": "United Kingdom"
            }
        ],
        "release_date": "1977-04-28",
        "revenue": 0,
        "runtime": 98,
        "spoken_languages": [
            {
                "english_name": "English",
                "iso_639_1": "en",
                "name": "English"
            }
        ],
        "status": "Released",
        "tagline": "It's not what we do - it's the way that we do it!",
        "title": "Come Play with Me",
        "video": false,
        "vote_average": 4.813,
        "vote_count": 24
    },
    "omdb": {
        "Title": "Come Play with Me",
        "Year": "1977",
        "Rated": "N/A",
        "Released": "28 Apr 1977",
        "Runtime": "94 min",
        "Genre": "Comedy, Musical",
        "Director": "George Harrison Marks",
        "Writer": "George Harrison Marks",
        "Actors": "Irene Handl, Alfie Bass, George Harrison Marks",
        "Plot": "A health-resort where both the clients and the employees easily take their clothes off and have a little fun is the setting of this sex-comedy.",
        "Language": "English",
        "Country": "United Kingdom",
        "Awards": "N/A",
        "Poster": "https://m.media-amazon.com/images/M/MV5BNDI4ZDk4ZTEtMWQzNi00NTY0LThiNWQtOTU0MjRmZWE5OTYwXkEyXkFqcGc@._V1_SX300.jpg",
        "Ratings": [
            {
                "Source": "Internet Movie Database",
                "Value": "3.7/10"
            }
        ],
        "Metascore": "N/A",
        "imdbRating": "3.7",
        "imdbVotes": "555",
        "imdbID": "tt0075868",
        "Type": "movie",
        "DVD": "N/A",
        "BoxOffice": "N/A",
        "Production": "N/A",
        "Website": "N/A",
        "Response": "True"
    }
}