{
    "tmdb": {
        "adult": false,
        "backdrop_path": "/dLfPOTB9zlGCNZJinYvf9yygaX6.jpg",
        "belongs_to_collection": {
            "id": 330524,
            "name": "Six Swedes Collection",
            "poster_path": "/vkJ5dTpfFJ5FFIzM1WavDbPX6C1.jpg",
            "backdrop_path": "/iIYprfP5lfGYzLW1liwOr8NxllR.jpg"
        },
        "budget": 0,
        "genres": [
            {
                "id": 10749,
                "name": "Romance"
            },
            {
                "id": 35,
                "name": "Comedy"
            }
        ],
        "homepage": "https://myflixer.plus/",
        "id": 264859,
        "imdb_id": "tt0086267",
        "origin_country": [
            "DE"
        ],
        "original_language": "de",
        "original_title": "Sechs Schwedinnen auf der Alm",
        "overview": "This comedy has everyone's favorite 6 Swedish gals enjoying their stay in the alps. When the girls aren't enjoying the pleasure of their own company they're out having a good time with nearly everyone else in town.",
        "popularity": 13.3029,
        "poster_path": "/gIhI5Y7IFNv2yo8tmkX1xabg3yB.jpg",
        "production_companies": [],
        "production_countries": [
            {
                "iso_3166_1": "DE",
                "name": "Germany"
            }
        ],
        "release_date": "1983-07-22",
        "revenue": 0,
        "runtime": 90,
        "spoken_languages": [
            {
                "english_name": "German",
                "iso_639_1": "de",
                "name": "Deutsch"
            }
        ],
        "status": "Released",
        "tagline": "",
        "title": "Six Swedish Girls in Alps",
        "video": false,
        "vote_average": 6.607,
        "vote_count": 56
    },
    "omdb": {
        "Title": "Six Swedish Girls in the Alps",
        "Year": "1983",
        "Rated": "N/A",
        "Released": "22 Jul 1983",
        "Runtime": "90 min",
        "Genre": "Comedy",
        "Director": "Paul Grau",
        "Writer": "Erwin C. Dietrich, Melvin Quiñones",
        "Actors": "Petra van Hoven, Marianne Aubert, Evelyne Lang",
        "Plot": "This comedy has everyone's favorite 6 Swedish gals enjoying their stay in the alps. When the girls aren't enjoying the pleasure of their own company they're out having a good time with nearly everyone else in town.",
        "Language": "German",
        "Country": "West Germany",
        "Awards": "N/A",
        "Poster": "https://m.media-amazon.com/images/M/MV5BYzlkOThiZTAtNGIxNi00ZWExLTlhNjQtMTU3ZWFiMjAyM2M0XkEyXkFqcGc@._V1_SX300.jpg",
        "Ratings": [
            {
                "Source": "Internet Movie Database",
                "Value": "4.5/10"
            }
        ],
        "Metascore": "N/A",
        "imdbRating": "4.5",
        "imdbVotes": "279",
        "imdbID": "tt0086267",
        "Type": "movie",
        "DVD": "N/A",
        "BoxOffice": "N/A",
        "Production": "N/A",
        "Website": "N/A",
        "Response": "True"
    }
}