{
    "tmdb": {
        "adult": false,
        "backdrop_path": "/9lzBxaGXQ2Uy62caE1pzEnDko1h.jpg",
        "belongs_to_collection": null,
        "budget": 12500000,
        "genres": [
            {
                "id": 28,
                "name": "Action"
            },
            {
                "id": 80,
                "name": "Crime"
            },
            {
                "id": 10749,
                "name": "Romance"
            }
        ],
        "homepage": "",
        "id": 319,
        "imdb_id": "tt0108399",
        "origin_country": [
            "US"
        ],
        "original_language": "en",
        "original_title": "True Romance",
        "overview": "Clarence marries hooker Alabama, steals cocaine from her pimp, and tries to sell it in Hollywood, while the owners of the coke try to reclaim it.",
        "popularity": 52.081,
        "poster_path": "/39lXk6ud6KiJgGbbWI2PUKS7y2.jpg",
        "production_companies": [
            {
                "id": 10210,
                "logo_path": "/gHaNnHd4LjNAoAG5aJthVrdAjZo.png",
                "name": "Morgan Creek Entertainment",
                "origin_country": "US"
            },
            {
                "id": 342,
                "logo_path": "/kZ99mxyNvNgyAFjm7rcl9vfYmU8.png",
                "name": "Davis Films",
                "origin_country": "FR"
            },
            {
                "id": 3322,
                "logo_path": null,
                "name": "August Entertainment",
                "origin_country": "US"
            }
        ],
        "production_countries": [
            {
                "iso_3166_1": "US",
                "name": "United States of America"
            },
            {
                "iso_3166_1": "FR",
                "name": "France"
            }
        ],
        "release_date": "1993-09-09",
        "revenue": 12600000,
        "runtime": 118,
        "spoken_languages": [
            {
                "english_name": "English",
                "iso_639_1": "en",
                "name": "English"
            },
            {
                "english_name": "Italian",
                "iso_639_1": "it",
                "name": "Italiano"
            }
        ],
        "status": "Released",
        "tagline": "Stealing. Cheating. Killing. Who said romance was dead?",
        "title": "True Romance",
        "video": false,
        "vote_average": 7.545,
        "vote_count": 2807
    },
    "omdb": {
        "Title": "True Romance",
        "Year": "1993",
        "Rated": "R",
        "Released": "10 Sep 1993",
        "Runtime": "119 min",
        "Genre": "Crime, Drama, Romance",
        "Director": "Tony Scott",
        "Writer": "Quentin Tarantino, Roger Avary",
        "Actors": "Christian Slater, Patricia Arquette, Dennis Hopper",
        "Plot": "In Detroit, a pop-culture enthusiast steals cocaine from his new wife's pimp and tries to sell it in Hollywood, prompting the mobsters who own the drugs to pursue the couple.",
        "Language": "English, Italian",
        "Country": "United States, France",
        "Awards": "1 win & 10 nominations total",
        "Poster": "https://m.media-amazon.com/images/M/MV5BYzQ5OGMwMDAtMzcyOS00YTA4LWEwM2MtOTA1MDZjZGEyYmI1XkEyXkFqcGc@._V1_SX300.jpg",
        "Ratings": [
            {
                "Source": "Internet Movie Database",
                "Value": "7.9/10"
            },
            {
                "Source": "Rotten Tomatoes",
                "Value": "93%"
            },
            {
                "Source": "Metacritic",
                "Value": "59/100"
            }
        ],
        "Metascore": "59",
        "imdbRating": "7.9",
        "imdbVotes": "251,600",
        "imdbID": "tt0108399",
        "Type": "movie",
        "DVD": "N/A",
        "BoxOffice": "$12,281,551",
        "Production": "N/A",
        "Website": "N/A",
        "Response": "True"
    }
}