{
    "tmdb": {
        "adult": false,
        "backdrop_path": "/tva2OlLELCagFynFibcefhn2D9i.jpg",
        "belongs_to_collection": {
            "id": 2344,
            "name": "The Matrix Collection",
            "poster_path": "/bV9qTVHTVf0gkW0j7p7M0ILD4pG.jpg",
            "backdrop_path": "/bRm2DEgUiYciDw3myHuYFInD7la.jpg"
        },
        "budget": 150000000,
        "genres": [
            {
                "id": 12,
                "name": "Adventure"
            },
            {
                "id": 28,
                "name": "Action"
            },
            {
                "id": 53,
                "name": "Thriller"
            },
            {
                "id": 878,
                "name": "Science Fiction"
            }
        ],
        "homepage": "https://www.warnerbros.com/movies/matrix-reloaded",
        "id": 604,
        "imdb_id": "tt0234215",
        "origin_country": [
            "US"
        ],
        "original_language": "en",
        "original_title": "The Matrix Reloaded",
        "overview": "Six months after the events depicted in The Matrix, Neo has proved to be a good omen for the free humans, as more and more humans are being freed from the matrix and brought to Zion, the one and only stronghold of the Resistance.  Neo himself has discovered his superpowers including super speed, ability to see the codes of the things inside the matrix and a certain degree of pre-cognition. But a nasty piece of news hits the human resistance: 250,000 machine sentinels are digging to Zion and would reach them in 72 hours. As Zion prepares for the ultimate war, Neo, Morpheus and Trinity are advised by the Oracle to find the Keymaker who would help them reach the Source.  Meanwhile Neo's recurrent dreams depicting Trinity's death have got him worried and as if it was not enough, Agent Smith has somehow escaped deletion, has become more powerful than before and has fixed Neo as his next target.",
        "popularity": 17.7813,
        "poster_path": "/9TGHDvWrqKBzwDxDodHYXEmOE6J.jpg",
        "production_companies": [
            {
                "id": 79,
                "logo_path": "/at4uYdwAAgNRKhZuuFX8ShKSybw.png",
                "name": "Village Roadshow Pictures",
                "origin_country": "US"
            },
            {
                "id": 1885,
                "logo_path": "/xlvoOZr4s1PygosrwZyolIFe5xs.png",
                "name": "Silver Pictures",
                "origin_country": "US"
            },
            {
                "id": 172,
                "logo_path": null,
                "name": "NPV Entertainment",
                "origin_country": "US"
            }
        ],
        "production_countries": [
            {
                "iso_3166_1": "US",
                "name": "United States of America"
            }
        ],
        "release_date": "2003-05-15",
        "revenue": 738599701,
        "runtime": 138,
        "spoken_languages": [
            {
                "english_name": "English",
                "iso_639_1": "en",
                "name": "English"
            },
            {
                "english_name": "French",
                "iso_639_1": "fr",
                "name": "Français"
            }
        ],
        "status": "Released",
        "tagline": "Free your mind.",
        "title": "The Matrix Reloaded",
        "video": false,
        "vote_average": 7.056,
        "vote_count": 11225
    },
    "omdb": {
        "Title": "The Matrix Reloaded",
        "Year": "2003",
        "Rated": "R",
        "Released": "15 May 2003",
        "Runtime": "138 min",
        "Genre": "Action, Sci-Fi",
        "Director": "Lana Wachowski, Lilly Wachowski",
        "Writer": "Lilly Wachowski, Lana Wachowski",
        "Actors": "Keanu Reeves, Laurence Fishburne, Carrie-Anne Moss",
        "Plot": "Freedom fighters Neo, Trinity and Morpheus continue to lead the revolt against the Machine Army, unleashing their arsenal of extraordinary skills and weaponry against the systematic forces of repression and exploitation.",
        "Language": "English, French, Italian",
        "Country": "United States",
        "Awards": "8 wins & 34 nominations total",
        "Poster": "https://m.media-amazon.com/images/M/MV5BNjAxYjkxNjktYTU0YS00NjFhLWIyMDEtMzEzMTJjMzRkMzQ1XkEyXkFqcGc@._V1_SX300.jpg",
        "Ratings": [
            {
                "Source": "Internet Movie Database",
                "Value": "7.2/10"
            },
            {
                "Source": "Rotten Tomatoes",
                "Value": "74%"
            },
            {
                "Source": "Metacritic",
                "Value": "62/100"
            }
        ],
        "Metascore": "62",
        "imdbRating": "7.2",
        "imdbVotes": "650,747",
        "imdbID": "tt0234215",
        "Type": "movie",
        "DVD": "N/A",
        "BoxOffice": "$281,576,461",
        "Production": "N/A",
        "Website": "N/A",
        "Response": "True"
    }
}