{
    "tmdb": {
        "adult": false,
        "backdrop_path": "/7t4ze1cWi3Cb7OdnuDcooDme6qo.jpg",
        "belongs_to_collection": {
            "id": 4246,
            "name": "Scary Movie Collection",
            "poster_path": "/8ds74cRhyAza3WcDVT8rZycwSC9.jpg",
            "backdrop_path": "/4YFCPV5KXWgIfQ8oTEeIJvtuxVj.jpg"
        },
        "budget": 20000000,
        "genres": [
            {
                "id": 35,
                "name": "Comedy"
            }
        ],
        "homepage": "",
        "id": 4258,
        "imdb_id": "tt0795461",
        "origin_country": [
            "US"
        ],
        "original_language": "en",
        "original_title": "Scary Movie 5",
        "overview": "Home with their newly-formed family, happy parents Dan and Jody are haunted by sinister, paranormal activities. Determined to expel the insidious force, they install security cameras and discover their family is being stalked by an evil dead demon.",
        "popularity": 14.1484,
        "poster_path": "/9WNozxN2UVf7rA73FJBWdWJZhfP.jpg",
        "production_companies": [
            {
                "id": 7405,
                "logo_path": "/rfnws0uY8rsNAsrLbx3gEIcYXx3.png",
                "name": "Dimension Films",
                "origin_country": "US"
            },
            {
                "id": 10958,
                "logo_path": null,
                "name": "Brad Grey Pictures",
                "origin_country": ""
            }
        ],
        "production_countries": [
            {
                "iso_3166_1": "US",
                "name": "United States of America"
            }
        ],
        "release_date": "2013-04-11",
        "revenue": 78378744,
        "runtime": 88,
        "spoken_languages": [
            {
                "english_name": "English",
                "iso_639_1": "en",
                "name": "English"
            }
        ],
        "status": "Released",
        "tagline": "Evil is coming. Bring protection.",
        "title": "Scary Movie 5",
        "video": false,
        "vote_average": 4.801,
        "vote_count": 2841
    },
    "omdb": {
        "Title": "Scary Movie V",
        "Year": "2013",
        "Rated": "PG-13",
        "Released": "12 Apr 2013",
        "Runtime": "86 min",
        "Genre": "Comedy, Horror",
        "Director": "Malcolm D. Lee, David Zucker",
        "Writer": "David Zucker, Pat Proft, Shawn Wayans",
        "Actors": "Simon Rex, Ashley Tisdale, Charlie Sheen",
        "Plot": "A couple begin to experience some unusual activity after bringing their lost nieces and nephew home. With the help of home-surveillance cameras, they learn they're being stalked by a nefarious demon.",
        "Language": "English, Spanish, Latin",
        "Country": "United States",
        "Awards": "5 nominations total",
        "Poster": "https://m.media-amazon.com/images/M/MV5BM2NlMjRlZTMtODY5Ni00OGYxLThlYmYtZWQ4MjY1NjVlZjBmXkEyXkFqcGc@._V1_SX300.jpg",
        "Ratings": [
            {
                "Source": "Internet Movie Database",
                "Value": "3.5/10"
            },
            {
                "Source": "Rotten Tomatoes",
                "Value": "4%"
            },
            {
                "Source": "Metacritic",
                "Value": "11/100"
            }
        ],
        "Metascore": "11",
        "imdbRating": "3.5",
        "imdbVotes": "79,783",
        "imdbID": "tt0795461",
        "Type": "movie",
        "DVD": "N/A",
        "BoxOffice": "$32,015,787",
        "Production": "N/A",
        "Website": "N/A",
        "Response": "True"
    }
}