{
    "tmdb": {
        "adult": false,
        "backdrop_path": "/hEbqMd0FOFRbtnDN1JQujh7EQ3K.jpg",
        "belongs_to_collection": null,
        "budget": 0,
        "genres": [
            {
                "id": 18,
                "name": "Drama"
            },
            {
                "id": 878,
                "name": "Science Fiction"
            }
        ],
        "homepage": "https://theshrouds.film",
        "id": 970947,
        "imdb_id": "tt20212786",
        "origin_country": [
            "CA"
        ],
        "original_language": "en",
        "original_title": "The Shrouds",
        "overview": "Inconsolable since the death of his wife, Karsh, a prominent businessman, invents a revolutionary and controversial technology that enables the living to monitor their dear departed in their shrouds. One night, multiple graves, including that of Karsh’s wife, are desecrated, and he sets out to track down the perpetrators.",
        "popularity": 16.6561,
        "poster_path": "/6J4lPto3rjlHZwhIhCy9cOWNnqb.jpg",
        "production_companies": [
            {
                "id": 8997,
                "logo_path": "/79j5EijIG8NrRg5ibLtdooXTsiu.png",
                "name": "SBS Productions",
                "origin_country": "FR"
            },
            {
                "id": 2844,
                "logo_path": "/80lJ1OQzjWXI99Hj1VgUO3vu2qi.png",
                "name": "Prospero Pictures",
                "origin_country": "CA"
            },
            {
                "id": 237344,
                "logo_path": "/3fFS8oipevuYlXVbOaqmHYUTyBx.png",
                "name": "Saint Laurent Productions",
                "origin_country": "FR"
            },
            {
                "id": 260057,
                "logo_path": null,
                "name": "Gravetech Productions",
                "origin_country": "CA"
            }
        ],
        "production_countries": [
            {
                "iso_3166_1": "CA",
                "name": "Canada"
            },
            {
                "iso_3166_1": "FR",
                "name": "France"
            }
        ],
        "release_date": "2025-03-20",
        "revenue": 217261,
        "runtime": 120,
        "spoken_languages": [
            {
                "english_name": "English",
                "iso_639_1": "en",
                "name": "English"
            },
            {
                "english_name": "Hungarian",
                "iso_639_1": "hu",
                "name": "Magyar"
            }
        ],
        "status": "Released",
        "tagline": "How dark are you willing to go?",
        "title": "The Shrouds",
        "video": false,
        "vote_average": 6.2,
        "vote_count": 69
    },
    "omdb": {
        "Title": "The Shrouds",
        "Year": "2024",
        "Rated": "N/A",
        "Released": "29 Jan 2025",
        "Runtime": "119 min",
        "Genre": "Drama, Sci-Fi, Thriller",
        "Director": "David Cronenberg",
        "Writer": "David Cronenberg",
        "Actors": "Vincent Cassel, Diane Kruger, Guy Pearce",
        "Plot": "Karsh, an innovative businessman and grieving widower, builds a device to connect with the dead inside a burial shroud.",
        "Language": "English",
        "Country": "Canada, France",
        "Awards": "2 nominations",
        "Poster": "https://m.media-amazon.com/images/M/MV5BMzczOGNlMjYtYzcxOC00MTgzLTk1NDEtZGYzMTFjZmMyZDIxXkEyXkFqcGc@._V1_SX300.jpg",
        "Ratings": [
            {
                "Source": "Internet Movie Database",
                "Value": "5.6/10"
            },
            {
                "Source": "Rotten Tomatoes",
                "Value": "73%"
            }
        ],
        "Metascore": "N/A",
        "imdbRating": "5.6",
        "imdbVotes": "480",
        "imdbID": "tt20212786",
        "Type": "movie",
        "DVD": "N/A",
        "BoxOffice": "N/A",
        "Production": "N/A",
        "Website": "N/A",
        "Response": "True"
    }
}