{
    "tmdb": {
        "adult": false,
        "backdrop_path": "/x5VGdEBBGuhA0YRlk6dFFxGcamG.jpg",
        "belongs_to_collection": null,
        "budget": 70000000,
        "genres": [
            {
                "id": 12,
                "name": "Adventure"
            },
            {
                "id": 14,
                "name": "Fantasy"
            },
            {
                "id": 35,
                "name": "Comedy"
            },
            {
                "id": 10751,
                "name": "Family"
            }
        ],
        "homepage": "",
        "id": 879,
        "imdb_id": "tt0102057",
        "origin_country": [
            "US"
        ],
        "original_language": "en",
        "original_title": "Hook",
        "overview": "The boy who wasn't supposed to grow up—Peter Pan—does just that, becoming a soulless corporate lawyer whose workaholism could cost him his wife and kids. During his trip to see Granny Wendy in London, the vengeful Capt. Hook kidnaps Peter's kids and forces Peter to return to Neverland.",
        "popularity": 14.2299,
        "poster_path": "/a6rB1lGXoGms7gWxRfJneQmAjNV.jpg",
        "production_companies": [
            {
                "id": 56,
                "logo_path": "/cEaxANEisCqeEoRvODv2dO1I0iI.png",
                "name": "Amblin Entertainment",
                "origin_country": "US"
            },
            {
                "id": 559,
                "logo_path": "/eC0bWHVjnjUducyA6YFoEFqnPMC.png",
                "name": "TriStar Pictures",
                "origin_country": "US"
            }
        ],
        "production_countries": [
            {
                "iso_3166_1": "US",
                "name": "United States of America"
            }
        ],
        "release_date": "1991-04-10",
        "revenue": 300900000,
        "runtime": 141,
        "spoken_languages": [
            {
                "english_name": "English",
                "iso_639_1": "en",
                "name": "English"
            }
        ],
        "status": "Released",
        "tagline": "What if Peter Pan grew up?",
        "title": "Hook",
        "video": false,
        "vote_average": 6.835,
        "vote_count": 5394
    },
    "omdb": {
        "Title": "Hook",
        "Year": "1991",
        "Rated": "PG",
        "Released": "11 Dec 1991",
        "Runtime": "142 min",
        "Genre": "Adventure, Comedy, Family",
        "Director": "Steven Spielberg",
        "Writer": "J.M. Barrie, James V. Hart, Nick Castle",
        "Actors": "Dustin Hoffman, Robin Williams, Julia Roberts",
        "Plot": "When Captain James Hook kidnaps his children, an adult Peter Pan must return to Neverland and reclaim his youthful spirit in order to challenge his old enemy.",
        "Language": "English",
        "Country": "United States",
        "Awards": "Nominated for 5 Oscars. 6 wins & 24 nominations total",
        "Poster": "https://m.media-amazon.com/images/M/MV5BOTU0ZTU3MGUtOTQwNi00N2QzLWFmMDUtZDgxMGJlNGI5NDllXkEyXkFqcGc@._V1_SX300.jpg",
        "Ratings": [
            {
                "Source": "Internet Movie Database",
                "Value": "6.8/10"
            },
            {
                "Source": "Rotten Tomatoes",
                "Value": "29%"
            },
            {
                "Source": "Metacritic",
                "Value": "52/100"
            }
        ],
        "Metascore": "52",
        "imdbRating": "6.8",
        "imdbVotes": "281,972",
        "imdbID": "tt0102057",
        "Type": "movie",
        "DVD": "N/A",
        "BoxOffice": "$119,654,823",
        "Production": "N/A",
        "Website": "N/A",
        "Response": "True"
    }
}