{
    "tmdb": {
        "adult": false,
        "backdrop_path": "/1U9VAeUj2YE6GStU3ISXDuFMBSc.jpg",
        "belongs_to_collection": null,
        "budget": 0,
        "genres": [
            {
                "id": 18,
                "name": "Drama"
            }
        ],
        "homepage": "https://www.magazinedreamsfilm.com/",
        "id": 784524,
        "imdb_id": "tt13652142",
        "origin_country": [
            "US"
        ],
        "original_language": "en",
        "original_title": "Magazine Dreams",
        "overview": "Aspiring bodybuilder Killian Maddox struggles to find human connection in this exploration of celebrity and violence. Nothing deters him from his fiercely protected dream of superstardom, not even the doctors who warn him of the permanent damage he causes to himself with his quest.",
        "popularity": 18.4431,
        "poster_path": "/vSidx9NHKuQIPEQ4yI9b9zkTeh3.jpg",
        "production_companies": [
            {
                "id": 163476,
                "logo_path": null,
                "name": "Tall Street Productions",
                "origin_country": "US"
            },
            {
                "id": 85283,
                "logo_path": "/1RtU5hPGEDDbjNw3KXnTOY2sbZn.png",
                "name": "Los Angeles Media Fund",
                "origin_country": "US"
            },
            {
                "id": 127713,
                "logo_path": null,
                "name": "Jennifer Fox Productions",
                "origin_country": "US"
            }
        ],
        "production_countries": [
            {
                "iso_3166_1": "US",
                "name": "United States of America"
            }
        ],
        "release_date": "2025-03-21",
        "revenue": 1076099,
        "runtime": 124,
        "spoken_languages": [
            {
                "english_name": "English",
                "iso_639_1": "en",
                "name": "English"
            }
        ],
        "status": "Released",
        "tagline": "",
        "title": "Magazine Dreams",
        "video": false,
        "vote_average": 6.286,
        "vote_count": 21
    },
    "omdb": {
        "Title": "Magazine Dreams",
        "Year": "2023",
        "Rated": "N/A",
        "Released": "20 Jan 2023",
        "Runtime": "124 min",
        "Genre": "Drama",
        "Director": "Elijah Bynum",
        "Writer": "Elijah Bynum",
        "Actors": "Jonathan Majors, Harrison Page, Harriet Sansom Harris",
        "Plot": "A Black amateur bodybuilder struggles to find human connection in this exploration of celebrity and violence.",
        "Language": "English",
        "Country": "United States",
        "Awards": "2 wins & 1 nomination",
        "Poster": "https://m.media-amazon.com/images/M/MV5BMDdjMzBkMmUtMTg0Yi00OGMwLWFhY2YtOWIxYTAzNjkwNWU1XkEyXkFqcGdeQXVyMjk1NzAxNg@@._V1_SX300.jpg",
        "Ratings": [
            {
                "Source": "Internet Movie Database",
                "Value": "6.7/10"
            },
            {
                "Source": "Rotten Tomatoes",
                "Value": "79%"
            },
            {
                "Source": "Metacritic",
                "Value": "72/100"
            }
        ],
        "Metascore": "72",
        "imdbRating": "6.7",
        "imdbVotes": "377",
        "imdbID": "tt13652142",
        "Type": "movie",
        "DVD": "N/A",
        "BoxOffice": "N/A",
        "Production": "N/A",
        "Website": "N/A",
        "Response": "True"
    }
}