{
    "tmdb": {
        "adult": false,
        "backdrop_path": "/yaIu82UiD9QZEkKCGrAd8VAmc0V.jpg",
        "belongs_to_collection": null,
        "budget": 175000000,
        "genres": [
            {
                "id": 12,
                "name": "Adventure"
            },
            {
                "id": 28,
                "name": "Action"
            },
            {
                "id": 878,
                "name": "Science Fiction"
            }
        ],
        "homepage": "",
        "id": 9804,
        "imdb_id": "tt0114898",
        "origin_country": [
            "US"
        ],
        "original_language": "en",
        "original_title": "Waterworld",
        "overview": "In a futuristic world where the polar ice caps have melted and made Earth a liquid planet, a beautiful barmaid rescues a mutant seafarer from a floating island prison. They escape, along with her young charge, Enola, and sail off aboard his ship. But the trio soon becomes the target of a menacing pirate who covets the map to 'Dryland'—which is tattooed on Enola's back.",
        "popularity": 14.7436,
        "poster_path": "/pBjf3xzi6kClzWXiKMclMUX7dOP.jpg",
        "production_companies": [
            {
                "id": 1073,
                "logo_path": null,
                "name": "Gordon Company",
                "origin_country": "US"
            },
            {
                "id": 1302,
                "logo_path": "/zC3b70ixHh89qJIikLQPEvLqbPM.png",
                "name": "Davis Entertainment",
                "origin_country": "US"
            },
            {
                "id": 33,
                "logo_path": "/3wwjVpkZtnog6lSKzWDjvw2Yi00.png",
                "name": "Universal Pictures",
                "origin_country": "US"
            },
            {
                "id": 6092,
                "logo_path": null,
                "name": "Licht/Mueller Film Corporation",
                "origin_country": ""
            }
        ],
        "production_countries": [
            {
                "iso_3166_1": "US",
                "name": "United States of America"
            }
        ],
        "release_date": "1995-07-28",
        "revenue": 264218220,
        "runtime": 135,
        "spoken_languages": [
            {
                "english_name": "English",
                "iso_639_1": "en",
                "name": "English"
            }
        ],
        "status": "Released",
        "tagline": "Beyond the horizon lies the secret to a new beginning.",
        "title": "Waterworld",
        "video": false,
        "vote_average": 6.2,
        "vote_count": 3769
    },
    "omdb": {
        "Title": "Waterworld",
        "Year": "1995",
        "Rated": "PG-13",
        "Released": "28 Jul 1995",
        "Runtime": "135 min",
        "Genre": "Action, Adventure, Sci-Fi",
        "Director": "Kevin Reynolds",
        "Writer": "Peter Rader, David Twohy",
        "Actors": "Kevin Costner, Jeanne Tripplehorn, Dennis Hopper",
        "Plot": "In a future where the polar ice-caps have melted and Earth is almost entirely submerged, a mutated mariner fights starvation and outlaw \"smokers,\" and reluctantly helps a woman and a young girl try to find dry land.",
        "Language": "English",
        "Country": "United States",
        "Awards": "Nominated for 1 Oscar. 6 wins & 9 nominations total",
        "Poster": "https://m.media-amazon.com/images/M/MV5BMjI5ZmQ3NTAtNWVhMi00ZmI2LTg3YTMtN2Q1MmNjYzMwZGI1XkEyXkFqcGc@._V1_SX300.jpg",
        "Ratings": [
            {
                "Source": "Internet Movie Database",
                "Value": "6.3/10"
            },
            {
                "Source": "Rotten Tomatoes",
                "Value": "45%"
            },
            {
                "Source": "Metacritic",
                "Value": "56/100"
            }
        ],
        "Metascore": "56",
        "imdbRating": "6.3",
        "imdbVotes": "217,654",
        "imdbID": "tt0114898",
        "Type": "movie",
        "DVD": "N/A",
        "BoxOffice": "$88,246,220",
        "Production": "N/A",
        "Website": "N/A",
        "Response": "True"
    }
}