{
    "tmdb": {
        "adult": false,
        "backdrop_path": "/6WA9stUMbIkEPxn3D5SWlA8FIi7.jpg",
        "belongs_to_collection": {
            "id": 328,
            "name": "Jurassic Park Collection",
            "poster_path": "/qIm2nHXLpBBdMxi8dvfrnDkBUDh.jpg",
            "backdrop_path": "/njFixYzIxX8jsn6KMSEtAzi4avi.jpg"
        },
        "budget": 170000000,
        "genres": [
            {
                "id": 28,
                "name": "Action"
            },
            {
                "id": 12,
                "name": "Adventure"
            },
            {
                "id": 878,
                "name": "Science Fiction"
            },
            {
                "id": 53,
                "name": "Thriller"
            }
        ],
        "homepage": "https://www.uphe.com/movies/jurassic-world-fallen-kingdom",
        "id": 351286,
        "imdb_id": "tt4881806",
        "origin_country": [
            "US"
        ],
        "original_language": "en",
        "original_title": "Jurassic World: Fallen Kingdom",
        "overview": "Three years after Jurassic World was destroyed, Isla Nublar now sits abandoned. When the island's dormant volcano begins roaring to life, Owen and Claire mount a campaign to rescue the remaining dinosaurs from this extinction-level event.",
        "popularity": 42.5181,
        "poster_path": "/270MrJNqJovumHXGE6SSt0zwUIF.jpg",
        "production_companies": [
            {
                "id": 56,
                "logo_path": "/cEaxANEisCqeEoRvODv2dO1I0iI.png",
                "name": "Amblin Entertainment",
                "origin_country": "US"
            },
            {
                "id": 33,
                "logo_path": "/3wwjVpkZtnog6lSKzWDjvw2Yi00.png",
                "name": "Universal Pictures",
                "origin_country": "US"
            }
        ],
        "production_countries": [
            {
                "iso_3166_1": "US",
                "name": "United States of America"
            }
        ],
        "release_date": "2018-06-06",
        "revenue": 1310466296,
        "runtime": 129,
        "spoken_languages": [
            {
                "english_name": "English",
                "iso_639_1": "en",
                "name": "English"
            },
            {
                "english_name": "Russian",
                "iso_639_1": "ru",
                "name": "Pусский"
            }
        ],
        "status": "Released",
        "tagline": "The park is gone.",
        "title": "Jurassic World: Fallen Kingdom",
        "video": false,
        "vote_average": 6.537,
        "vote_count": 12029
    },
    "omdb": {
        "Title": "Jurassic World: Fallen Kingdom",
        "Year": "2018",
        "Rated": "PG-13",
        "Released": "22 Jun 2018",
        "Runtime": "128 min",
        "Genre": "Action, Adventure, Sci-Fi",
        "Director": "J.A. Bayona",
        "Writer": "Derek Connolly, Colin Trevorrow, Michael Crichton",
        "Actors": "Chris Pratt, Bryce Dallas Howard, Rafe Spall",
        "Plot": "When the island's dormant volcano begins roaring to life, Owen and Claire mount a campaign to rescue the remaining dinosaurs from this extinction-level event.",
        "Language": "English, Russian",
        "Country": "United States, China",
        "Awards": "5 wins & 26 nominations total",
        "Poster": "https://m.media-amazon.com/images/M/MV5BNzIxMjYwNDEwN15BMl5BanBnXkFtZTgwMzk5MDI3NTM@._V1_SX300.jpg",
        "Ratings": [
            {
                "Source": "Internet Movie Database",
                "Value": "6.1/10"
            },
            {
                "Source": "Rotten Tomatoes",
                "Value": "47%"
            },
            {
                "Source": "Metacritic",
                "Value": "51/100"
            }
        ],
        "Metascore": "51",
        "imdbRating": "6.1",
        "imdbVotes": "359,089",
        "imdbID": "tt4881806",
        "Type": "movie",
        "DVD": "N/A",
        "BoxOffice": "$417,719,760",
        "Production": "N/A",
        "Website": "N/A",
        "Response": "True"
    }
}