{
    "tmdb": {
        "adult": false,
        "backdrop_path": "/5fxTB08O7CW1hAcN2MWOKodp1h1.jpg",
        "belongs_to_collection": null,
        "budget": 78000000,
        "genres": [
            {
                "id": 18,
                "name": "Drama"
            },
            {
                "id": 35,
                "name": "Comedy"
            }
        ],
        "homepage": "https://www.paramountmovies.com/movies/babylon",
        "id": 615777,
        "imdb_id": "tt10640346",
        "origin_country": [
            "US"
        ],
        "original_language": "en",
        "original_title": "Babylon",
        "overview": "A tale of outsized ambition and outrageous excess, tracing the rise and fall of multiple characters in an era of unbridled decadence and depravity during Hollywood's transition from silent films to sound films in the late 1920s.",
        "popularity": 23.2396,
        "poster_path": "/wjOHjWCUE0YzDiEzKv8AfqHj3ir.jpg",
        "production_companies": [
            {
                "id": 4,
                "logo_path": "/gz66EfNoYPqHTYI4q9UEN4CbHRc.png",
                "name": "Paramount Pictures",
                "origin_country": "US"
            },
            {
                "id": 2527,
                "logo_path": "/osO7TGmlRMistSQ5JZusPhbKUHk.png",
                "name": "Marc Platt Productions",
                "origin_country": "US"
            },
            {
                "id": 184518,
                "logo_path": "/lOouI8ibBzhLI4qvku74FPUVT8t.png",
                "name": "C2 Motion Picture Group",
                "origin_country": "US"
            },
            {
                "id": 187221,
                "logo_path": null,
                "name": "Organism Pictures",
                "origin_country": "US"
            },
            {
                "id": 224269,
                "logo_path": null,
                "name": "Wild Chickens Productions",
                "origin_country": "US"
            }
        ],
        "production_countries": [
            {
                "iso_3166_1": "US",
                "name": "United States of America"
            }
        ],
        "release_date": "2022-12-22",
        "revenue": 65267446,
        "runtime": 189,
        "spoken_languages": [
            {
                "english_name": "Cantonese",
                "iso_639_1": "cn",
                "name": "广州话 / 廣州話"
            },
            {
                "english_name": "English",
                "iso_639_1": "en",
                "name": "English"
            },
            {
                "english_name": "German",
                "iso_639_1": "de",
                "name": "Deutsch"
            },
            {
                "english_name": "Italian",
                "iso_639_1": "it",
                "name": "Italiano"
            },
            {
                "english_name": "Spanish",
                "iso_639_1": "es",
                "name": "Español"
            }
        ],
        "status": "Released",
        "tagline": "Always make a scene.",
        "title": "Babylon",
        "video": false,
        "vote_average": 7.375,
        "vote_count": 3329
    },
    "omdb": {
        "Title": "Babylon",
        "Year": "2022",
        "Rated": "R",
        "Released": "23 Dec 2022",
        "Runtime": "189 min",
        "Genre": "Comedy, Drama, History",
        "Director": "Damien Chazelle",
        "Writer": "Damien Chazelle",
        "Actors": "Brad Pitt, Margot Robbie, Jean Smart",
        "Plot": "A tale of outsized ambition and outrageous excess, it traces the rise and fall of multiple characters during an era of unbridled decadence and depravity in early Hollywood.",
        "Language": "English, Spanish, Italian, Cantonese, French, Hungarian",
        "Country": "United States",
        "Awards": "Nominated for 3 Oscars. 46 wins & 161 nominations total",
        "Poster": "https://m.media-amazon.com/images/M/MV5BNGY3M2NkN2QtZTdhOS00YTNjLTgyYmMtMGY3Y2U0OTk2NjA0XkEyXkFqcGc@._V1_SX300.jpg",
        "Ratings": [
            {
                "Source": "Internet Movie Database",
                "Value": "7.1/10"
            },
            {
                "Source": "Rotten Tomatoes",
                "Value": "57%"
            },
            {
                "Source": "Metacritic",
                "Value": "61/100"
            }
        ],
        "Metascore": "61",
        "imdbRating": "7.1",
        "imdbVotes": "188,590",
        "imdbID": "tt10640346",
        "Type": "movie",
        "DVD": "N/A",
        "BoxOffice": "$15,351,455",
        "Production": "N/A",
        "Website": "N/A",
        "Response": "True"
    }
}