{
    "tmdb": {
        "adult": false,
        "backdrop_path": "/au3o84ub27qTZiMiEc9UYzN74V3.jpg",
        "belongs_to_collection": null,
        "budget": 18000000,
        "genres": [
            {
                "id": 28,
                "name": "Action"
            },
            {
                "id": 878,
                "name": "Science Fiction"
            },
            {
                "id": 53,
                "name": "Thriller"
            }
        ],
        "homepage": "https://www.elevationmovie.com",
        "id": 1035048,
        "imdb_id": "tt23558280",
        "origin_country": [
            "US"
        ],
        "original_language": "en",
        "original_title": "Elevation",
        "overview": "A single father and two women venture from the safety of their homes to face monstrous creatures to save the life of a young boy.",
        "popularity": 30.1349,
        "poster_path": "/tnfc0NJ3BzhJrGJhkkEd6MHBdq5.jpg",
        "production_companies": [
            {
                "id": 180839,
                "logo_path": "/v2A9SsZdaWpmZdXPf3I7Ajxn1Pc.png",
                "name": "Lyrical Media",
                "origin_country": "US"
            },
            {
                "id": 165538,
                "logo_path": null,
                "name": "Fuller Media",
                "origin_country": "US"
            },
            {
                "id": 146553,
                "logo_path": null,
                "name": "Inspire Entertainment",
                "origin_country": "US"
            },
            {
                "id": 242398,
                "logo_path": null,
                "name": "Grinder Monkey",
                "origin_country": ""
            },
            {
                "id": 242399,
                "logo_path": null,
                "name": "John Glenn Entertainment",
                "origin_country": ""
            }
        ],
        "production_countries": [
            {
                "iso_3166_1": "US",
                "name": "United States of America"
            }
        ],
        "release_date": "2024-11-07",
        "revenue": 3300000,
        "runtime": 91,
        "spoken_languages": [
            {
                "english_name": "English",
                "iso_639_1": "en",
                "name": "English"
            }
        ],
        "status": "Released",
        "tagline": "Don't go down without a fight.",
        "title": "Elevation",
        "video": false,
        "vote_average": 6.5,
        "vote_count": 692
    },
    "omdb": {
        "Title": "Elevation",
        "Year": "2024",
        "Rated": "R",
        "Released": "26 Nov 2024",
        "Runtime": "91 min",
        "Genre": "Action, Sci-Fi, Thriller",
        "Director": "George Nolfi",
        "Writer": "John Glenn, Jacob Roman, Kenny Ryan",
        "Actors": "Anthony Mackie, Morena Baccarin, Maddie Hasson",
        "Plot": "A single father and two women venture from the safety of their homes to face monstrous creatures to save the life of a young boy.",
        "Language": "English",
        "Country": "United States",
        "Awards": "N/A",
        "Poster": "https://m.media-amazon.com/images/M/MV5BY2NiNDM0NWYtNzQxNi00NmY1LTg1YmYtMDE5ZmQzMGJlMGQzXkEyXkFqcGc@._V1_SX300.jpg",
        "Ratings": [
            {
                "Source": "Internet Movie Database",
                "Value": "5.6/10"
            },
            {
                "Source": "Rotten Tomatoes",
                "Value": "55%"
            },
            {
                "Source": "Metacritic",
                "Value": "50/100"
            }
        ],
        "Metascore": "50",
        "imdbRating": "5.6",
        "imdbVotes": "18,943",
        "imdbID": "tt23558280",
        "Type": "movie",
        "DVD": "N/A",
        "BoxOffice": "$2,321,801",
        "Production": "N/A",
        "Website": "N/A",
        "Response": "True"
    }
}