{
    "tmdb": {
        "adult": false,
        "backdrop_path": "/rcEDPOOOUTLFxLLQJggfLffbofe.jpg",
        "belongs_to_collection": null,
        "budget": 0,
        "genres": [
            {
                "id": 16,
                "name": "Animation"
            },
            {
                "id": 28,
                "name": "Action"
            },
            {
                "id": 14,
                "name": "Fantasy"
            }
        ],
        "homepage": "",
        "id": 810693,
        "imdb_id": "tt14331144",
        "origin_country": [
            "JP"
        ],
        "original_language": "ja",
        "original_title": "劇場版 呪術廻戦 0",
        "overview": "Yuta Okkotsu is a nervous high school student who is suffering from a serious problem—his childhood friend Rika has turned into a curse and won't leave him alone. Since Rika is no ordinary curse, his plight is noticed by Satoru Gojo, a teacher at Jujutsu High, a school where fledgling exorcists learn how to combat curses. Gojo convinces Yuta to enroll, but can he learn enough in time to confront the curse that haunts him?",
        "popularity": 19.4349,
        "poster_path": "/23oJaeBh0FDk2mQ2P240PU9Xxfh.jpg",
        "production_companies": [
            {
                "id": 21444,
                "logo_path": "/wSejGn3lAZdQ5muByxvzigwyDY6.png",
                "name": "MAPPA",
                "origin_country": "JP"
            },
            {
                "id": 2918,
                "logo_path": "/gyEWUBWwqrm3H5T2hkERD9LxpOq.png",
                "name": "Shueisha",
                "origin_country": "JP"
            },
            {
                "id": 158200,
                "logo_path": "/rf4ZArxPuqx5hdeU7rPIU8IQlYx.png",
                "name": "Sumzap",
                "origin_country": "JP"
            },
            {
                "id": 3363,
                "logo_path": "/sj3vD7n63bTCih7bcf6GnWvRf1Q.png",
                "name": "MBS",
                "origin_country": "JP"
            },
            {
                "id": 882,
                "logo_path": "/fRSWWjquvzcHjACbtF53utZFIll.png",
                "name": "TOHO",
                "origin_country": "JP"
            }
        ],
        "production_countries": [
            {
                "iso_3166_1": "JP",
                "name": "Japan"
            }
        ],
        "release_date": "2021-12-24",
        "revenue": 195870885,
        "runtime": 105,
        "spoken_languages": [
            {
                "english_name": "Japanese",
                "iso_639_1": "ja",
                "name": "日本語"
            }
        ],
        "status": "Released",
        "tagline": "Love is a twisted curse.",
        "title": "Jujutsu Kaisen 0",
        "video": false,
        "vote_average": 8.133,
        "vote_count": 1483
    },
    "omdb": {
        "Title": "Jujutsu Kaisen 0",
        "Year": "2021",
        "Rated": "PG-13",
        "Released": "18 Mar 2022",
        "Runtime": "112 min",
        "Genre": "Animation, Action, Fantasy",
        "Director": "Sunghoo Park",
        "Writer": "Gege Akutami, Hiroshi Seko",
        "Actors": "Megumi Ogata, Kana Hanazawa, Yûichi Nakamura",
        "Plot": "The prequel to Jujutsu Kaisen (2020), where a high schooler gains control of an extremely powerful cursed spirit and gets enrolled in the Tokyo Prefectural Jujutsu High School by Jujutsu Sorcerers.",
        "Language": "Japanese",
        "Country": "Japan",
        "Awards": "1 win & 2 nominations total",
        "Poster": "https://m.media-amazon.com/images/M/MV5BMzNhZTdmNDYtNTA0NC00MmNmLWIzYjUtNjg5NzNlYWQ0N2E5XkEyXkFqcGc@._V1_SX300.jpg",
        "Ratings": [
            {
                "Source": "Internet Movie Database",
                "Value": "7.8/10"
            },
            {
                "Source": "Rotten Tomatoes",
                "Value": "98%"
            },
            {
                "Source": "Metacritic",
                "Value": "71/100"
            }
        ],
        "Metascore": "71",
        "imdbRating": "7.8",
        "imdbVotes": "48,111",
        "imdbID": "tt14331144",
        "Type": "movie",
        "DVD": "N/A",
        "BoxOffice": "$34,542,754",
        "Production": "N/A",
        "Website": "N/A",
        "Response": "True"
    }
}