{
    "tmdb": {
        "adult": false,
        "backdrop_path": "/2Y7nbXrDtHwAfcTX7KBN0z40OAy.jpg",
        "belongs_to_collection": {
            "id": 84,
            "name": "Indiana Jones Collection",
            "poster_path": "/yJgGZ8YtSIUuTIwYBCs1TjcVrg4.jpg",
            "backdrop_path": "/6kh59mZizZsttZPR0HAdXk6Ve2n.jpg"
        },
        "budget": 48000000,
        "genres": [
            {
                "id": 12,
                "name": "Adventure"
            },
            {
                "id": 28,
                "name": "Action"
            }
        ],
        "homepage": "http://www.indianajones.com/crusade",
        "id": 89,
        "imdb_id": "tt0097576",
        "origin_country": [
            "US"
        ],
        "original_language": "en",
        "original_title": "Indiana Jones and the Last Crusade",
        "overview": "In 1938, an art collector appeals to eminent archaeologist Dr. Indiana Jones to embark on a search for the Holy Grail. Indy learns that a medieval historian has vanished while searching for it, and the missing man is his own father, Dr. Henry Jones Sr.. He sets out to rescue his father by following clues in the old man's notebook, which his father had mailed to him before he went missing. Indy arrives in Venice, where he enlists the help of a beautiful academic, Dr. Elsa Schneider, along with Marcus Brody and Sallah. Together they must stop the Nazis from recovering the power of eternal life and taking over the world!",
        "popularity": 18.8171,
        "poster_path": "/sizg1AU8f8JDZX4QIgE4pjUMBvx.jpg",
        "production_companies": [
            {
                "id": 4,
                "logo_path": "/gz66EfNoYPqHTYI4q9UEN4CbHRc.png",
                "name": "Paramount Pictures",
                "origin_country": "US"
            },
            {
                "id": 1,
                "logo_path": "/tlVSws0RvvtPBwViUyOFAO0vcQS.png",
                "name": "Lucasfilm Ltd.",
                "origin_country": "US"
            }
        ],
        "production_countries": [
            {
                "iso_3166_1": "US",
                "name": "United States of America"
            }
        ],
        "release_date": "1989-05-24",
        "revenue": 474171806,
        "runtime": 127,
        "spoken_languages": [
            {
                "english_name": "Arabic",
                "iso_639_1": "ar",
                "name": "العربية"
            },
            {
                "english_name": "English",
                "iso_639_1": "en",
                "name": "English"
            },
            {
                "english_name": "German",
                "iso_639_1": "de",
                "name": "Deutsch"
            },
            {
                "english_name": "Greek",
                "iso_639_1": "el",
                "name": "ελληνικά"
            }
        ],
        "status": "Released",
        "tagline": "Have the adventure of your life keeping up with the Joneses.",
        "title": "Indiana Jones and the Last Crusade",
        "video": false,
        "vote_average": 7.847,
        "vote_count": 10394
    },
    "omdb": {
        "Title": "Indiana Jones and the Last Crusade",
        "Year": "1989",
        "Rated": "PG-13",
        "Released": "24 May 1989",
        "Runtime": "127 min",
        "Genre": "Action, Adventure",
        "Director": "Steven Spielberg",
        "Writer": "Jeffrey Boam, George Lucas, Menno Meyjes",
        "Actors": "Harrison Ford, Sean Connery, Alison Doody",
        "Plot": "In 1938, after his father goes missing while pursuing the Holy Grail, Indiana Jones finds himself up against the Nazis again to stop them from obtaining its powers.",
        "Language": "English, German, Greek, Latin, Italian",
        "Country": "United States",
        "Awards": "Won 1 Oscar. 9 wins & 24 nominations total",
        "Poster": "https://m.media-amazon.com/images/M/MV5BNGIxNzQ0YzYtMjNmYi00YjBlLWFjNzEtNGE3ZGFmYTczM2MwXkEyXkFqcGc@._V1_SX300.jpg",
        "Ratings": [
            {
                "Source": "Internet Movie Database",
                "Value": "8.2/10"
            },
            {
                "Source": "Rotten Tomatoes",
                "Value": "84%"
            },
            {
                "Source": "Metacritic",
                "Value": "65/100"
            }
        ],
        "Metascore": "65",
        "imdbRating": "8.2",
        "imdbVotes": "834,122",
        "imdbID": "tt0097576",
        "Type": "movie",
        "DVD": "N/A",
        "BoxOffice": "$197,171,806",
        "Production": "N/A",
        "Website": "N/A",
        "Response": "True"
    }
}