{
    "tmdb": {
        "adult": false,
        "backdrop_path": "/mkXwF7FFWpf2dkOGCzQoeWX7M6R.jpg",
        "belongs_to_collection": null,
        "budget": 25000000,
        "genres": [
            {
                "id": 80,
                "name": "Crime"
            },
            {
                "id": 18,
                "name": "Drama"
            },
            {
                "id": 53,
                "name": "Thriller"
            }
        ],
        "homepage": "",
        "id": 6977,
        "imdb_id": "tt0477348",
        "origin_country": [
            "US"
        ],
        "original_language": "en",
        "original_title": "No Country for Old Men",
        "overview": "Llewelyn Moss stumbles upon dead bodies, $2 million and a hoard of heroin in a Texas desert, but methodical killer Anton Chigurh comes looking for it, with local sheriff Ed Tom Bell hot on his trail. The roles of prey and predator blur as the violent pursuit of money and justice collide.",
        "popularity": 18.6422,
        "poster_path": "/bj1v6YKF8yHqA489VFfnQvOJpnc.jpg",
        "production_companies": [
            {
                "id": 14,
                "logo_path": "/m6AHu84oZQxvq7n1rsvMNJIAsMu.png",
                "name": "Miramax",
                "origin_country": "US"
            },
            {
                "id": 838,
                "logo_path": "/tcW3UqV46Mdq6GyaS1ydEDocEDF.png",
                "name": "Paramount Vantage",
                "origin_country": "US"
            },
            {
                "id": 258,
                "logo_path": "/tMI4xPwgxfNaNId3h9dOcHGU1NI.png",
                "name": "Scott Rudin Productions",
                "origin_country": "US"
            },
            {
                "id": 2092,
                "logo_path": "/9IAf3DxvsjOVSQVjX5F22jTU4Nh.png",
                "name": "Mike Zoss Productions",
                "origin_country": "US"
            }
        ],
        "production_countries": [
            {
                "iso_3166_1": "US",
                "name": "United States of America"
            }
        ],
        "release_date": "2007-06-13",
        "revenue": 171627166,
        "runtime": 122,
        "spoken_languages": [
            {
                "english_name": "English",
                "iso_639_1": "en",
                "name": "English"
            },
            {
                "english_name": "Spanish",
                "iso_639_1": "es",
                "name": "Español"
            }
        ],
        "status": "Released",
        "tagline": "You can't stop what's coming.",
        "title": "No Country for Old Men",
        "video": false,
        "vote_average": 7.944,
        "vote_count": 12336
    },
    "omdb": {
        "Title": "No Country for Old Men",
        "Year": "2007",
        "Rated": "R",
        "Released": "21 Nov 2007",
        "Runtime": "122 min",
        "Genre": "Crime, Drama, Thriller",
        "Director": "Ethan Coen, Joel Coen",
        "Writer": "Joel Coen, Ethan Coen, Cormac McCarthy",
        "Actors": "Tommy Lee Jones, Javier Bardem, Josh Brolin",
        "Plot": "Violence and mayhem ensue after a hunter stumbles upon the aftermath of a drug deal gone wrong and over two million dollars in cash near the Rio Grande.",
        "Language": "English, Spanish",
        "Country": "United States",
        "Awards": "Won 4 Oscars. 165 wins & 139 nominations total",
        "Poster": "https://m.media-amazon.com/images/M/MV5BMjA5Njk3MjM4OV5BMl5BanBnXkFtZTcwMTc5MTE1MQ@@._V1_SX300.jpg",
        "Ratings": [
            {
                "Source": "Internet Movie Database",
                "Value": "8.2/10"
            },
            {
                "Source": "Rotten Tomatoes",
                "Value": "93%"
            },
            {
                "Source": "Metacritic",
                "Value": "92/100"
            }
        ],
        "Metascore": "92",
        "imdbRating": "8.2",
        "imdbVotes": "1,112,499",
        "imdbID": "tt0477348",
        "Type": "movie",
        "DVD": "N/A",
        "BoxOffice": "$74,283,625",
        "Production": "N/A",
        "Website": "N/A",
        "Response": "True"
    }
}