{
    "tmdb": {
        "adult": false,
        "backdrop_path": "/hNA73rnG4PjSwgojaC2gbO1f8Rt.jpg",
        "belongs_to_collection": null,
        "budget": 118000000,
        "genres": [
            {
                "id": 878,
                "name": "Science Fiction"
            },
            {
                "id": 35,
                "name": "Comedy"
            },
            {
                "id": 12,
                "name": "Adventure"
            }
        ],
        "homepage": "https://www.mickey17movie.com",
        "id": 696506,
        "imdb_id": "tt12299608",
        "origin_country": [
            "GB",
            "US"
        ],
        "original_language": "en",
        "original_title": "Mickey 17",
        "overview": "Unlikely hero Mickey Barnes finds himself in the extraordinary circumstance of working for an employer who demands the ultimate commitment to the job… to die, for a living.",
        "popularity": 87.9977,
        "poster_path": "/edKpE9B5qN3e559OuMCLZdW1iBZ.jpg",
        "production_companies": [
            {
                "id": 174,
                "logo_path": "/zhD3hhtKB5qyv7ZeL4uLpNxgMVU.png",
                "name": "Warner Bros. Pictures",
                "origin_country": "US"
            },
            {
                "id": 81,
                "logo_path": "/8wOfUhA7vwU2gbPjQy7Vv3EiF0o.png",
                "name": "Plan B Entertainment",
                "origin_country": "US"
            },
            {
                "id": 168228,
                "logo_path": null,
                "name": "Offscreen",
                "origin_country": "GB"
            },
            {
                "id": 81024,
                "logo_path": null,
                "name": "Kate Street Picture Company",
                "origin_country": "US"
            },
            {
                "id": 216687,
                "logo_path": "/kKVYqekveOvLK1IgqdJojLjQvtu.png",
                "name": "Domain Entertainment",
                "origin_country": "US"
            }
        ],
        "production_countries": [
            {
                "iso_3166_1": "US",
                "name": "United States of America"
            },
            {
                "iso_3166_1": "GB",
                "name": "United Kingdom"
            }
        ],
        "release_date": "2025-02-28",
        "revenue": 127337252,
        "runtime": 137,
        "spoken_languages": [
            {
                "english_name": "English",
                "iso_639_1": "en",
                "name": "English"
            }
        ],
        "status": "Released",
        "tagline": "He's dying to save mankind.",
        "title": "Mickey 17",
        "video": false,
        "vote_average": 6.914,
        "vote_count": 1776
    },
    "omdb": {
        "Title": "Mickey 17",
        "Year": "2025",
        "Rated": "R",
        "Released": "07 Mar 2025",
        "Runtime": "137 min",
        "Genre": "Adventure, Comedy, Fantasy",
        "Director": "Bong Joon Ho",
        "Writer": "Bong Joon Ho, Edward Ashton",
        "Actors": "Robert Pattinson, Steven Yeun, Michael Monroe",
        "Plot": "During a human expedition to colonize space, Mickey 17, a so-called \"expendable\" employee, is sent to explore an ice planet.",
        "Language": "English",
        "Country": "United States, South Korea",
        "Awards": "N/A",
        "Poster": "https://m.media-amazon.com/images/M/MV5BZGQwYmEzMzktYzBmMy00NmVmLTkyYTUtOTYyZjliZDNhZGVkXkEyXkFqcGc@._V1_SX300.jpg",
        "Ratings": [
            {
                "Source": "Internet Movie Database",
                "Value": "6.9/10"
            },
            {
                "Source": "Rotten Tomatoes",
                "Value": "78%"
            },
            {
                "Source": "Metacritic",
                "Value": "72/100"
            }
        ],
        "Metascore": "72",
        "imdbRating": "6.9",
        "imdbVotes": "86,183",
        "imdbID": "tt12299608",
        "Type": "movie",
        "DVD": "N/A",
        "BoxOffice": "$45,537,252",
        "Production": "N/A",
        "Website": "N/A",
        "Response": "True"
    }
}