{
    "tmdb": {
        "adult": false,
        "backdrop_path": "/Ar7QuJ7sJEiC0oP3I8fKBKIQD9u.jpg",
        "belongs_to_collection": {
            "id": 1069584,
            "name": "Gladiator Collection",
            "poster_path": "/bk6nx2rGNdlKtBsB9XcrclVKItv.jpg",
            "backdrop_path": "/1VdLvSIeHuwqCT13H9EafxCacGB.jpg"
        },
        "budget": 103000000,
        "genres": [
            {
                "id": 28,
                "name": "Action"
            },
            {
                "id": 18,
                "name": "Drama"
            },
            {
                "id": 12,
                "name": "Adventure"
            }
        ],
        "homepage": "",
        "id": 98,
        "imdb_id": "tt0172495",
        "origin_country": [
            "US"
        ],
        "original_language": "en",
        "original_title": "Gladiator",
        "overview": "After the death of Emperor Marcus Aurelius, his devious son takes power and demotes Maximus, one of Rome's most capable generals who Marcus preferred. Eventually, Maximus is forced to become a gladiator and battle to the death against other men for the amusement of paying audiences.",
        "popularity": 36.2164,
        "poster_path": "/ty8TGRuvJLPUmAR1H1nRIsgwvim.jpg",
        "production_companies": [
            {
                "id": 33,
                "logo_path": "/3wwjVpkZtnog6lSKzWDjvw2Yi00.png",
                "name": "Universal Pictures",
                "origin_country": "US"
            },
            {
                "id": 1645,
                "logo_path": "/6Ry6uNBaa0IbbSs1XYIgX5DkA9r.png",
                "name": "Scott Free Productions",
                "origin_country": "GB"
            },
            {
                "id": 14440,
                "logo_path": "/gk9zllyMFnaVBWTdZpm7VcfQrHC.png",
                "name": "Red Wagon Entertainment",
                "origin_country": "US"
            },
            {
                "id": 21904,
                "logo_path": null,
                "name": "Mill Film",
                "origin_country": "GB"
            },
            {
                "id": 7,
                "logo_path": "/vru2SssLX3FPhnKZGtYw00pVIS9.png",
                "name": "DreamWorks Pictures",
                "origin_country": "US"
            }
        ],
        "production_countries": [
            {
                "iso_3166_1": "GB",
                "name": "United Kingdom"
            },
            {
                "iso_3166_1": "US",
                "name": "United States of America"
            }
        ],
        "release_date": "2000-05-04",
        "revenue": 465361176,
        "runtime": 155,
        "spoken_languages": [
            {
                "english_name": "English",
                "iso_639_1": "en",
                "name": "English"
            }
        ],
        "status": "Released",
        "tagline": "What we do in life echoes in eternity.",
        "title": "Gladiator",
        "video": false,
        "vote_average": 8.219,
        "vote_count": 19623
    },
    "omdb": {
        "Title": "Gladiator",
        "Year": "2000",
        "Rated": "R",
        "Released": "05 May 2000",
        "Runtime": "155 min",
        "Genre": "Action, Adventure, Drama",
        "Director": "Ridley Scott",
        "Writer": "David Franzoni, John Logan, William Nicholson",
        "Actors": "Russell Crowe, Joaquin Phoenix, Connie Nielsen",
        "Plot": "A former Roman General sets out to exact vengeance against the corrupt emperor who murdered his family and sent him into slavery.",
        "Language": "English",
        "Country": "United States, United Kingdom, Malta, Morocco",
        "Awards": "Won 5 Oscars. 60 wins & 104 nominations total",
        "Poster": "https://m.media-amazon.com/images/M/MV5BYWQ4YmNjYjEtOWE1Zi00Y2U4LWI4NTAtMTU0MjkxNWQ1ZmJiXkEyXkFqcGc@._V1_SX300.jpg",
        "Ratings": [
            {
                "Source": "Internet Movie Database",
                "Value": "8.5/10"
            },
            {
                "Source": "Rotten Tomatoes",
                "Value": "80%"
            },
            {
                "Source": "Metacritic",
                "Value": "67/100"
            }
        ],
        "Metascore": "67",
        "imdbRating": "8.5",
        "imdbVotes": "1,728,425",
        "imdbID": "tt0172495",
        "Type": "movie",
        "DVD": "N/A",
        "BoxOffice": "$187,705,427",
        "Production": "N/A",
        "Website": "N/A",
        "Response": "True"
    }
}