{
    "tmdb": {
        "adult": false,
        "backdrop_path": "/ghgfzbEV7kbpbi1O8eIILKVXEA8.jpg",
        "belongs_to_collection": null,
        "budget": 55000000,
        "genres": [
            {
                "id": 35,
                "name": "Comedy"
            },
            {
                "id": 18,
                "name": "Drama"
            },
            {
                "id": 10749,
                "name": "Romance"
            }
        ],
        "homepage": "https://www.paramountmovies.com/movies/forrest-gump",
        "id": 13,
        "imdb_id": "tt0109830",
        "origin_country": [
            "US"
        ],
        "original_language": "en",
        "original_title": "Forrest Gump",
        "overview": "A man with a low IQ has accomplished great things in his life and been present during significant historic events—in each case, far exceeding what anyone imagined he could do. But despite all he has achieved, his one true love eludes him.",
        "popularity": 23.2782,
        "poster_path": "/arw2vcBveWOVZr6pxd9XTd1TdQa.jpg",
        "production_companies": [
            {
                "id": 4,
                "logo_path": "/gz66EfNoYPqHTYI4q9UEN4CbHRc.png",
                "name": "Paramount Pictures",
                "origin_country": "US"
            },
            {
                "id": 21920,
                "logo_path": null,
                "name": "The Steve Tisch Company",
                "origin_country": "US"
            },
            {
                "id": 412,
                "logo_path": null,
                "name": "Wendy Finerman Productions",
                "origin_country": ""
            }
        ],
        "production_countries": [
            {
                "iso_3166_1": "US",
                "name": "United States of America"
            }
        ],
        "release_date": "1994-06-23",
        "revenue": 677387716,
        "runtime": 142,
        "spoken_languages": [
            {
                "english_name": "English",
                "iso_639_1": "en",
                "name": "English"
            }
        ],
        "status": "Released",
        "tagline": "The world will never be the same once you've seen it through the eyes of Forrest Gump.",
        "title": "Forrest Gump",
        "video": false,
        "vote_average": 8.468,
        "vote_count": 28150
    },
    "omdb": {
        "Title": "Forrest Gump",
        "Year": "1994",
        "Rated": "PG-13",
        "Released": "06 Jul 1994",
        "Runtime": "142 min",
        "Genre": "Drama, Romance",
        "Director": "Robert Zemeckis",
        "Writer": "Winston Groom, Eric Roth",
        "Actors": "Tom Hanks, Robin Wright, Gary Sinise",
        "Plot": "The history of the United States from the 1950s to the '70s unfolds from the perspective of an Alabama man with an IQ of 75, who yearns to be reunited with his childhood sweetheart.",
        "Language": "English",
        "Country": "United States",
        "Awards": "Won 6 Oscars. 51 wins & 74 nominations total",
        "Poster": "https://m.media-amazon.com/images/M/MV5BNDYwNzVjMTItZmU5YS00YjQ5LTljYjgtMjY2NDVmYWMyNWFmXkEyXkFqcGc@._V1_SX300.jpg",
        "Ratings": [
            {
                "Source": "Internet Movie Database",
                "Value": "8.8/10"
            },
            {
                "Source": "Rotten Tomatoes",
                "Value": "75%"
            },
            {
                "Source": "Metacritic",
                "Value": "82/100"
            }
        ],
        "Metascore": "82",
        "imdbRating": "8.8",
        "imdbVotes": "2,368,927",
        "imdbID": "tt0109830",
        "Type": "movie",
        "DVD": "N/A",
        "BoxOffice": "$330,455,270",
        "Production": "N/A",
        "Website": "N/A",
        "Response": "True"
    }
}