{
    "tmdb": {
        "adult": false,
        "backdrop_path": "/x2RS3uTcsJJ9IfjNPcgDmukoEcQ.jpg",
        "belongs_to_collection": {
            "id": 119,
            "name": "The Lord of the Rings Collection",
            "poster_path": "/oENY593nKRVL2PnxXsMtlh8izb4.jpg",
            "backdrop_path": "/bccR2CGTWVVSZAG0yqmy3DIvhTX.jpg"
        },
        "budget": 93000000,
        "genres": [
            {
                "id": 12,
                "name": "Adventure"
            },
            {
                "id": 14,
                "name": "Fantasy"
            },
            {
                "id": 28,
                "name": "Action"
            }
        ],
        "homepage": "http://www.lordoftherings.net/",
        "id": 120,
        "imdb_id": "tt0120737",
        "origin_country": [
            "US"
        ],
        "original_language": "en",
        "original_title": "The Lord of the Rings: The Fellowship of the Ring",
        "overview": "Young hobbit Frodo Baggins, after inheriting a mysterious ring from his uncle Bilbo, must leave his home in order to keep it from falling into the hands of its evil creator. Along the way, a fellowship is formed to protect the ringbearer and make sure that the ring arrives at its final destination: Mt. Doom, the only place where it can be destroyed.",
        "popularity": 26.0158,
        "poster_path": "/6oom5QYQ2yQTMJIbnvbkBL9cHo6.jpg",
        "production_companies": [
            {
                "id": 12,
                "logo_path": "/2ycs64eqV5rqKYHyQK0GVoKGvfX.png",
                "name": "New Line Cinema",
                "origin_country": "US"
            },
            {
                "id": 11,
                "logo_path": "/6FAuASQHybRkZUk08p9PzSs9ezM.png",
                "name": "WingNut Films",
                "origin_country": "NZ"
            },
            {
                "id": 5237,
                "logo_path": "/mlnr7vsBHvLye8oEb5A76C0t8x9.png",
                "name": "The Saul Zaentz Company",
                "origin_country": "US"
            }
        ],
        "production_countries": [
            {
                "iso_3166_1": "NZ",
                "name": "New Zealand"
            },
            {
                "iso_3166_1": "US",
                "name": "United States of America"
            }
        ],
        "release_date": "2001-12-18",
        "revenue": 871368364,
        "runtime": 179,
        "spoken_languages": [
            {
                "english_name": "English",
                "iso_639_1": "en",
                "name": "English"
            }
        ],
        "status": "Released",
        "tagline": "One ring to rule them all.",
        "title": "The Lord of the Rings: The Fellowship of the Ring",
        "video": false,
        "vote_average": 8.42,
        "vote_count": 25917
    },
    "omdb": {
        "Title": "The Lord of the Rings: The Fellowship of the Ring",
        "Year": "2001",
        "Rated": "PG-13",
        "Released": "19 Dec 2001",
        "Runtime": "178 min",
        "Genre": "Adventure, Drama, Fantasy",
        "Director": "Peter Jackson",
        "Writer": "J.R.R. Tolkien, Fran Walsh, Philippa Boyens",
        "Actors": "Elijah Wood, Ian McKellen, Orlando Bloom",
        "Plot": "A meek Hobbit from the Shire and eight companions set out on a journey to destroy the powerful One Ring and save Middle-earth from the Dark Lord Sauron.",
        "Language": "English, Sindarin",
        "Country": "New Zealand, United States, United Kingdom",
        "Awards": "Won 4 Oscars. 125 wins & 126 nominations total",
        "Poster": "https://m.media-amazon.com/images/M/MV5BNzIxMDQ2YTctNDY4MC00ZTRhLTk4ODQtMTVlOWY4NTdiYmMwXkEyXkFqcGc@._V1_SX300.jpg",
        "Ratings": [
            {
                "Source": "Internet Movie Database",
                "Value": "8.9/10"
            },
            {
                "Source": "Rotten Tomatoes",
                "Value": "92%"
            },
            {
                "Source": "Metacritic",
                "Value": "92/100"
            }
        ],
        "Metascore": "92",
        "imdbRating": "8.9",
        "imdbVotes": "2,091,490",
        "imdbID": "tt0120737",
        "Type": "movie",
        "DVD": "N/A",
        "BoxOffice": "$319,372,078",
        "Production": "N/A",
        "Website": "N/A",
        "Response": "True"
    }
}