{
    "tmdb": {
        "adult": false,
        "backdrop_path": "/2OKBeiYlEBwWs8LUaZbYl7ZPJZE.jpg",
        "belongs_to_collection": null,
        "budget": 0,
        "genres": [
            {
                "id": 80,
                "name": "Crime"
            },
            {
                "id": 53,
                "name": "Thriller"
            }
        ],
        "homepage": "",
        "id": 1208983,
        "imdb_id": "tt1714918",
        "origin_country": [
            "US"
        ],
        "original_language": "en",
        "original_title": "Neighborhood Watch",
        "overview": "When a mentally ill young man thinks he witnesses an abduction and the police refuse to believe him, he reluctantly turns to his next door neighbor – a bitter, retired security guard – to help him find the missing woman.",
        "popularity": 24.9141,
        "poster_path": "/dtSYJ20Qy1yLM9KTnv2SUEfxekO.jpg",
        "production_companies": [
            {
                "id": 7579,
                "logo_path": "/a4siBqtQZuQacF2oku8KHrmokv3.png",
                "name": "Redwire Pictures",
                "origin_country": "US"
            },
            {
                "id": 198179,
                "logo_path": "/ct4wmzYtS2prZnitm4iuMxRAMsR.png",
                "name": "Filmopoly",
                "origin_country": "US"
            },
            {
                "id": 102719,
                "logo_path": "/nl18a9fHKCmhBqmN6pcU5wY3AhF.png",
                "name": "Pollywog Films",
                "origin_country": "US"
            },
            {
                "id": 23337,
                "logo_path": null,
                "name": "Torchlight Productions",
                "origin_country": "US"
            },
            {
                "id": 256277,
                "logo_path": null,
                "name": "Beer Money Worldwide",
                "origin_country": "US"
            },
            {
                "id": 142122,
                "logo_path": "/oqZHKDB4izafodDDD9BABNNq7VN.png",
                "name": "Lucky 13 Productions",
                "origin_country": "US"
            },
            {
                "id": 126513,
                "logo_path": null,
                "name": "Lane E Productions",
                "origin_country": "US"
            }
        ],
        "production_countries": [
            {
                "iso_3166_1": "US",
                "name": "United States of America"
            }
        ],
        "release_date": "2025-04-25",
        "revenue": 0,
        "runtime": 92,
        "spoken_languages": [
            {
                "english_name": "English",
                "iso_639_1": "en",
                "name": "English"
            }
        ],
        "status": "Released",
        "tagline": "",
        "title": "Neighborhood Watch",
        "video": false,
        "vote_average": 6.786,
        "vote_count": 14
    },
    "omdb": {
        "Title": "Nowhere Men",
        "Year": "2015",
        "Rated": "N/A",
        "Released": "01 Oct 2015",
        "Runtime": "N/A",
        "Genre": "Drama",
        "Director": "Eric D. Howell",
        "Writer": "Sean Farley (screenplay)",
        "Actors": "N/A",
        "Plot": "A young man struggling with schizophrenia comes to terms with his condition as he investigates a violent crime with a retired man dealing with a world that no longer needs him.",
        "Language": "N/A",
        "Country": "USA",
        "Awards": "N/A",
        "Poster": "N/A",
        "Ratings": [],
        "Metascore": "N/A",
        "imdbRating": "N/A",
        "imdbVotes": "N/A",
        "imdbID": "tt1714918",
        "Type": "movie",
        "DVD": "N/A",
        "BoxOffice": "N/A",
        "Production": "N/A",
        "Website": "N/A",
        "Response": "True"
    }
}