{
    "tmdb": {
        "adult": false,
        "backdrop_path": "/mXndmCbpvlqnD6po0EMfxEZcUSn.jpg",
        "belongs_to_collection": {
            "id": 313086,
            "name": "The Conjuring Collection",
            "poster_path": "/z5VKhNSQKQyxm0co68HAkCqHnmX.jpg",
            "backdrop_path": "/kHZaX0vuhZdbuq0WKU3BpA9WIQ0.jpg"
        },
        "budget": 13000000,
        "genres": [
            {
                "id": 27,
                "name": "Horror"
            },
            {
                "id": 53,
                "name": "Thriller"
            }
        ],
        "homepage": "http://theconjuring.warnerbros.com",
        "id": 138843,
        "imdb_id": "tt1457767",
        "origin_country": [
            "US"
        ],
        "original_language": "en",
        "original_title": "The Conjuring",
        "overview": "Paranormal investigators Ed and Lorraine Warren work to help a family terrorized by a dark presence in their farmhouse. Forced to confront a powerful entity, the Warrens find themselves caught in the most terrifying case of their lives.",
        "popularity": 19.1892,
        "poster_path": "/wVYREutTvI2tmxr6ujrHT704wGF.jpg",
        "production_companies": [
            {
                "id": 31375,
                "logo_path": null,
                "name": "Evergreen Media Group",
                "origin_country": ""
            },
            {
                "id": 12,
                "logo_path": "/2ycs64eqV5rqKYHyQK0GVoKGvfX.png",
                "name": "New Line Cinema",
                "origin_country": "US"
            },
            {
                "id": 11565,
                "logo_path": "/S74cHHbIrdmb5M51Pft72Uo9Gz.png",
                "name": "The Safran Company",
                "origin_country": "US"
            }
        ],
        "production_countries": [
            {
                "iso_3166_1": "US",
                "name": "United States of America"
            }
        ],
        "release_date": "2013-07-18",
        "revenue": 320415166,
        "runtime": 112,
        "spoken_languages": [
            {
                "english_name": "English",
                "iso_639_1": "en",
                "name": "English"
            }
        ],
        "status": "Released",
        "tagline": "Based on the true case files of the Warrens.",
        "title": "The Conjuring",
        "video": false,
        "vote_average": 7.54,
        "vote_count": 11807
    },
    "omdb": {
        "Title": "The Conjuring",
        "Year": "2013",
        "Rated": "R",
        "Released": "19 Jul 2013",
        "Runtime": "112 min",
        "Genre": "Horror, Mystery, Thriller",
        "Director": "James Wan",
        "Writer": "Chad Hayes, Carey W. Hayes",
        "Actors": "Patrick Wilson, Vera Farmiga, Ron Livingston",
        "Plot": "Paranormal investigators Ed and Lorraine Warren work to help a family terrorized by a dark presence in their farmhouse.",
        "Language": "English, Latin",
        "Country": "United States",
        "Awards": "15 wins & 22 nominations total",
        "Poster": "https://m.media-amazon.com/images/M/MV5BMTM3NjA1NDMyMV5BMl5BanBnXkFtZTcwMDQzNDMzOQ@@._V1_SX300.jpg",
        "Ratings": [
            {
                "Source": "Internet Movie Database",
                "Value": "7.5/10"
            },
            {
                "Source": "Rotten Tomatoes",
                "Value": "86%"
            },
            {
                "Source": "Metacritic",
                "Value": "68/100"
            }
        ],
        "Metascore": "68",
        "imdbRating": "7.5",
        "imdbVotes": "575,822",
        "imdbID": "tt1457767",
        "Type": "movie",
        "DVD": "N/A",
        "BoxOffice": "$137,446,368",
        "Production": "N/A",
        "Website": "N/A",
        "Response": "True"
    }
}