{
    "tmdb": {
        "adult": false,
        "backdrop_path": "/wSILunFEbvw00Ql2aaMHCSZf3cI.jpg",
        "belongs_to_collection": null,
        "budget": 50000000,
        "genres": [
            {
                "id": 28,
                "name": "Action"
            },
            {
                "id": 18,
                "name": "Drama"
            },
            {
                "id": 36,
                "name": "History"
            }
        ],
        "homepage": "https://www.thewomanking.movie/",
        "id": 724495,
        "imdb_id": "tt8093700",
        "origin_country": [
            "US"
        ],
        "original_language": "en",
        "original_title": "The Woman King",
        "overview": "The story of the Agojie, the all-female unit of warriors who protected the African Kingdom of Dahomey in the 1800s with skills and a fierceness unlike anything the world has ever seen, and General Nanisca as she trains the next generation of recruits and readies them for battle against an enemy determined to destroy their way of life.",
        "popularity": 13.1622,
        "poster_path": "/w0oOkCDs8KyCQ0ReawQEnJKVBk3.jpg",
        "production_companies": [
            {
                "id": 559,
                "logo_path": "/eC0bWHVjnjUducyA6YFoEFqnPMC.png",
                "name": "TriStar Pictures",
                "origin_country": "US"
            },
            {
                "id": 64469,
                "logo_path": "/1hhdZwxGJDvFDArF8VDiqtdorSq.png",
                "name": "JuVee Productions",
                "origin_country": "US"
            },
            {
                "id": 8147,
                "logo_path": "/q6HOAdSNgCbeOqwoMVRc6REgbXF.png",
                "name": "Entertainment One",
                "origin_country": "CA"
            },
            {
                "id": 173612,
                "logo_path": "/c3qT8JXmVUtkSqJ8eZYkN1Ezf4C.png",
                "name": "Welle Entertainment",
                "origin_country": "US"
            },
            {
                "id": 207837,
                "logo_path": "/7BlXnMNjX5jwo4AsxNW0gsejrGz.png",
                "name": "TSG Entertainment II",
                "origin_country": "US"
            }
        ],
        "production_countries": [
            {
                "iso_3166_1": "CA",
                "name": "Canada"
            },
            {
                "iso_3166_1": "US",
                "name": "United States of America"
            }
        ],
        "release_date": "2022-09-16",
        "revenue": 97300000,
        "runtime": 135,
        "spoken_languages": [
            {
                "english_name": "English",
                "iso_639_1": "en",
                "name": "English"
            },
            {
                "english_name": "Portuguese",
                "iso_639_1": "pt",
                "name": "Português"
            }
        ],
        "status": "Released",
        "tagline": "Her reign begins.",
        "title": "The Woman King",
        "video": false,
        "vote_average": 7.672,
        "vote_count": 2156
    },
    "omdb": {
        "Title": "The Woman King",
        "Year": "2022",
        "Rated": "PG-13",
        "Released": "16 Sep 2022",
        "Runtime": "135 min",
        "Genre": "Action, Drama, History",
        "Director": "Gina Prince-Bythewood",
        "Writer": "Dana Stevens, Maria Bello",
        "Actors": "Viola Davis, Thuso Mbedu, Lashana Lynch",
        "Plot": "A historical epic inspired by true events that took place in The Kingdom of Dahomey, one of the most powerful states of Africa in the 18th and 19th centuries.",
        "Language": "English, Portuguese, Fon",
        "Country": "United States, South Africa, Ireland",
        "Awards": "Nominated for 2 BAFTA 28 wins & 126 nominations total",
        "Poster": "https://m.media-amazon.com/images/M/MV5BNzM4ODY0NzctZDIyNC00MzE4LWI3NDYtYjIyYTUyZWFmYzJkXkEyXkFqcGc@._V1_SX300.jpg",
        "Ratings": [
            {
                "Source": "Internet Movie Database",
                "Value": "6.9/10"
            },
            {
                "Source": "Rotten Tomatoes",
                "Value": "94%"
            },
            {
                "Source": "Metacritic",
                "Value": "76/100"
            }
        ],
        "Metascore": "76",
        "imdbRating": "6.9",
        "imdbVotes": "77,881",
        "imdbID": "tt8093700",
        "Type": "movie",
        "DVD": "N/A",
        "BoxOffice": "$67,328,130",
        "Production": "N/A",
        "Website": "N/A",
        "Response": "True"
    }
}