{
    "tmdb": {
        "adult": false,
        "backdrop_path": "/5Iw7zQTHVRBOYpA0V6z0yypOPZh.jpg",
        "belongs_to_collection": {
            "id": 10,
            "name": "Star Wars Collection",
            "poster_path": "/aSrMJYmQX8kpF26LijkCsYhBMvm.jpg",
            "backdrop_path": "/zZDkgOmFMVYpGAkR9Tkxw0CRnxX.jpg"
        },
        "budget": 200000000,
        "genres": [
            {
                "id": 12,
                "name": "Adventure"
            },
            {
                "id": 28,
                "name": "Action"
            },
            {
                "id": 878,
                "name": "Science Fiction"
            }
        ],
        "homepage": "https://www.starwars.com/films/star-wars-episode-viii-the-last-jedi",
        "id": 181808,
        "imdb_id": "tt2527336",
        "origin_country": [
            "US"
        ],
        "original_language": "en",
        "original_title": "Star Wars: The Last Jedi",
        "overview": "Rey develops her newly discovered abilities with the guidance of Luke Skywalker, who is unsettled by the strength of her powers. Meanwhile, the Resistance prepares to do battle with the First Order.",
        "popularity": 71.8757,
        "poster_path": "/kOVEVeg59E0wsnXmF9nrh6OmWII.jpg",
        "production_companies": [
            {
                "id": 1,
                "logo_path": "/tlVSws0RvvtPBwViUyOFAO0vcQS.png",
                "name": "Lucasfilm Ltd.",
                "origin_country": "US"
            }
        ],
        "production_countries": [
            {
                "iso_3166_1": "US",
                "name": "United States of America"
            }
        ],
        "release_date": "2017-12-13",
        "revenue": 1332698830,
        "runtime": 152,
        "spoken_languages": [
            {
                "english_name": "English",
                "iso_639_1": "en",
                "name": "English"
            }
        ],
        "status": "Released",
        "tagline": "Darkness rises...and light to meet it.",
        "title": "Star Wars: The Last Jedi",
        "video": false,
        "vote_average": 6.779,
        "vote_count": 15574
    },
    "omdb": {
        "Title": "Star Wars: Episode VIII - The Last Jedi",
        "Year": "2017",
        "Rated": "PG-13",
        "Released": "15 Dec 2017",
        "Runtime": "152 min",
        "Genre": "Action, Adventure, Fantasy",
        "Director": "Rian Johnson",
        "Writer": "Rian Johnson, George Lucas",
        "Actors": "Daisy Ridley, John Boyega, Mark Hamill",
        "Plot": "Rey develops her abilities with the help of Luke Skywalker as the Resistance prepares for battle against the First Order.",
        "Language": "English",
        "Country": "United States",
        "Awards": "Nominated for 4 Oscars. 26 wins & 99 nominations total",
        "Poster": "https://m.media-amazon.com/images/M/MV5BMjQ1MzcxNjg4N15BMl5BanBnXkFtZTgwNzgwMjY4MzI@._V1_SX300.jpg",
        "Ratings": [
            {
                "Source": "Internet Movie Database",
                "Value": "6.9/10"
            },
            {
                "Source": "Rotten Tomatoes",
                "Value": "91%"
            },
            {
                "Source": "Metacritic",
                "Value": "84/100"
            }
        ],
        "Metascore": "84",
        "imdbRating": "6.9",
        "imdbVotes": "687,800",
        "imdbID": "tt2527336",
        "Type": "movie",
        "DVD": "N/A",
        "BoxOffice": "$620,181,382",
        "Production": "N/A",
        "Website": "N/A",
        "Response": "True"
    }
}