{
    "tmdb": {
        "adult": false,
        "backdrop_path": "/ahUaAgnkFu7QlBh5h4LCNeaSurV.jpg",
        "belongs_to_collection": {
            "id": 528,
            "name": "The Terminator Collection",
            "poster_path": "/kpZxdNsAV7qTdTLwKM5NLqa7GEo.jpg",
            "backdrop_path": "/jz9usvWv5DrQGtjauEU4KSzgb8M.jpg"
        },
        "budget": 6400000,
        "genres": [
            {
                "id": 28,
                "name": "Action"
            },
            {
                "id": 53,
                "name": "Thriller"
            },
            {
                "id": 878,
                "name": "Science Fiction"
            }
        ],
        "homepage": "https://www.20thcenturystudios.com/movies/theterminator",
        "id": 218,
        "imdb_id": "tt0088247",
        "origin_country": [
            "US"
        ],
        "original_language": "en",
        "original_title": "The Terminator",
        "overview": "In the post-apocalyptic future, reigning tyrannical supercomputers teleport a cyborg assassin known as the \"Terminator\" back to 1984 to kill Sarah Connor, whose unborn son is destined to lead insurgents against 21st century mechanical hegemony. Meanwhile, the human-resistance movement dispatches a lone warrior to safeguard Sarah. Can he stop the virtually indestructible killing machine?",
        "popularity": 66.9393,
        "poster_path": "/hzXSE66v6KthZ8nPoLZmsi2G05j.jpg",
        "production_companies": [
            {
                "id": 3952,
                "logo_path": "/hLfS5FjBQjK5MUNl7kdXgIHSSWy.png",
                "name": "Hemdale",
                "origin_country": "GB"
            },
            {
                "id": 1280,
                "logo_path": null,
                "name": "Pacific Western",
                "origin_country": "US"
            }
        ],
        "production_countries": [
            {
                "iso_3166_1": "GB",
                "name": "United Kingdom"
            },
            {
                "iso_3166_1": "US",
                "name": "United States of America"
            }
        ],
        "release_date": "1984-10-26",
        "revenue": 78371200,
        "runtime": 108,
        "spoken_languages": [
            {
                "english_name": "English",
                "iso_639_1": "en",
                "name": "English"
            },
            {
                "english_name": "Spanish",
                "iso_639_1": "es",
                "name": "Español"
            }
        ],
        "status": "Released",
        "tagline": "Your future is in its hands.",
        "title": "The Terminator",
        "video": false,
        "vote_average": 7.664,
        "vote_count": 13541
    },
    "omdb": {
        "Title": "The Terminator",
        "Year": "1984",
        "Rated": "R",
        "Released": "26 Oct 1984",
        "Runtime": "107 min",
        "Genre": "Action, Adventure, Sci-Fi",
        "Director": "James Cameron",
        "Writer": "James Cameron, Gale Anne Hurd, William Wisher",
        "Actors": "Arnold Schwarzenegger, Linda Hamilton, Michael Biehn",
        "Plot": "A cyborg assassin from the future attempts to find and kill a young woman who is destined to give birth to a warrior that will lead a resistance to save humankind from extinction.",
        "Language": "English, Spanish",
        "Country": "United Kingdom, United States",
        "Awards": "8 wins & 7 nominations total",
        "Poster": "https://m.media-amazon.com/images/M/MV5BZmE0YzIxM2QtMGNlMi00MjRmLWE3MWMtOWQzMGVjMmU0YTFmXkEyXkFqcGc@._V1_SX300.jpg",
        "Ratings": [
            {
                "Source": "Internet Movie Database",
                "Value": "8.1/10"
            },
            {
                "Source": "Rotten Tomatoes",
                "Value": "100%"
            },
            {
                "Source": "Metacritic",
                "Value": "84/100"
            }
        ],
        "Metascore": "84",
        "imdbRating": "8.1",
        "imdbVotes": "955,787",
        "imdbID": "tt0088247",
        "Type": "movie",
        "DVD": "N/A",
        "BoxOffice": "$38,371,200",
        "Production": "N/A",
        "Website": "N/A",
        "Response": "True"
    }
}