{
    "tmdb": {
        "adult": false,
        "backdrop_path": "/tHR34A5n0my4maACNdLpWGd6QYq.jpg",
        "belongs_to_collection": null,
        "budget": 55000000,
        "genres": [
            {
                "id": 18,
                "name": "Drama"
            },
            {
                "id": 53,
                "name": "Thriller"
            }
        ],
        "homepage": "https://www.unitedartistsreleasing.com/thirteen-lives",
        "id": 698948,
        "imdb_id": "tt12262116",
        "origin_country": [
            "US"
        ],
        "original_language": "en",
        "original_title": "Thirteen Lives",
        "overview": "Based on the true nail-biting mission that captivated the world. Twelve boys and the coach of a Thai soccer team explore the Tham Luang cave when an unexpected rainstorm traps them in a chamber inside the mountain. Entombed behind a maze of flooded cave tunnels, they face impossible odds. A team of world-class divers navigate through miles of dangerous cave networks to discover that finding the boys is only the beginning.",
        "popularity": 16.4698,
        "poster_path": "/yi5KcJqFxy0D6yP8nCfcF8gJGg5.jpg",
        "production_companies": [
            {
                "id": 23,
                "logo_path": "/bJOFo2ufq7iFC1F4qZm8aLxF5aS.png",
                "name": "Imagine Entertainment",
                "origin_country": "US"
            },
            {
                "id": 122392,
                "logo_path": "/ofCViRx68HyV2yrxg9dNsMJzTDB.png",
                "name": "Storyteller Productions",
                "origin_country": "GB"
            },
            {
                "id": 18188,
                "logo_path": "/cmVLAX3oq6g4C667symaZx6qcw4.png",
                "name": "Magnolia Mae Films",
                "origin_country": "GB"
            },
            {
                "id": 21,
                "logo_path": "/usUnaYV6hQnlVAXP6r4HwrlLFPG.png",
                "name": "Metro-Goldwyn-Mayer",
                "origin_country": "US"
            },
            {
                "id": 13240,
                "logo_path": "/aTc07YaNHo8WNgkQSnvLmG6w4nW.png",
                "name": "Bron Studios",
                "origin_country": "CA"
            }
        ],
        "production_countries": [
            {
                "iso_3166_1": "GB",
                "name": "United Kingdom"
            },
            {
                "iso_3166_1": "US",
                "name": "United States of America"
            }
        ],
        "release_date": "2022-07-18",
        "revenue": 0,
        "runtime": 147,
        "spoken_languages": [
            {
                "english_name": "English",
                "iso_639_1": "en",
                "name": "English"
            },
            {
                "english_name": "Thai",
                "iso_639_1": "th",
                "name": "ภาษาไทย"
            }
        ],
        "status": "Released",
        "tagline": "5000 people, 17 countries, 1 miracle that united the world.",
        "title": "Thirteen Lives",
        "video": false,
        "vote_average": 7.888,
        "vote_count": 1320
    },
    "omdb": {
        "Title": "Thirteen Lives",
        "Year": "2022",
        "Rated": "PG-13",
        "Released": "05 Aug 2022",
        "Runtime": "147 min",
        "Genre": "Biography, Drama, Thriller",
        "Director": "Ron Howard",
        "Writer": "William Nicholson, Don MacPherson",
        "Actors": "Viggo Mortensen, Colin Farrell, Joel Edgerton",
        "Plot": "A rescue mission is assembled in Thailand where a group of young boys and their soccer coach are trapped in a system of underground caves that are flooding.",
        "Language": "English, Thai, Mandarin",
        "Country": "United Kingdom, Canada, United States",
        "Awards": "7 wins & 8 nominations total",
        "Poster": "https://m.media-amazon.com/images/M/MV5BMGRmYzg2NTUtMjc3Yy00Njc4LTliNTktM2I1NjVkNGIzYTU2XkEyXkFqcGc@._V1_SX300.jpg",
        "Ratings": [
            {
                "Source": "Internet Movie Database",
                "Value": "7.8/10"
            },
            {
                "Source": "Rotten Tomatoes",
                "Value": "85%"
            },
            {
                "Source": "Metacritic",
                "Value": "66/100"
            }
        ],
        "Metascore": "66",
        "imdbRating": "7.8",
        "imdbVotes": "72,878",
        "imdbID": "tt12262116",
        "Type": "movie",
        "DVD": "N/A",
        "BoxOffice": "N/A",
        "Production": "N/A",
        "Website": "N/A",
        "Response": "True"
    }
}