{
    "tmdb": {
        "adult": false,
        "backdrop_path": "/nvxrQQspxmSblCYDtvDAbVFX8Jt.jpg",
        "belongs_to_collection": null,
        "budget": 75000000,
        "genres": [
            {
                "id": 35,
                "name": "Comedy"
            },
            {
                "id": 878,
                "name": "Science Fiction"
            },
            {
                "id": 18,
                "name": "Drama"
            }
        ],
        "homepage": "https://www.netflix.com/title/81252357",
        "id": 646380,
        "imdb_id": "tt11286314",
        "origin_country": [
            "US"
        ],
        "original_language": "en",
        "original_title": "Don't Look Up",
        "overview": "Two astronomers go on a media tour to warn humankind of a planet-killing comet hurtling toward Earth. The response from a distracted world: Meh.",
        "popularity": 15.5118,
        "poster_path": "/th4E1yqsE8DGpAseLiUrI60Hf8V.jpg",
        "production_companies": [
            {
                "id": 125055,
                "logo_path": "/8iY66HqRqdQdwOjoS3sNvokcH9r.png",
                "name": "Hyperobject Industries",
                "origin_country": "US"
            }
        ],
        "production_countries": [
            {
                "iso_3166_1": "US",
                "name": "United States of America"
            }
        ],
        "release_date": "2021-12-08",
        "revenue": 791863,
        "runtime": 138,
        "spoken_languages": [
            {
                "english_name": "English",
                "iso_639_1": "en",
                "name": "English"
            }
        ],
        "status": "Released",
        "tagline": "Based on truly possible events.",
        "title": "Don't Look Up",
        "video": false,
        "vote_average": 7.072,
        "vote_count": 8561
    },
    "omdb": {
        "Title": "Don't Look Up",
        "Year": "2021",
        "Rated": "R",
        "Released": "24 Dec 2021",
        "Runtime": "138 min",
        "Genre": "Comedy, Drama, Sci-Fi",
        "Director": "Adam McKay",
        "Writer": "Adam McKay, David Sirota",
        "Actors": "Leonardo DiCaprio, Jennifer Lawrence, Meryl Streep",
        "Plot": "Two low-level astronomers must go on a giant media tour to warn humankind of an approaching comet that will destroy planet Earth.",
        "Language": "English",
        "Country": "United States, Canada",
        "Awards": "Nominated for 4 Oscars. 24 wins & 99 nominations total",
        "Poster": "https://m.media-amazon.com/images/M/MV5BMjhhNWFjNzctYTJjOS00MDc0LThiNjItZmM0ZDVmMWViY2UzXkEyXkFqcGc@._V1_SX300.jpg",
        "Ratings": [
            {
                "Source": "Internet Movie Database",
                "Value": "7.2/10"
            },
            {
                "Source": "Metacritic",
                "Value": "49/100"
            }
        ],
        "Metascore": "49",
        "imdbRating": "7.2",
        "imdbVotes": "630,572",
        "imdbID": "tt11286314",
        "Type": "movie",
        "DVD": "N/A",
        "BoxOffice": "N/A",
        "Production": "N/A",
        "Website": "N/A",
        "Response": "True"
    }
}