{
    "tmdb": {
        "adult": false,
        "backdrop_path": "/aJn9XeesqsrSLKcHfHP4u5985hn.jpg",
        "belongs_to_collection": {
            "id": 284433,
            "name": "Guardians of the Galaxy Collection",
            "poster_path": "/kFWLxUwcSpiLzszZbxUIZT9g6WR.jpg",
            "backdrop_path": "/sxyF4lVkEvOLVzr8jOF5K5nrMh3.jpg"
        },
        "budget": 200000000,
        "genres": [
            {
                "id": 878,
                "name": "Science Fiction"
            },
            {
                "id": 12,
                "name": "Adventure"
            },
            {
                "id": 28,
                "name": "Action"
            }
        ],
        "homepage": "https://www.marvel.com/movies/guardians-of-the-galaxy-vol-2",
        "id": 283995,
        "imdb_id": "tt3896198",
        "origin_country": [
            "US"
        ],
        "original_language": "en",
        "original_title": "Guardians of the Galaxy Vol. 2",
        "overview": "The Guardians must fight to keep their newfound family together as they unravel the mysteries of Peter Quill's true parentage.",
        "popularity": 71.8613,
        "poster_path": "/y4MBh0EjBlMuOzv9axM4qJlmhzz.jpg",
        "production_companies": [
            {
                "id": 420,
                "logo_path": "/hUzeosd33nzE5MCNsZxCGEKTXaQ.png",
                "name": "Marvel Studios",
                "origin_country": "US"
            }
        ],
        "production_countries": [
            {
                "iso_3166_1": "US",
                "name": "United States of America"
            }
        ],
        "release_date": "2017-04-19",
        "revenue": 863756051,
        "runtime": 137,
        "spoken_languages": [
            {
                "english_name": "English",
                "iso_639_1": "en",
                "name": "English"
            }
        ],
        "status": "Released",
        "tagline": "Anyone can save the galaxy once.",
        "title": "Guardians of the Galaxy Vol. 2",
        "video": false,
        "vote_average": 7.612,
        "vote_count": 21926
    },
    "omdb": {
        "Title": "Guardians of the Galaxy Vol. 2",
        "Year": "2017",
        "Rated": "PG-13",
        "Released": "05 May 2017",
        "Runtime": "136 min",
        "Genre": "Action, Adventure, Comedy",
        "Director": "James Gunn",
        "Writer": "James Gunn, Dan Abnett, Andy Lanning",
        "Actors": "Chris Pratt, Zoe Saldaña, Dave Bautista",
        "Plot": "The Guardians struggle to keep together as a team while dealing with their personal family issues, notably Star-Lord's encounter with his father, the ambitious celestial being Ego.",
        "Language": "English",
        "Country": "United States",
        "Awards": "Nominated for 1 Oscar. 15 wins & 60 nominations total",
        "Poster": "https://m.media-amazon.com/images/M/MV5BNWE5MGI3MDctMmU5Ni00YzI2LWEzMTQtZGIyZDA5MzQzNDBhXkEyXkFqcGc@._V1_SX300.jpg",
        "Ratings": [
            {
                "Source": "Internet Movie Database",
                "Value": "7.6/10"
            },
            {
                "Source": "Rotten Tomatoes",
                "Value": "85%"
            },
            {
                "Source": "Metacritic",
                "Value": "67/100"
            }
        ],
        "Metascore": "67",
        "imdbRating": "7.6",
        "imdbVotes": "792,363",
        "imdbID": "tt3896198",
        "Type": "movie",
        "DVD": "N/A",
        "BoxOffice": "$389,813,101",
        "Production": "N/A",
        "Website": "N/A",
        "Response": "True"
    }
}