{
    "tmdb": {
        "adult": false,
        "backdrop_path": "/dlrWhn0G3AtxYUx2D9P2bmzcsvF.jpg",
        "belongs_to_collection": {
            "id": 1071588,
            "name": "M3GAN Collection",
            "poster_path": "/fS57wFKda3h5dtWS3sc9JffE05R.jpg",
            "backdrop_path": "/uXEJwb8y67vFLaJb4wvHbSH6PjT.jpg"
        },
        "budget": 12000000,
        "genres": [
            {
                "id": 878,
                "name": "Science Fiction"
            },
            {
                "id": 27,
                "name": "Horror"
            }
        ],
        "homepage": "https://www.m3ganmovie.com",
        "id": 536554,
        "imdb_id": "tt8760708",
        "origin_country": [
            "US"
        ],
        "original_language": "en",
        "original_title": "M3GAN",
        "overview": "A brilliant toy company roboticist uses artificial intelligence to develop M3GAN, a life-like doll programmed to emotionally bond with her newly orphaned niece. But when the doll's programming works too well, she becomes overprotective of her new friend with terrifying results.",
        "popularity": 15.1017,
        "poster_path": "/d9nBoowhjiiYc4FBNtQkPY7c11H.jpg",
        "production_companies": [
            {
                "id": 76907,
                "logo_path": "/ygMQtjsKX7BZkCQhQZY82lgnCUO.png",
                "name": "Atomic Monster",
                "origin_country": "US"
            },
            {
                "id": 3172,
                "logo_path": "/rzKluDcRkIwHZK2pHsiT667A2Kw.png",
                "name": "Blumhouse Productions",
                "origin_country": "US"
            },
            {
                "id": 89115,
                "logo_path": "/zQwTHJVIruUlGsa7zIdfXuSm9GG.png",
                "name": "Divide / Conquer",
                "origin_country": "US"
            }
        ],
        "production_countries": [
            {
                "iso_3166_1": "US",
                "name": "United States of America"
            }
        ],
        "release_date": "2022-12-28",
        "revenue": 181796517,
        "runtime": 102,
        "spoken_languages": [
            {
                "english_name": "English",
                "iso_639_1": "en",
                "name": "English"
            }
        ],
        "status": "Released",
        "tagline": "Friendship has evolved.",
        "title": "M3GAN",
        "video": false,
        "vote_average": 7.05,
        "vote_count": 4214
    },
    "omdb": {
        "Title": "M3GAN",
        "Year": "2022",
        "Rated": "PG-13",
        "Released": "06 Jan 2023",
        "Runtime": "102 min",
        "Genre": "Horror, Sci-Fi, Thriller",
        "Director": "Gerard Johnstone",
        "Writer": "Akela Cooper, James Wan",
        "Actors": "Allison Williams, Violet McGraw, Ronny Chieng",
        "Plot": "When robotics engineer Gemma becomes the guardian of her orphaned niece, Cady, she thinks her new invention, a robotic AI, will be a good companion. However, M3GAN begins to behave in unexpected and shocking ways.",
        "Language": "English",
        "Country": "United States, New Zealand",
        "Awards": "4 wins & 31 nominations total",
        "Poster": "https://m.media-amazon.com/images/M/MV5BYjU1ZWMxYTUtNzQ1ZC00ZTcxLTg0NTMtMzY1ZmQyZjhmYjMyXkEyXkFqcGc@._V1_SX300.jpg",
        "Ratings": [
            {
                "Source": "Internet Movie Database",
                "Value": "6.3/10"
            },
            {
                "Source": "Rotten Tomatoes",
                "Value": "93%"
            },
            {
                "Source": "Metacritic",
                "Value": "72/100"
            }
        ],
        "Metascore": "72",
        "imdbRating": "6.3",
        "imdbVotes": "157,200",
        "imdbID": "tt8760708",
        "Type": "movie",
        "DVD": "N/A",
        "BoxOffice": "$95,159,005",
        "Production": "N/A",
        "Website": "N/A",
        "Response": "True"
    }
}