{
    "tmdb": {
        "adult": false,
        "backdrop_path": "/yfQXs8yXplCVXTLi9mxgvRf4ymE.jpg",
        "belongs_to_collection": {
            "id": 131635,
            "name": "The Hunger Games Collection",
            "poster_path": "/fPer2U4uQT1dkXTUWODDaLECWoW.jpg",
            "backdrop_path": "/Ipp7cegtub4t0mu7xaKLQkYoGc.jpg"
        },
        "budget": 100000000,
        "genres": [
            {
                "id": 18,
                "name": "Drama"
            },
            {
                "id": 878,
                "name": "Science Fiction"
            },
            {
                "id": 12,
                "name": "Adventure"
            },
            {
                "id": 28,
                "name": "Action"
            }
        ],
        "homepage": "https://hungergames.movie/",
        "id": 695721,
        "imdb_id": "tt10545296",
        "origin_country": [
            "US"
        ],
        "original_language": "en",
        "original_title": "The Hunger Games: The Ballad of Songbirds & Snakes",
        "overview": "64 years before he becomes the tyrannical president of Panem, Coriolanus Snow sees a chance for a change in fortunes when he mentors Lucy Gray Baird, the female tribute from District 12.",
        "popularity": 22.782,
        "poster_path": "/lrkOYL5GBTFW9cgs9RlojxAcZZF.jpg",
        "production_companies": [
            {
                "id": 1632,
                "logo_path": "/cisLn1YAUuptXVBa0xjq7ST9cH0.png",
                "name": "Lionsgate",
                "origin_country": "US"
            },
            {
                "id": 5420,
                "logo_path": "/dlW4Kh5dNieKNURnymsu57y6fMf.png",
                "name": "Color Force",
                "origin_country": "US"
            },
            {
                "id": 161357,
                "logo_path": "/kQlxsHQKQsDOXmKPZVqEyL827NJ.png",
                "name": "about:blank",
                "origin_country": "US"
            },
            {
                "id": 264,
                "logo_path": "/fA90qwUKgPhMONqtwY60GaHRyrW.png",
                "name": "Studio Babelsberg",
                "origin_country": "DE"
            }
        ],
        "production_countries": [
            {
                "iso_3166_1": "DE",
                "name": "Germany"
            },
            {
                "iso_3166_1": "US",
                "name": "United States of America"
            }
        ],
        "release_date": "2023-11-15",
        "revenue": 337371917,
        "runtime": 157,
        "spoken_languages": [
            {
                "english_name": "English",
                "iso_639_1": "en",
                "name": "English"
            }
        ],
        "status": "Released",
        "tagline": "Everyone hungers for something.",
        "title": "The Hunger Games: The Ballad of Songbirds & Snakes",
        "video": false,
        "vote_average": 7.023,
        "vote_count": 3008
    },
    "omdb": {
        "Title": "The Hunger Games: The Ballad of Songbirds & Snakes",
        "Year": "2023",
        "Rated": "PG-13",
        "Released": "17 Nov 2023",
        "Runtime": "157 min",
        "Genre": "Action, Adventure, Drama",
        "Director": "Francis Lawrence",
        "Writer": "Michael Lesslie, Michael Arndt, Suzanne Collins",
        "Actors": "Rachel Zegler, Tom Blyth, Viola Davis",
        "Plot": "Coriolanus Snow mentors and develops feelings for the female District 12 tribute during the 10th Hunger Games.",
        "Language": "English",
        "Country": "United States, Canada",
        "Awards": "7 wins & 27 nominations total",
        "Poster": "https://m.media-amazon.com/images/M/MV5BZDk2YjNhYzEtYzg2ZC00OWEwLWJhYzgtMGUzMWVjNDFmYzI5XkEyXkFqcGc@._V1_SX300.jpg",
        "Ratings": [
            {
                "Source": "Internet Movie Database",
                "Value": "6.7/10"
            },
            {
                "Source": "Rotten Tomatoes",
                "Value": "64%"
            },
            {
                "Source": "Metacritic",
                "Value": "54/100"
            }
        ],
        "Metascore": "54",
        "imdbRating": "6.7",
        "imdbVotes": "158,342",
        "imdbID": "tt10545296",
        "Type": "movie",
        "DVD": "N/A",
        "BoxOffice": "$166,350,594",
        "Production": "N/A",
        "Website": "N/A",
        "Response": "True"
    }
}