{
    "tmdb": {
        "adult": false,
        "backdrop_path": "/6RcBQkC2PZJwwbFugqzgvN3moYL.jpg",
        "belongs_to_collection": null,
        "budget": 47000000,
        "genres": [
            {
                "id": 53,
                "name": "Thriller"
            },
            {
                "id": 28,
                "name": "Action"
            }
        ],
        "homepage": "https://www.netflix.com/title/81476963",
        "id": 1005331,
        "imdb_id": "tt21382296",
        "origin_country": [
            "US"
        ],
        "original_language": "en",
        "original_title": "Carry-On",
        "overview": "An airport security officer races to outsmart a mysterious traveler forcing him to let a dangerous item slip onto a Christmas Eve flight.",
        "popularity": 23.4073,
        "poster_path": "/sjMN7DRi4sGiledsmllEw5HJjPy.jpg",
        "production_companies": [
            {
                "id": 119245,
                "logo_path": "/6F45uVsKpNYANcWvplyhgIFezFU.png",
                "name": "Dylan Clark Productions",
                "origin_country": "US"
            },
            {
                "id": 7,
                "logo_path": "/vru2SssLX3FPhnKZGtYw00pVIS9.png",
                "name": "DreamWorks Pictures",
                "origin_country": "US"
            }
        ],
        "production_countries": [
            {
                "iso_3166_1": "US",
                "name": "United States of America"
            }
        ],
        "release_date": "2024-12-05",
        "revenue": 0,
        "runtime": 120,
        "spoken_languages": [
            {
                "english_name": "English",
                "iso_639_1": "en",
                "name": "English"
            }
        ],
        "status": "Released",
        "tagline": "Every holiday season, millions travel safely by air. This Christmas will be different.",
        "title": "Carry-On",
        "video": false,
        "vote_average": 6.91,
        "vote_count": 2165
    },
    "omdb": {
        "Title": "Carry-On",
        "Year": "2024",
        "Rated": "PG-13",
        "Released": "13 Dec 2024",
        "Runtime": "119 min",
        "Genre": "Action, Crime, Drama",
        "Director": "Jaume Collet-Serra",
        "Writer": "T.J. Fixman",
        "Actors": "Taron Egerton, Jason Bateman, Sofia Carson",
        "Plot": "A mysterious traveler blackmails a young TSA agent into letting a dangerous package slip through security and onto a Christmas Eve flight.",
        "Language": "English",
        "Country": "United States",
        "Awards": "1 nomination total",
        "Poster": "https://m.media-amazon.com/images/M/MV5BNTNkMjQzNmQtNzE4ZC00NDlmLTkyYjAtZDZkYTQ5NjBmYThlXkEyXkFqcGc@._V1_SX300.jpg",
        "Ratings": [
            {
                "Source": "Internet Movie Database",
                "Value": "6.5/10"
            },
            {
                "Source": "Rotten Tomatoes",
                "Value": "87%"
            },
            {
                "Source": "Metacritic",
                "Value": "69/100"
            }
        ],
        "Metascore": "69",
        "imdbRating": "6.5",
        "imdbVotes": "147,694",
        "imdbID": "tt21382296",
        "Type": "movie",
        "DVD": "N/A",
        "BoxOffice": "N/A",
        "Production": "N/A",
        "Website": "N/A",
        "Response": "True"
    }
}