{
    "tmdb": {
        "adult": false,
        "backdrop_path": "/7t7IQhdA5rO8jhinE3ig258hqlf.jpg",
        "belongs_to_collection": null,
        "budget": 3000000,
        "genres": [
            {
                "id": 10749,
                "name": "Romance"
            },
            {
                "id": 35,
                "name": "Comedy"
            },
            {
                "id": 14,
                "name": "Fantasy"
            },
            {
                "id": 27,
                "name": "Horror"
            }
        ],
        "homepage": "https://www.artessai.ca/fiction-long/vampire-humaniste-cherche-suicidaire-consentant",
        "id": 988402,
        "imdb_id": "tt24216998",
        "origin_country": [
            "CA"
        ],
        "original_language": "fr",
        "original_title": "Vampire humaniste cherche suicidaire consentant",
        "overview": "Sasha is a young vampire with a serious problem: she's too sensitive to kill. When her exasperated parents cut off her blood supply, Sasha's life is in jeopardy. Luckily, she meets Paul, a lonely teenager with suicidal tendencies who is willing to give his life to save hers. But their friendly agreement soon becomes a nocturnal quest to fulfill Paul's last wishes before day breaks.",
        "popularity": 41.9717,
        "poster_path": "/m5OItLBY5T38ew1YI4VSIXjl5G2.jpg",
        "production_companies": [
            {
                "id": 108505,
                "logo_path": "/xRVAK6cm49VHIgWCHpr2ZQBUT9b.png",
                "name": "Art et essai",
                "origin_country": "CA"
            },
            {
                "id": 140114,
                "logo_path": "/698xcYut47M1BexvtGKmKX3Yf0a.png",
                "name": "h264",
                "origin_country": "CA"
            }
        ],
        "production_countries": [
            {
                "iso_3166_1": "CA",
                "name": "Canada"
            }
        ],
        "release_date": "2023-10-13",
        "revenue": 97578,
        "runtime": 91,
        "spoken_languages": [
            {
                "english_name": "French",
                "iso_639_1": "fr",
                "name": "Français"
            }
        ],
        "status": "Released",
        "tagline": "",
        "title": "Humanist Vampire Seeking Consenting Suicidal Person",
        "video": false,
        "vote_average": 7.388,
        "vote_count": 255
    },
    "omdb": {
        "Title": "Humanist Vampire Seeking Consenting Suicidal Person",
        "Year": "2023",
        "Rated": "Unrated",
        "Released": "15 Feb 2024",
        "Runtime": "90 min",
        "Genre": "Comedy, Drama, Fantasy",
        "Director": "Ariane Louis-Seize",
        "Writer": "Christine Doyon, Ariane Louis-Seize",
        "Actors": "Sara Montpetit, Félix-Antoine Bénard, Steve Laplante",
        "Plot": "A young woman vampire is unable to kill to meet her need for blood, but may have found a solution in a young man with suicidal tendencies.",
        "Language": "French",
        "Country": "Canada",
        "Awards": "22 wins & 46 nominations",
        "Poster": "https://m.media-amazon.com/images/M/MV5BODBhNTFiYzAtYWUzMy00YjZjLWEzMDItNzQyNDUyZjdiMjZhXkEyXkFqcGc@._V1_SX300.jpg",
        "Ratings": [
            {
                "Source": "Internet Movie Database",
                "Value": "7.0/10"
            },
            {
                "Source": "Rotten Tomatoes",
                "Value": "91%"
            }
        ],
        "Metascore": "N/A",
        "imdbRating": "7.0",
        "imdbVotes": "5,452",
        "imdbID": "tt24216998",
        "Type": "movie",
        "DVD": "N/A",
        "BoxOffice": "$15,092",
        "Production": "N/A",
        "Website": "N/A",
        "Response": "True"
    }
}