{
    "tmdb": {
        "adult": false,
        "backdrop_path": "/9GeuSS66C0xcX1En4uKYgxWCGrS.jpg",
        "belongs_to_collection": null,
        "budget": 90000000,
        "genres": [
            {
                "id": 18,
                "name": "Drama"
            },
            {
                "id": 35,
                "name": "Comedy"
            },
            {
                "id": 80,
                "name": "Crime"
            }
        ],
        "homepage": "",
        "id": 9291,
        "imdb_id": "tt0398165",
        "origin_country": [
            "US"
        ],
        "original_language": "en",
        "original_title": "The Longest Yard",
        "overview": "Disgraced pro football quarterback Paul Crewe lands in a Texas federal penitentiary, where manipulative Warden Hazen recruits him to advise the institution's football team of prison guards. Crewe suggests a tune-up game which lands him quarterbacking a crew of inmates in a game against the guards. Aided by incarcerated ex-NFL coach and player Nate Scarborough, Crewe and his team must overcome not only the bloodthirstiness of the opposition, but also the corrupt warden trying to fix the game against them.",
        "popularity": 15.1012,
        "poster_path": "/nbKcVBcxF96ARW2oKHqDYAcLdu.jpg",
        "production_companies": [
            {
                "id": 60378,
                "logo_path": null,
                "name": "Callahan Filmworks",
                "origin_country": "US"
            },
            {
                "id": 4,
                "logo_path": "/gz66EfNoYPqHTYI4q9UEN4CbHRc.png",
                "name": "Paramount Pictures",
                "origin_country": "US"
            },
            {
                "id": 746,
                "logo_path": "/kc7bdIVTBkJYy9aDK1QDDTAL463.png",
                "name": "MTV Films",
                "origin_country": "US"
            },
            {
                "id": 5,
                "logo_path": "/71BqEFAF4V3qjjMPCpLuyJFB9A.png",
                "name": "Columbia Pictures",
                "origin_country": "US"
            },
            {
                "id": 878,
                "logo_path": "/e2AZdsQdkhN0qJhoN4TMYiVPLyb.png",
                "name": "Happy Madison Productions",
                "origin_country": "US"
            }
        ],
        "production_countries": [
            {
                "iso_3166_1": "US",
                "name": "United States of America"
            }
        ],
        "release_date": "2005-05-27",
        "revenue": 191466556,
        "runtime": 113,
        "spoken_languages": [
            {
                "english_name": "English",
                "iso_639_1": "en",
                "name": "English"
            }
        ],
        "status": "Released",
        "tagline": "If you can't get out, get even.",
        "title": "The Longest Yard",
        "video": false,
        "vote_average": 6.664,
        "vote_count": 3459
    },
    "omdb": {
        "Title": "The Longest Yard",
        "Year": "2005",
        "Rated": "PG-13",
        "Released": "27 May 2005",
        "Runtime": "113 min",
        "Genre": "Comedy, Crime, Sport",
        "Director": "Peter Segal",
        "Writer": "Albert S. Ruddy, Tracy Keenan Wynn, Sheldon Turner",
        "Actors": "Adam Sandler, Burt Reynolds, Chris Rock",
        "Plot": "Prison inmates form a football team to challenge the prison guards.",
        "Language": "English",
        "Country": "United States",
        "Awards": "3 wins & 17 nominations total",
        "Poster": "https://m.media-amazon.com/images/M/MV5BMTc1NTQyNDk2NV5BMl5BanBnXkFtZTcwOTE2OTQzMw@@._V1_SX300.jpg",
        "Ratings": [
            {
                "Source": "Internet Movie Database",
                "Value": "6.4/10"
            },
            {
                "Source": "Rotten Tomatoes",
                "Value": "32%"
            },
            {
                "Source": "Metacritic",
                "Value": "48/100"
            }
        ],
        "Metascore": "48",
        "imdbRating": "6.4",
        "imdbVotes": "200,803",
        "imdbID": "tt0398165",
        "Type": "movie",
        "DVD": "N/A",
        "BoxOffice": "$158,119,460",
        "Production": "N/A",
        "Website": "N/A",
        "Response": "True"
    }
}