{
    "tmdb": {
        "adult": false,
        "backdrop_path": "/503LUrI9juBk1rktOPzxyMUTDEu.jpg",
        "belongs_to_collection": null,
        "budget": 50000000,
        "genres": [
            {
                "id": 28,
                "name": "Action"
            },
            {
                "id": 14,
                "name": "Fantasy"
            },
            {
                "id": 27,
                "name": "Horror"
            }
        ],
        "homepage": "https://thecrow.movie/",
        "id": 957452,
        "imdb_id": "tt1340094",
        "origin_country": [
            "US"
        ],
        "original_language": "en",
        "original_title": "The Crow",
        "overview": "Soulmates Eric and Shelly are brutally murdered when the demons of her dark past catch up with them. Given the chance to save his true love by sacrificing himself, Eric sets out to seek merciless revenge on their killers, traversing the worlds of the living and the dead to put the wrong things right.",
        "popularity": 22.5871,
        "poster_path": "/g8TbOXrNMuqq7AaKqdvqS2oG4ob.jpg",
        "production_companies": [
            {
                "id": 342,
                "logo_path": "/kZ99mxyNvNgyAFjm7rcl9vfYmU8.png",
                "name": "Davis Films",
                "origin_country": "FR"
            },
            {
                "id": 6455,
                "logo_path": "/mc3rMk0tW5ajjbfqkB8xlp85Cdy.png",
                "name": "Pressman Film",
                "origin_country": "US"
            },
            {
                "id": 51526,
                "logo_path": null,
                "name": "Hassell Free Productions",
                "origin_country": "US"
            },
            {
                "id": 67260,
                "logo_path": "/oV2FZfhRcEc1HReC66e1L4t2qPV.png",
                "name": "Electric Shadow Company",
                "origin_country": "GB"
            },
            {
                "id": 104363,
                "logo_path": "/tKIimrvYUH02D4km00lCEDUYvIF.png",
                "name": "30WEST",
                "origin_country": "US"
            },
            {
                "id": 189103,
                "logo_path": "/hu0qcD4k7kfWpdAewqmJSUyZPa7.png",
                "name": "Ashland Hill Media Finance",
                "origin_country": "US"
            },
            {
                "id": 7493,
                "logo_path": "/fHitYiGUCkRafgt6VPYQlXWLkdp.png",
                "name": "FilmNation Entertainment",
                "origin_country": "US"
            },
            {
                "id": 112609,
                "logo_path": "/9lpuWYlMInFARjrNUhVAzBW2YzT.png",
                "name": "Maze Pictures",
                "origin_country": "DE"
            },
            {
                "id": 25838,
                "logo_path": null,
                "name": "Occupant Entertainment",
                "origin_country": "DE"
            }
        ],
        "production_countries": [
            {
                "iso_3166_1": "FR",
                "name": "France"
            },
            {
                "iso_3166_1": "DE",
                "name": "Germany"
            },
            {
                "iso_3166_1": "GB",
                "name": "United Kingdom"
            },
            {
                "iso_3166_1": "US",
                "name": "United States of America"
            }
        ],
        "release_date": "2024-08-21",
        "revenue": 24109036,
        "runtime": 111,
        "spoken_languages": [
            {
                "english_name": "English",
                "iso_639_1": "en",
                "name": "English"
            }
        ],
        "status": "Released",
        "tagline": "True love never dies.",
        "title": "The Crow",
        "video": false,
        "vote_average": 5.852,
        "vote_count": 1041
    },
    "omdb": {
        "Title": "The Crow",
        "Year": "2024",
        "Rated": "R",
        "Released": "23 Aug 2024",
        "Runtime": "111 min",
        "Genre": "Action, Crime, Fantasy",
        "Director": "Rupert Sanders",
        "Writer": "James O'Barr, Zach Baylin, William Josef Schneider",
        "Actors": "Bill Skarsgård, FKA twigs, Danny Huston",
        "Plot": "Soulmates Eric and Shelly are brutally murdered. Given a chance to save the love of his life, Eric must sacrifice himself and traverse the worlds of the living and the dead, seeking revenge.",
        "Language": "English",
        "Country": "United States, United Kingdom, France, Czech Republic, Germany",
        "Awards": "2 nominations total",
        "Poster": "https://m.media-amazon.com/images/M/MV5BMjEyOWJjMWQtZTY4Yi00ZjYyLWJhNDktZmRkNzEwMjlhZjQ3XkEyXkFqcGc@._V1_SX300.jpg",
        "Ratings": [
            {
                "Source": "Internet Movie Database",
                "Value": "4.7/10"
            },
            {
                "Source": "Rotten Tomatoes",
                "Value": "87%"
            },
            {
                "Source": "Metacritic",
                "Value": "30/100"
            }
        ],
        "Metascore": "30",
        "imdbRating": "4.7",
        "imdbVotes": "29,586",
        "imdbID": "tt1340094",
        "Type": "movie",
        "DVD": "N/A",
        "BoxOffice": "$9,275,659",
        "Production": "N/A",
        "Website": "N/A",
        "Response": "True"
    }
}