{
    "tmdb": {
        "adult": false,
        "backdrop_path": "/bs65jUGHevSDmfKF5LgVyWtPK4o.jpg",
        "belongs_to_collection": null,
        "budget": 50000000,
        "genres": [
            {
                "id": 28,
                "name": "Action"
            },
            {
                "id": 18,
                "name": "Drama"
            }
        ],
        "homepage": "",
        "id": 4421,
        "imdb_id": "tt0119173",
        "origin_country": [
            "US"
        ],
        "original_language": "en",
        "original_title": "G.I. Jane",
        "overview": "In response to political pressure from Senator Lillian DeHaven, the U.S. Navy begins a program that would allow for the eventual integration of women into its combat services. The program begins with a single trial candidate, Lieutenant Jordan O'Neil, who is chosen specifically for her femininity. O'Neil enters the grueling Navy SEAL training program under the command of Master Chief John James Urgayle, who unfairly pushes O'Neil until her determination wins his respect.",
        "popularity": 23.4397,
        "poster_path": "/6yBgZJYqaR4XkxwjsB9tS4GK1ZN.jpg",
        "production_companies": [
            {
                "id": 175,
                "logo_path": "/trtXLj3zv8T9ke1Vhw4SCkkM4JJ.png",
                "name": "Caravan Pictures",
                "origin_country": "US"
            },
            {
                "id": 1644,
                "logo_path": "/l5JFudbLN3vr1sSkjRoqF7To8Ky.png",
                "name": "Largo Entertainment",
                "origin_country": "US"
            },
            {
                "id": 1646,
                "logo_path": null,
                "name": "Trap-Two-Zero Productions",
                "origin_country": ""
            },
            {
                "id": 961,
                "logo_path": null,
                "name": "Roger Birnbaum Productions",
                "origin_country": "US"
            },
            {
                "id": 114634,
                "logo_path": "/xJpyyIgVMtVjKuQaArUWmRqCHGj.png",
                "name": "Moving Pictures",
                "origin_country": "US"
            },
            {
                "id": 1645,
                "logo_path": "/6Ry6uNBaa0IbbSs1XYIgX5DkA9r.png",
                "name": "Scott Free Productions",
                "origin_country": "GB"
            },
            {
                "id": 915,
                "logo_path": "/4neXXpjSJDZPBGBnfWtqysB5htV.png",
                "name": "Hollywood Pictures",
                "origin_country": "US"
            }
        ],
        "production_countries": [
            {
                "iso_3166_1": "GB",
                "name": "United Kingdom"
            },
            {
                "iso_3166_1": "US",
                "name": "United States of America"
            }
        ],
        "release_date": "1997-08-19",
        "revenue": 48169156,
        "runtime": 125,
        "spoken_languages": [
            {
                "english_name": "English",
                "iso_639_1": "en",
                "name": "English"
            }
        ],
        "status": "Released",
        "tagline": "Failure is not an option.",
        "title": "G.I. Jane",
        "video": false,
        "vote_average": 6.469,
        "vote_count": 1720
    },
    "omdb": {
        "Title": "G.I. Jane",
        "Year": "1997",
        "Rated": "R",
        "Released": "22 Aug 1997",
        "Runtime": "125 min",
        "Genre": "Action, Drama, War",
        "Director": "Ridley Scott",
        "Writer": "Danielle Alexandra, David Twohy",
        "Actors": "Demi Moore, Viggo Mortensen, Anne Bancroft",
        "Plot": "Lt. Jordan, a US Navy topographic analyst, joins the US Navy Special Warfare Group and struggles to prove her worth in a unit dominated by men. But a cynical woman Texan senator has sold her out.",
        "Language": "English",
        "Country": "United States, United Kingdom",
        "Awards": "2 wins & 3 nominations total",
        "Poster": "https://m.media-amazon.com/images/M/MV5BMWY5OTllYzYtYjRmMS00ZmU5LTg0NmEtMzBjMDFmNDdhZGI1XkEyXkFqcGc@._V1_SX300.jpg",
        "Ratings": [
            {
                "Source": "Internet Movie Database",
                "Value": "6.0/10"
            },
            {
                "Source": "Rotten Tomatoes",
                "Value": "53%"
            },
            {
                "Source": "Metacritic",
                "Value": "62/100"
            }
        ],
        "Metascore": "62",
        "imdbRating": "6.0",
        "imdbVotes": "89,104",
        "imdbID": "tt0119173",
        "Type": "movie",
        "DVD": "N/A",
        "BoxOffice": "$48,169,156",
        "Production": "N/A",
        "Website": "N/A",
        "Response": "True"
    }
}