{
    "tmdb": {
        "adult": false,
        "backdrop_path": "/p256RduW9wMC3uhGJTerywmGiiX.jpg",
        "belongs_to_collection": {
            "id": 85861,
            "name": "Beverly Hills Cop Collection",
            "poster_path": "/7TEAr7NoEPTMi2D47HdT7hU8hqT.jpg",
            "backdrop_path": "/k0DEUZqbB9bVcm2NsVaMkdd4Vs8.jpg"
        },
        "budget": 14000000,
        "genres": [
            {
                "id": 35,
                "name": "Comedy"
            },
            {
                "id": 80,
                "name": "Crime"
            },
            {
                "id": 28,
                "name": "Action"
            }
        ],
        "homepage": "https://www.paramountpictures.com/movies/beverly-hills-cop",
        "id": 90,
        "imdb_id": "tt0086960",
        "origin_country": [
            "US"
        ],
        "original_language": "en",
        "original_title": "Beverly Hills Cop",
        "overview": "Fast-talking, quick-thinking Detroit street cop Axel Foley has bent more than a few rules and regs in his time, but when his best friend is murdered, he heads to sunny Beverly Hills to work the case like only he can.",
        "popularity": 14.4031,
        "poster_path": "/eBJEvKkhQ0tUt1dBAcTEYW6kCle.jpg",
        "production_companies": [
            {
                "id": 4,
                "logo_path": "/gz66EfNoYPqHTYI4q9UEN4CbHRc.png",
                "name": "Paramount Pictures",
                "origin_country": "US"
            },
            {
                "id": 30,
                "logo_path": null,
                "name": "Eddie Murphy Productions",
                "origin_country": "US"
            },
            {
                "id": 10288,
                "logo_path": "/Aszf09kIVXR6cwG9lwjZIawbYVS.png",
                "name": "Don Simpson/Jerry Bruckheimer Films",
                "origin_country": "US"
            }
        ],
        "production_countries": [
            {
                "iso_3166_1": "US",
                "name": "United States of America"
            }
        ],
        "release_date": "1984-12-05",
        "revenue": 316360478,
        "runtime": 105,
        "spoken_languages": [
            {
                "english_name": "English",
                "iso_639_1": "en",
                "name": "English"
            }
        ],
        "status": "Released",
        "tagline": "He's been chased, thrown through a window and arrested. Eddie Murphy is a Detroit cop on vacation in Beverly Hills.",
        "title": "Beverly Hills Cop",
        "video": false,
        "vote_average": 7.202,
        "vote_count": 4278
    },
    "omdb": {
        "Title": "Beverly Hills Cop",
        "Year": "1984",
        "Rated": "R",
        "Released": "05 Dec 1984",
        "Runtime": "105 min",
        "Genre": "Action, Comedy, Crime",
        "Director": "Martin Brest",
        "Writer": "Daniel Petrie Jr., Danilo Bach",
        "Actors": "Eddie Murphy, Judge Reinhold, John Ashton",
        "Plot": "A freewheeling Detroit cop pursuing a murder investigation finds himself dealing with the very different culture of Beverly Hills.",
        "Language": "English",
        "Country": "United States",
        "Awards": "Nominated for 1 Oscar. 6 wins & 7 nominations total",
        "Poster": "https://m.media-amazon.com/images/M/MV5BNjU4OGM2MzctNGU3ZC00M2EzLThiN2ItOTlmN2FjODM0MzFhXkEyXkFqcGc@._V1_SX300.jpg",
        "Ratings": [
            {
                "Source": "Internet Movie Database",
                "Value": "7.4/10"
            },
            {
                "Source": "Rotten Tomatoes",
                "Value": "82%"
            },
            {
                "Source": "Metacritic",
                "Value": "66/100"
            }
        ],
        "Metascore": "66",
        "imdbRating": "7.4",
        "imdbVotes": "222,834",
        "imdbID": "tt0086960",
        "Type": "movie",
        "DVD": "N/A",
        "BoxOffice": "$234,760,478",
        "Production": "N/A",
        "Website": "N/A",
        "Response": "True"
    }
}