{
    "tmdb": {
        "adult": false,
        "backdrop_path": "/vr6n6ZFUZvedvIlhfYcbCWcaKyW.jpg",
        "belongs_to_collection": {
            "id": 295,
            "name": "Pirates of the Caribbean Collection",
            "poster_path": "/4KUJ38SsViJTsUmTRvXxerBNwAv.jpg",
            "backdrop_path": "/wxgD3fB5lQ2sGJLog0rvXW049Pf.jpg"
        },
        "budget": 200000000,
        "genres": [
            {
                "id": 12,
                "name": "Adventure"
            },
            {
                "id": 14,
                "name": "Fantasy"
            },
            {
                "id": 28,
                "name": "Action"
            }
        ],
        "homepage": "https://movies.disney.com/pirates-of-the-caribbean-dead-mans-chest",
        "id": 58,
        "imdb_id": "tt0383574",
        "origin_country": [
            "US"
        ],
        "original_language": "en",
        "original_title": "Pirates of the Caribbean: Dead Man's Chest",
        "overview": "Captain Jack Sparrow races to recover the heart of Davy Jones to avoid enslaving his soul to Jones' service, as other friends and foes seek the heart for their own agenda as well.",
        "popularity": 24.683,
        "poster_path": "/lAhcKRt0ggTFkeFL95jrGQYaRXs.jpg",
        "production_companies": [
            {
                "id": 2,
                "logo_path": "/wdrCwmRnLFJhEoH8GSfymY85KHT.png",
                "name": "Walt Disney Pictures",
                "origin_country": "US"
            },
            {
                "id": 130,
                "logo_path": "/c9dVHPOL3cqCr2593Ahk0nEKTEM.png",
                "name": "Jerry Bruckheimer Films",
                "origin_country": "US"
            },
            {
                "id": 19936,
                "logo_path": null,
                "name": "Second Mate Productions",
                "origin_country": "US"
            }
        ],
        "production_countries": [
            {
                "iso_3166_1": "US",
                "name": "United States of America"
            }
        ],
        "release_date": "2006-07-06",
        "revenue": 1066179747,
        "runtime": 151,
        "spoken_languages": [
            {
                "english_name": "English",
                "iso_639_1": "en",
                "name": "English"
            },
            {
                "english_name": "Turkish",
                "iso_639_1": "tr",
                "name": "Türkçe"
            },
            {
                "english_name": "Greek",
                "iso_639_1": "el",
                "name": "ελληνικά"
            },
            {
                "english_name": "Mandarin",
                "iso_639_1": "zh",
                "name": "普通话"
            }
        ],
        "status": "Released",
        "tagline": "Captain Jack is back!",
        "title": "Pirates of the Caribbean: Dead Man's Chest",
        "video": false,
        "vote_average": 7.366,
        "vote_count": 16312
    },
    "omdb": {
        "Title": "Pirates of the Caribbean: Dead Man's Chest",
        "Year": "2006",
        "Rated": "PG-13",
        "Released": "07 Jul 2006",
        "Runtime": "151 min",
        "Genre": "Action, Adventure, Fantasy",
        "Director": "Gore Verbinski",
        "Writer": "Ted Elliott, Terry Rossio, Stuart Beattie",
        "Actors": "Johnny Depp, Orlando Bloom, Keira Knightley",
        "Plot": "Jack Sparrow races to recover the heart of Davy Jones to avoid enslaving his soul to Jones' service, as other friends and foes seek the heart for their own agenda as well.",
        "Language": "English, Turkish, Greek, Mandarin, French",
        "Country": "United States",
        "Awards": "Won 1 Oscar. 45 wins & 54 nominations total",
        "Poster": "https://m.media-amazon.com/images/M/MV5BMTcwODc1MTMxM15BMl5BanBnXkFtZTYwMDg1NzY3._V1_SX300.jpg",
        "Ratings": [
            {
                "Source": "Internet Movie Database",
                "Value": "7.4/10"
            },
            {
                "Source": "Rotten Tomatoes",
                "Value": "53%"
            },
            {
                "Source": "Metacritic",
                "Value": "53/100"
            }
        ],
        "Metascore": "53",
        "imdbRating": "7.4",
        "imdbVotes": "794,897",
        "imdbID": "tt0383574",
        "Type": "movie",
        "DVD": "N/A",
        "BoxOffice": "$423,315,812",
        "Production": "N/A",
        "Website": "N/A",
        "Response": "True"
    }
}