{
    "tmdb": {
        "adult": false,
        "backdrop_path": "/2TtpJq1PbeQ36E5FnHVX4O6hVvu.jpg",
        "belongs_to_collection": null,
        "budget": 0,
        "genres": [
            {
                "id": 28,
                "name": "Action"
            },
            {
                "id": 53,
                "name": "Thriller"
            }
        ],
        "homepage": "",
        "id": 1125899,
        "imdb_id": "tt27812086",
        "origin_country": [
            "GB"
        ],
        "original_language": "en",
        "original_title": "Cleaner",
        "overview": "When a group of radical activists take over an energy company's annual gala, seizing 300 hostages, an ex-soldier turned window cleaner suspended 50 storeys up on the outside of the building must save those trapped inside, including her younger brother.",
        "popularity": 85.1847,
        "poster_path": "/mwzDApMZAGeYCEVjhegKvCzDX0W.jpg",
        "production_companies": [
            {
                "id": 138743,
                "logo_path": "/abFJGmtPFs6Bq5cBavmrnXDcpf8.png",
                "name": "Anton",
                "origin_country": "GB"
            },
            {
                "id": 892,
                "logo_path": "/s7eFTMS1udDI1EG0Zxlx4ylx1Nl.png",
                "name": "Qwerty Films",
                "origin_country": "GB"
            }
        ],
        "production_countries": [
            {
                "iso_3166_1": "GB",
                "name": "United Kingdom"
            }
        ],
        "release_date": "2025-02-19",
        "revenue": 1314073,
        "runtime": 97,
        "spoken_languages": [
            {
                "english_name": "English",
                "iso_639_1": "en",
                "name": "English"
            }
        ],
        "status": "Released",
        "tagline": "The stakes are a thousand feet high.",
        "title": "Cleaner",
        "video": false,
        "vote_average": 6.6,
        "vote_count": 233
    },
    "omdb": {
        "Title": "Cleaner",
        "Year": "2025",
        "Rated": "R",
        "Released": "21 Feb 2025",
        "Runtime": "N/A",
        "Genre": "Action, Drama, Thriller",
        "Director": "Martin Campbell",
        "Writer": "Matthew Orton, Simon Uttley, Paul Andrew Williams",
        "Actors": "Daisy Ridley, Clive Owen, Taz Skylar",
        "Plot": "Criminal activists hijack a gala, taking 300 hostages. One extremist plans mass murder as a message to the world. An Ex-soldier turned window cleaner now works to rescue the hostages.",
        "Language": "English",
        "Country": "United Kingdom",
        "Awards": "N/A",
        "Poster": "https://m.media-amazon.com/images/M/MV5BMzNjZDZmMmMtYTM3NC00NTUzLWI2ZTItODlkMDAwOWNiNzAzXkEyXkFqcGc@._V1_SX300.jpg",
        "Ratings": [
            {
                "Source": "Rotten Tomatoes",
                "Value": "50%"
            }
        ],
        "Metascore": "N/A",
        "imdbRating": "N/A",
        "imdbVotes": "N/A",
        "imdbID": "tt27812086",
        "Type": "movie",
        "DVD": "N/A",
        "BoxOffice": "N/A",
        "Production": "N/A",
        "Website": "N/A",
        "Response": "True"
    }
}