{
    "tmdb": {
        "adult": false,
        "backdrop_path": "/2t8uXcm5CuChOoX5gEKl918yv6I.jpg",
        "belongs_to_collection": null,
        "budget": 110000000,
        "genres": [
            {
                "id": 28,
                "name": "Action"
            },
            {
                "id": 878,
                "name": "Science Fiction"
            },
            {
                "id": 18,
                "name": "Drama"
            }
        ],
        "homepage": "",
        "id": 39254,
        "imdb_id": "tt0433035",
        "origin_country": [
            "US"
        ],
        "original_language": "en",
        "original_title": "Real Steel",
        "overview": "Charlie Kenton is a washed-up fighter who retired from the ring when robots took over the sport. After his robot is trashed, he reluctantly teams up with his estranged son to rebuild and train an unlikely contender.",
        "popularity": 17.958,
        "poster_path": "/4GIeI5K5YdDUkR3mNQBoScpSFEf.jpg",
        "production_companies": [
            {
                "id": 7,
                "logo_path": "/vru2SssLX3FPhnKZGtYw00pVIS9.png",
                "name": "DreamWorks Pictures",
                "origin_country": "US"
            },
            {
                "id": 7294,
                "logo_path": "/kK4PRgceWp9KNrycD8xx8seWxYU.png",
                "name": "Reliance Entertainment",
                "origin_country": "IN"
            },
            {
                "id": 2575,
                "logo_path": "/9YJrHYlcfHtwtulkFMAies3aFEl.png",
                "name": "21 Laps Entertainment",
                "origin_country": "US"
            },
            {
                "id": 90892,
                "logo_path": null,
                "name": "Montford / Murphy Productions",
                "origin_country": ""
            }
        ],
        "production_countries": [
            {
                "iso_3166_1": "US",
                "name": "United States of America"
            },
            {
                "iso_3166_1": "IN",
                "name": "India"
            }
        ],
        "release_date": "2011-09-28",
        "revenue": 299300000,
        "runtime": 127,
        "spoken_languages": [
            {
                "english_name": "English",
                "iso_639_1": "en",
                "name": "English"
            }
        ],
        "status": "Released",
        "tagline": "Courage is stronger than steel.",
        "title": "Real Steel",
        "video": false,
        "vote_average": 7.049,
        "vote_count": 8555
    },
    "omdb": {
        "Title": "Real Steel",
        "Year": "2011",
        "Rated": "PG-13",
        "Released": "07 Oct 2011",
        "Runtime": "127 min",
        "Genre": "Action, Drama, Sci-Fi",
        "Director": "Shawn Levy",
        "Writer": "John Gatins, Dan Gilroy, Jeremy Leven",
        "Actors": "Hugh Jackman, Evangeline Lilly, Dakota Goyo",
        "Plot": "In a near future where robot boxing is a top sport, a struggling ex-boxer feels he's found a champion in a discarded robot.",
        "Language": "English, Ukrainian",
        "Country": "United States, India",
        "Awards": "Nominated for 1 Oscar. 2 wins & 6 nominations total",
        "Poster": "https://m.media-amazon.com/images/M/MV5BMjEzMzEzNjg0N15BMl5BanBnXkFtZTcwMzg4NDk0Ng@@._V1_SX300.jpg",
        "Ratings": [
            {
                "Source": "Internet Movie Database",
                "Value": "7.1/10"
            },
            {
                "Source": "Rotten Tomatoes",
                "Value": "60%"
            },
            {
                "Source": "Metacritic",
                "Value": "56/100"
            }
        ],
        "Metascore": "56",
        "imdbRating": "7.1",
        "imdbVotes": "366,352",
        "imdbID": "tt0433035",
        "Type": "movie",
        "DVD": "N/A",
        "BoxOffice": "$85,468,508",
        "Production": "N/A",
        "Website": "N/A",
        "Response": "True"
    }
}