{
    "tmdb": {
        "adult": false,
        "backdrop_path": "/d3BTRD2Pslyr4uSvFdJEWtnrfws.jpg",
        "belongs_to_collection": null,
        "budget": 26000000,
        "genres": [
            {
                "id": 28,
                "name": "Action"
            },
            {
                "id": 27,
                "name": "Horror"
            },
            {
                "id": 878,
                "name": "Science Fiction"
            }
        ],
        "homepage": "http://www.dawnofthedeadmovie.net/",
        "id": 924,
        "imdb_id": "tt0363547",
        "origin_country": [
            "CA",
            "US"
        ],
        "original_language": "en",
        "original_title": "Dawn of the Dead",
        "overview": "A group of survivors take refuge in a shopping mall after the world is taken over by aggressive, flesh-eating zombies.",
        "popularity": 14.3653,
        "poster_path": "/uSppbnKDyeoahsW7GSVGpYf455W.jpg",
        "production_companies": [
            {
                "id": 572,
                "logo_path": null,
                "name": "New Amsterdam Entertainment",
                "origin_country": ""
            },
            {
                "id": 655,
                "logo_path": null,
                "name": "Strike Entertainment",
                "origin_country": "US"
            },
            {
                "id": 657,
                "logo_path": "/mDBPrBO6hl21KhQOzCVYUBo33zt.png",
                "name": "TOHO-TOWA",
                "origin_country": "JP"
            },
            {
                "id": 33,
                "logo_path": "/3wwjVpkZtnog6lSKzWDjvw2Yi00.png",
                "name": "Universal Pictures",
                "origin_country": "US"
            },
            {
                "id": 9995,
                "logo_path": "/mAIGhOYhN4N2N0F7p4dbKhgXf3l.png",
                "name": "Cruel & Unusual Films",
                "origin_country": "US"
            },
            {
                "id": 882,
                "logo_path": "/fRSWWjquvzcHjACbtF53utZFIll.png",
                "name": "TOHO",
                "origin_country": "JP"
            },
            {
                "id": 16419,
                "logo_path": "/8ppVamMu9jnA72kOi4e9grvx6Ex.png",
                "name": "Metropolitan Filmexport",
                "origin_country": "FR"
            },
            {
                "id": 830,
                "logo_path": "/mYga54mrt5n4GUUcJxE6DmR2FKv.png",
                "name": "Senator International",
                "origin_country": "US"
            }
        ],
        "production_countries": [
            {
                "iso_3166_1": "CA",
                "name": "Canada"
            },
            {
                "iso_3166_1": "FR",
                "name": "France"
            },
            {
                "iso_3166_1": "JP",
                "name": "Japan"
            },
            {
                "iso_3166_1": "US",
                "name": "United States of America"
            }
        ],
        "release_date": "2004-03-19",
        "revenue": 102278712,
        "runtime": 101,
        "spoken_languages": [
            {
                "english_name": "English",
                "iso_639_1": "en",
                "name": "English"
            }
        ],
        "status": "Released",
        "tagline": "When there's no more room in Hell, the dead will walk the Earth.",
        "title": "Dawn of the Dead",
        "video": false,
        "vote_average": 7.055,
        "vote_count": 4131
    },
    "omdb": {
        "Title": "Dawn of the Dead",
        "Year": "2004",
        "Rated": "R",
        "Released": "19 Mar 2004",
        "Runtime": "101 min",
        "Genre": "Horror",
        "Director": "Zack Snyder",
        "Writer": "George A. Romero, James Gunn",
        "Actors": "Sarah Polley, Ving Rhames, Mekhi Phifer",
        "Plot": "A nurse, a policeman, a young married couple, a salesman and other survivors of a worldwide plague that is producing aggressive, flesh-eating zombies, take refuge in a mega Midwestern shopping mall.",
        "Language": "English",
        "Country": "United States, Canada, Japan, France",
        "Awards": "1 win & 17 nominations total",
        "Poster": "https://m.media-amazon.com/images/M/MV5BM2ZiYjNlMWYtNTc2My00ZTM4LWJhMjQtM2FlOWM0ZmE0Yjg1XkEyXkFqcGc@._V1_SX300.jpg",
        "Ratings": [
            {
                "Source": "Internet Movie Database",
                "Value": "7.2/10"
            },
            {
                "Source": "Rotten Tomatoes",
                "Value": "77%"
            },
            {
                "Source": "Metacritic",
                "Value": "59/100"
            }
        ],
        "Metascore": "59",
        "imdbRating": "7.2",
        "imdbVotes": "278,487",
        "imdbID": "tt0363547",
        "Type": "movie",
        "DVD": "N/A",
        "BoxOffice": "$59,020,957",
        "Production": "N/A",
        "Website": "N/A",
        "Response": "True"
    }
}