{
    "tmdb": {
        "adult": false,
        "backdrop_path": "/dENLz9Np9EV5Ro8UIBhbKC8BmSS.jpg",
        "belongs_to_collection": {
            "id": 173710,
            "name": "Planet of the Apes (Reboot) Collection",
            "poster_path": "/afGkMC4HF0YtXYNkyfCgTDLFe6m.jpg",
            "backdrop_path": "/iMhm0g555HgQNIXAMvnlgOiW5Rz.jpg"
        },
        "budget": 93000000,
        "genres": [
            {
                "id": 53,
                "name": "Thriller"
            },
            {
                "id": 28,
                "name": "Action"
            },
            {
                "id": 18,
                "name": "Drama"
            },
            {
                "id": 878,
                "name": "Science Fiction"
            }
        ],
        "homepage": "https://www.20thcenturystudios.com/movies/rise-of-the-planet-of-the-apes",
        "id": 61791,
        "imdb_id": "tt1318514",
        "origin_country": [
            "US"
        ],
        "original_language": "en",
        "original_title": "Rise of the Planet of the Apes",
        "overview": "A highly intelligent chimpanzee named Caesar has been living a peaceful suburban life ever since he was born. But when he gets taken to a cruel primate facility, Caesar decides to revolt against those who have harmed him.",
        "popularity": 17.5714,
        "poster_path": "/oqA45qMyyo1TtrnVEBKxqmTPhbN.jpg",
        "production_companies": [
            {
                "id": 444,
                "logo_path": null,
                "name": "Dune Entertainment",
                "origin_country": "US"
            },
            {
                "id": 7076,
                "logo_path": "/8BFxn9NUWSgp0ndih569Gm62xiC.png",
                "name": "Chernin Entertainment",
                "origin_country": "US"
            },
            {
                "id": 290,
                "logo_path": "/jrgCuaQsY9ouP5ILZf4Dq4ZOkIX.png",
                "name": "Ingenious Media",
                "origin_country": "GB"
            },
            {
                "id": 10893,
                "logo_path": null,
                "name": "Big Screen Productions",
                "origin_country": "GB"
            },
            {
                "id": 25,
                "logo_path": "/qZCc1lty5FzX30aOCVRBLzaVmcp.png",
                "name": "20th Century Fox",
                "origin_country": "US"
            }
        ],
        "production_countries": [
            {
                "iso_3166_1": "GB",
                "name": "United Kingdom"
            },
            {
                "iso_3166_1": "US",
                "name": "United States of America"
            }
        ],
        "release_date": "2011-08-03",
        "revenue": 481800873,
        "runtime": 105,
        "spoken_languages": [
            {
                "english_name": "English",
                "iso_639_1": "en",
                "name": "English"
            }
        ],
        "status": "Released",
        "tagline": "Evolution Becomes Revolution.",
        "title": "Rise of the Planet of the Apes",
        "video": false,
        "vote_average": 7.332,
        "vote_count": 12137
    },
    "omdb": {
        "Title": "Rise of the Planet of the Apes",
        "Year": "2011",
        "Rated": "PG-13",
        "Released": "05 Aug 2011",
        "Runtime": "105 min",
        "Genre": "Action, Drama, Sci-Fi",
        "Director": "Rupert Wyatt",
        "Writer": "Rick Jaffa, Amanda Silver, Pierre Boulle",
        "Actors": "James Franco, Andy Serkis, Freida Pinto",
        "Plot": "A substance designed to help the brain repair itself gives advanced intelligence to a chimpanzee who leads an ape uprising.",
        "Language": "English, Sign ",
        "Country": "United States, United Kingdom, Canada",
        "Awards": "Nominated for 1 Oscar. 21 wins & 44 nominations total",
        "Poster": "https://m.media-amazon.com/images/M/MV5BMjllODU1NDItODU1Ni00N2Y2LTg4Y2ItOTJjMTczZDliN2FhXkEyXkFqcGc@._V1_SX300.jpg",
        "Ratings": [
            {
                "Source": "Internet Movie Database",
                "Value": "7.6/10"
            },
            {
                "Source": "Rotten Tomatoes",
                "Value": "82%"
            },
            {
                "Source": "Metacritic",
                "Value": "68/100"
            }
        ],
        "Metascore": "68",
        "imdbRating": "7.6",
        "imdbVotes": "591,942",
        "imdbID": "tt1318514",
        "Type": "movie",
        "DVD": "N/A",
        "BoxOffice": "$176,760,185",
        "Production": "N/A",
        "Website": "N/A",
        "Response": "True"
    }
}