{
    "tmdb": {
        "adult": false,
        "backdrop_path": "/4ybnt8HD4slaCykBXNZwZaLd5LQ.jpg",
        "belongs_to_collection": null,
        "budget": 0,
        "genres": [
            {
                "id": 10749,
                "name": "Romance"
            },
            {
                "id": 35,
                "name": "Comedy"
            },
            {
                "id": 18,
                "name": "Drama"
            }
        ],
        "homepage": "https://www.netflix.com/title/81246107",
        "id": 1254786,
        "imdb_id": "tt2172954",
        "origin_country": [
            "US"
        ],
        "original_language": "en",
        "original_title": "The Life List",
        "overview": "When her mother sends her on a quest to complete a teenage bucket list, a young woman uncovers family secrets, finds romance — and rediscovers herself.",
        "popularity": 27.6892,
        "poster_path": "/5fg98cVo7da7OIK45csdLSd4NaU.jpg",
        "production_companies": [
            {
                "id": 123420,
                "logo_path": "/hljaOO48h8RAnB6vsVyQ65DFkGP.png",
                "name": "3dot Productions",
                "origin_country": "US"
            }
        ],
        "production_countries": [
            {
                "iso_3166_1": "US",
                "name": "United States of America"
            }
        ],
        "release_date": "2025-03-27",
        "revenue": 0,
        "runtime": 123,
        "spoken_languages": [
            {
                "english_name": "English",
                "iso_639_1": "en",
                "name": "English"
            }
        ],
        "status": "Released",
        "tagline": "For everyone who's still figuring it out.",
        "title": "The Life List",
        "video": false,
        "vote_average": 6.84,
        "vote_count": 331
    },
    "omdb": {
        "Title": "The Life List",
        "Year": "2025",
        "Rated": "PG-13",
        "Released": "28 Mar 2025",
        "Runtime": "123 min",
        "Genre": "Comedy, Drama, Romance",
        "Director": "Adam Brooks",
        "Writer": "Adam Brooks, Lori Nelson Spielman",
        "Actors": "Sofia Carson, Kyle Allen, Sebastian De Souza",
        "Plot": "A woman revisits her childhood aspirations, endeavoring to achieve her old goals, only to discover that pursuing these lifelong dreams takes her on an unforeseen and surprising journey.",
        "Language": "English",
        "Country": "United States",
        "Awards": "1 win total",
        "Poster": "https://m.media-amazon.com/images/M/MV5BMjNhNzUyMTQtYTFiZS00NzM2LWI3YTgtZmI1ZTA1MDUzMzBhXkEyXkFqcGc@._V1_SX300.jpg",
        "Ratings": [
            {
                "Source": "Internet Movie Database",
                "Value": "6.9/10"
            },
            {
                "Source": "Rotten Tomatoes",
                "Value": "36%"
            },
            {
                "Source": "Metacritic",
                "Value": "49/100"
            }
        ],
        "Metascore": "49",
        "imdbRating": "6.9",
        "imdbVotes": "19,171",
        "imdbID": "tt2172954",
        "Type": "movie",
        "DVD": "N/A",
        "BoxOffice": "N/A",
        "Production": "N/A",
        "Website": "N/A",
        "Response": "True"
    }
}