{
    "tmdb": {
        "adult": false,
        "backdrop_path": "/2RV5M80S4El2R5bmqpBJx6hpquT.jpg",
        "belongs_to_collection": null,
        "budget": 5500000,
        "genres": [
            {
                "id": 18,
                "name": "Drama"
            },
            {
                "id": 36,
                "name": "History"
            }
        ],
        "homepage": "",
        "id": 953735,
        "imdb_id": "tt20251542",
        "origin_country": [
            "FR"
        ],
        "original_language": "fr",
        "original_title": "Marinette",
        "overview": "Based on the biography Ne jamais rien lâcher, the script traces the career of Marinette Pichon over three decades. Born in 1975, she was the pioneer of French women's football and one of the greatest stars of that sport in the world. A prodigy discovered at the age of five, she went on to become the first French player to make a career in the United States (men/women combined) and the record holder for the number of goals and selections for the French team (men/women combined). From her childhood, ravaged by an alcoholic and violent father, to the American dream (she was crowned best player and best scorer in the prestigious US league in 2002 and 2003 and \"Most Valuable Player\" in 2003), via her career with the French team, Marinette paints the portrait of a kid from a working-class background who was not destined for such an extraordinary career path...",
        "popularity": 14.3407,
        "poster_path": "/aM7o55PKT45q630Qmma1fNu99Cd.jpg",
        "production_companies": [
            {
                "id": 591,
                "logo_path": "/q5I5RDwMEiqoNmfaJgd2LraEOJY.png",
                "name": "France 3 Cinéma",
                "origin_country": "FR"
            },
            {
                "id": 75242,
                "logo_path": "/hrZzmOGhzhv473sIInHtSNwQOhT.png",
                "name": "Pictanovo",
                "origin_country": "FR"
            },
            {
                "id": 17690,
                "logo_path": null,
                "name": "Vigo Films",
                "origin_country": "FR"
            }
        ],
        "production_countries": [
            {
                "iso_3166_1": "FR",
                "name": "France"
            }
        ],
        "release_date": "2023-06-07",
        "revenue": 0,
        "runtime": 104,
        "spoken_languages": [
            {
                "english_name": "French",
                "iso_639_1": "fr",
                "name": "Français"
            },
            {
                "english_name": "English",
                "iso_639_1": "en",
                "name": "English"
            }
        ],
        "status": "Released",
        "tagline": "",
        "title": "Marinette",
        "video": false,
        "vote_average": 6.661,
        "vote_count": 62
    },
    "omdb": {
        "Title": "Marinette",
        "Year": "2023",
        "Rated": "N/A",
        "Released": "07 Jun 2023",
        "Runtime": "95 min",
        "Genre": "Biography, Drama, Sport",
        "Director": "Virginie Verrier",
        "Writer": "Virginie Verrier, Marinette Pichon, Fabien Lévêque",
        "Actors": "Garance Marillier, Émilie Dequenne, Alban Lenoir",
        "Plot": "Biopic of Marinette Pichon, the first French female soccer player to sign on to the American professional league, record-woman in number of goals per game, and selections for the French national team.",
        "Language": "French, English",
        "Country": "France",
        "Awards": "1 nomination total",
        "Poster": "https://m.media-amazon.com/images/M/MV5BNWU2YjgwMzYtMzEwMC00ZThhLWJlZTYtY2Q2ZjdjODhmYTBmXkEyXkFqcGc@._V1_SX300.jpg",
        "Ratings": [
            {
                "Source": "Internet Movie Database",
                "Value": "6.3/10"
            }
        ],
        "Metascore": "N/A",
        "imdbRating": "6.3",
        "imdbVotes": "536",
        "imdbID": "tt20251542",
        "Type": "movie",
        "DVD": "N/A",
        "BoxOffice": "N/A",
        "Production": "N/A",
        "Website": "N/A",
        "Response": "True"
    }
}