{
    "tmdb": {
        "adult": false,
        "backdrop_path": "/uzIGtyS6bbnJzGsPL93WCF1FWm8.jpg",
        "belongs_to_collection": {
            "id": 295,
            "name": "Pirates of the Caribbean Collection",
            "poster_path": "/4KUJ38SsViJTsUmTRvXxerBNwAv.jpg",
            "backdrop_path": "/wxgD3fB5lQ2sGJLog0rvXW049Pf.jpg"
        },
        "budget": 379000000,
        "genres": [
            {
                "id": 12,
                "name": "Adventure"
            },
            {
                "id": 28,
                "name": "Action"
            },
            {
                "id": 14,
                "name": "Fantasy"
            }
        ],
        "homepage": "https://movies.disney.com/pirates-of-the-caribbean-on-stranger-tides",
        "id": 1865,
        "imdb_id": "tt1298650",
        "origin_country": [
            "US"
        ],
        "original_language": "en",
        "original_title": "Pirates of the Caribbean: On Stranger Tides",
        "overview": "Captain Jack Sparrow crosses paths with a woman from his past, and he's not sure if it's love — or if she's a ruthless con artist who's using him to find the fabled Fountain of Youth. When she forces him aboard the Queen Anne's Revenge, the ship of the formidable pirate Blackbeard, Jack finds himself on an unexpected adventure in which he doesn't know who to fear more: Blackbeard or the woman from his past.",
        "popularity": 17.5485,
        "poster_path": "/keGfSvCmYj7CvdRx36OdVrAEibE.jpg",
        "production_companies": [
            {
                "id": 2,
                "logo_path": "/wdrCwmRnLFJhEoH8GSfymY85KHT.png",
                "name": "Walt Disney Pictures",
                "origin_country": "US"
            },
            {
                "id": 130,
                "logo_path": "/c9dVHPOL3cqCr2593Ahk0nEKTEM.png",
                "name": "Jerry Bruckheimer Films",
                "origin_country": "US"
            },
            {
                "id": 20478,
                "logo_path": "/gSS2OBc6dRsK2ewRx5lcwnARrpl.png",
                "name": "Moving Picture Company",
                "origin_country": "GB"
            }
        ],
        "production_countries": [
            {
                "iso_3166_1": "GB",
                "name": "United Kingdom"
            },
            {
                "iso_3166_1": "US",
                "name": "United States of America"
            }
        ],
        "release_date": "2011-05-15",
        "revenue": 1046721266,
        "runtime": 136,
        "spoken_languages": [
            {
                "english_name": "English",
                "iso_639_1": "en",
                "name": "English"
            },
            {
                "english_name": "Spanish",
                "iso_639_1": "es",
                "name": "Español"
            }
        ],
        "status": "Released",
        "tagline": "Live forever or die trying.",
        "title": "Pirates of the Caribbean: On Stranger Tides",
        "video": false,
        "vote_average": 6.558,
        "vote_count": 14274
    },
    "omdb": {
        "Title": "Pirates of the Caribbean: On Stranger Tides",
        "Year": "2011",
        "Rated": "PG-13",
        "Released": "20 May 2011",
        "Runtime": "136 min",
        "Genre": "Action, Adventure, Fantasy",
        "Director": "Rob Marshall",
        "Writer": "Ted Elliott, Terry Rossio, Stuart Beattie",
        "Actors": "Johnny Depp, Penélope Cruz, Ian McShane",
        "Plot": "Jack Sparrow and Barbossa embark on a quest to find the elusive fountain of youth, only to discover that Blackbeard and his daughter are after it too.",
        "Language": "English, Spanish",
        "Country": "United States, United Kingdom",
        "Awards": "3 wins & 31 nominations total",
        "Poster": "https://m.media-amazon.com/images/M/MV5BMjE5MjkwODI3Nl5BMl5BanBnXkFtZTcwNjcwMDk4NA@@._V1_SX300.jpg",
        "Ratings": [
            {
                "Source": "Internet Movie Database",
                "Value": "6.6/10"
            },
            {
                "Source": "Rotten Tomatoes",
                "Value": "32%"
            },
            {
                "Source": "Metacritic",
                "Value": "45/100"
            }
        ],
        "Metascore": "45",
        "imdbRating": "6.6",
        "imdbVotes": "584,632",
        "imdbID": "tt1298650",
        "Type": "movie",
        "DVD": "N/A",
        "BoxOffice": "$241,071,802",
        "Production": "N/A",
        "Website": "N/A",
        "Response": "True"
    }
}