{
    "tmdb": {
        "adult": false,
        "backdrop_path": "/nG5zmbVeYlcDhckrPAe06fArywn.jpg",
        "belongs_to_collection": null,
        "budget": 23000000,
        "genres": [
            {
                "id": 10749,
                "name": "Romance"
            },
            {
                "id": 878,
                "name": "Science Fiction"
            },
            {
                "id": 18,
                "name": "Drama"
            }
        ],
        "homepage": "https://www.warnerbros.com/movies/her",
        "id": 152601,
        "imdb_id": "tt1798709",
        "origin_country": [
            "US"
        ],
        "original_language": "en",
        "original_title": "Her",
        "overview": "In the not so distant future, Theodore, a lonely writer, purchases a newly developed operating system designed to meet the user's every need. To Theodore's surprise, a romantic relationship develops between him and his operating system. This unconventional love story blends science fiction and romance in a sweet tale that explores the nature of love and the ways that technology isolates and connects us all.",
        "popularity": 14.2844,
        "poster_path": "/lEIaL12hSkqqe83kgADkbUqEnvk.jpg",
        "production_companies": [
            {
                "id": 13184,
                "logo_path": "/pfUB1a62jSMIqp4Xmaq6z2cgW0B.png",
                "name": "Annapurna Pictures",
                "origin_country": "US"
            }
        ],
        "production_countries": [
            {
                "iso_3166_1": "US",
                "name": "United States of America"
            }
        ],
        "release_date": "2013-12-18",
        "revenue": 47351251,
        "runtime": 126,
        "spoken_languages": [
            {
                "english_name": "English",
                "iso_639_1": "en",
                "name": "English"
            }
        ],
        "status": "Released",
        "tagline": "A Spike Jonze love story.",
        "title": "Her",
        "video": false,
        "vote_average": 7.851,
        "vote_count": 14522
    },
    "omdb": {
        "Title": "Her",
        "Year": "2013",
        "Rated": "R",
        "Released": "10 Jan 2014",
        "Runtime": "126 min",
        "Genre": "Drama, Romance, Sci-Fi",
        "Director": "Spike Jonze",
        "Writer": "Spike Jonze",
        "Actors": "Joaquin Phoenix, Amy Adams, Scarlett Johansson",
        "Plot": "In the near future, a lonely writer develops an unlikely relationship with an operating system designed to meet his every need.",
        "Language": "English",
        "Country": "United States",
        "Awards": "Won 1 Oscar. 83 wins & 186 nominations total",
        "Poster": "https://m.media-amazon.com/images/M/MV5BMjA1Nzk0OTM2OF5BMl5BanBnXkFtZTgwNjU2NjEwMDE@._V1_SX300.jpg",
        "Ratings": [
            {
                "Source": "Internet Movie Database",
                "Value": "8.0/10"
            },
            {
                "Source": "Rotten Tomatoes",
                "Value": "95%"
            },
            {
                "Source": "Metacritic",
                "Value": "91/100"
            }
        ],
        "Metascore": "91",
        "imdbRating": "8.0",
        "imdbVotes": "693,732",
        "imdbID": "tt1798709",
        "Type": "movie",
        "DVD": "N/A",
        "BoxOffice": "$25,568,251",
        "Production": "N/A",
        "Website": "N/A",
        "Response": "True"
    }
}