{
    "tmdb": {
        "adult": false,
        "backdrop_path": "/9ly9pxGwiB6g5lIZXou2HKXl7ua.jpg",
        "belongs_to_collection": null,
        "budget": 15000000,
        "genres": [
            {
                "id": 18,
                "name": "Drama"
            },
            {
                "id": 53,
                "name": "Thriller"
            },
            {
                "id": 80,
                "name": "Crime"
            }
        ],
        "homepage": "http://www.sonypictures.com/movies/drive/",
        "id": 64690,
        "imdb_id": "tt0780504",
        "origin_country": [
            "US"
        ],
        "original_language": "en",
        "original_title": "Drive",
        "overview": "Driver is a skilled Hollywood stuntman who moonlights as a getaway driver for criminals. Though he projects an icy exterior, lately he's been warming up to a pretty neighbor named Irene and her young son, Benicio. When Irene's husband gets out of jail, he enlists Driver's help in a million-dollar heist. The job goes horribly wrong, and Driver must risk his life to protect Irene and Benicio from the vengeful masterminds behind the robbery.",
        "popularity": 16.3025,
        "poster_path": "/602vevIURmpDfzbnv5Ubi6wIkQm.jpg",
        "production_companies": [
            {
                "id": 7263,
                "logo_path": "/auaadhBBcvvTDtmW2iJzOrEjfgO.png",
                "name": "FilmDistrict",
                "origin_country": "US"
            },
            {
                "id": 2266,
                "logo_path": "/owzVs2mguyyJ3vIn7EbgowpUPnk.png",
                "name": "Bold Films",
                "origin_country": "US"
            },
            {
                "id": 2527,
                "logo_path": "/osO7TGmlRMistSQ5JZusPhbKUHk.png",
                "name": "Marc Platt Productions",
                "origin_country": "US"
            },
            {
                "id": 3263,
                "logo_path": "/fvQzPr1XM8wq0qp8Rt7Z68rdhAZ.png",
                "name": "OddLot Entertainment",
                "origin_country": "US"
            },
            {
                "id": 11337,
                "logo_path": null,
                "name": "Motel Movies",
                "origin_country": "US"
            },
            {
                "id": 46625,
                "logo_path": null,
                "name": "Newbridge Film Capital",
                "origin_country": ""
            }
        ],
        "production_countries": [
            {
                "iso_3166_1": "US",
                "name": "United States of America"
            }
        ],
        "release_date": "2011-09-15",
        "revenue": 78100000,
        "runtime": 100,
        "spoken_languages": [
            {
                "english_name": "English",
                "iso_639_1": "en",
                "name": "English"
            }
        ],
        "status": "Released",
        "tagline": "There are no clean getaways.",
        "title": "Drive",
        "video": false,
        "vote_average": 7.581,
        "vote_count": 12852
    },
    "omdb": {
        "Title": "Drive",
        "Year": "2011",
        "Rated": "R",
        "Released": "16 Sep 2011",
        "Runtime": "100 min",
        "Genre": "Action, Drama",
        "Director": "Nicolas Winding Refn",
        "Writer": "Hossein Amini, James Sallis",
        "Actors": "Ryan Gosling, Carey Mulligan, Bryan Cranston",
        "Plot": "A mysterious Hollywood action film stuntman gets in trouble with gangsters when he tries to help his neighbor's husband rob a pawn shop while serving as his getaway driver.",
        "Language": "English, Spanish",
        "Country": "United States",
        "Awards": "Nominated for 1 Oscar. 79 wins & 180 nominations total",
        "Poster": "https://m.media-amazon.com/images/M/MV5BYTFmNTFlOTAtNzEyNi00MWU2LTg3MGEtYjA2NWY3MDliNjlkXkEyXkFqcGc@._V1_SX300.jpg",
        "Ratings": [
            {
                "Source": "Internet Movie Database",
                "Value": "7.8/10"
            },
            {
                "Source": "Rotten Tomatoes",
                "Value": "93%"
            },
            {
                "Source": "Metacritic",
                "Value": "79/100"
            }
        ],
        "Metascore": "79",
        "imdbRating": "7.8",
        "imdbVotes": "731,749",
        "imdbID": "tt0780504",
        "Type": "movie",
        "DVD": "N/A",
        "BoxOffice": "$35,061,555",
        "Production": "N/A",
        "Website": "N/A",
        "Response": "True"
    }
}