{
    "tmdb": {
        "adult": false,
        "backdrop_path": "/rNqfOqFYpSCeSq2YC5pY8F80Yz4.jpg",
        "belongs_to_collection": {
            "id": 2602,
            "name": "Scream Collection",
            "poster_path": "/p3EjClFy20jjT0u06dzBs4lvvhi.jpg",
            "backdrop_path": "/fG6GzZAwtsW3v2mhB4EyQLMRjUV.jpg"
        },
        "budget": 24000000,
        "genres": [
            {
                "id": 27,
                "name": "Horror"
            },
            {
                "id": 9648,
                "name": "Mystery"
            }
        ],
        "homepage": "",
        "id": 4233,
        "imdb_id": "tt0120082",
        "origin_country": [
            "US"
        ],
        "original_language": "en",
        "original_title": "Scream 2",
        "overview": "Two years after the first series of murders, as Sidney Prescott acclimates to college life, someone donning the Ghostface costume begins a new string of killings.",
        "popularity": 34.5204,
        "poster_path": "/dORlVasiaDkJXTqt9bdH7nFNs6C.jpg",
        "production_companies": [
            {
                "id": 7405,
                "logo_path": "/rfnws0uY8rsNAsrLbx3gEIcYXx3.png",
                "name": "Dimension Films",
                "origin_country": "US"
            },
            {
                "id": 85,
                "logo_path": null,
                "name": "Konrad Pictures",
                "origin_country": ""
            },
            {
                "id": 1600,
                "logo_path": null,
                "name": "Craven-Maddalena Films",
                "origin_country": ""
            }
        ],
        "production_countries": [
            {
                "iso_3166_1": "US",
                "name": "United States of America"
            }
        ],
        "release_date": "1997-12-12",
        "revenue": 172363301,
        "runtime": 120,
        "spoken_languages": [
            {
                "english_name": "English",
                "iso_639_1": "en",
                "name": "English"
            }
        ],
        "status": "Released",
        "tagline": "Someone has taken their love of sequels one step too far.",
        "title": "Scream 2",
        "video": false,
        "vote_average": 6.494,
        "vote_count": 4312
    },
    "omdb": {
        "Title": "Scream 2",
        "Year": "1997",
        "Rated": "R",
        "Released": "12 Dec 1997",
        "Runtime": "120 min",
        "Genre": "Horror, Mystery",
        "Director": "Wes Craven",
        "Writer": "Kevin Williamson",
        "Actors": "Neve Campbell, Courteney Cox, David Arquette",
        "Plot": "Two years after the first series of murders, as Sidney acclimates to college life, someone donning the Ghostface costume begins a new string of killings.",
        "Language": "English",
        "Country": "United States",
        "Awards": "8 wins & 13 nominations total",
        "Poster": "https://m.media-amazon.com/images/M/MV5BODE5YWJkMDMtN2ZiNC00MjI5LTkxYTgtOTkyZjUwMjU0YThiXkEyXkFqcGc@._V1_SX300.jpg",
        "Ratings": [
            {
                "Source": "Internet Movie Database",
                "Value": "6.3/10"
            },
            {
                "Source": "Rotten Tomatoes",
                "Value": "82%"
            },
            {
                "Source": "Metacritic",
                "Value": "62/100"
            }
        ],
        "Metascore": "62",
        "imdbRating": "6.3",
        "imdbVotes": "221,154",
        "imdbID": "tt0120082",
        "Type": "movie",
        "DVD": "N/A",
        "BoxOffice": "$101,363,301",
        "Production": "N/A",
        "Website": "N/A",
        "Response": "True"
    }
}