{
    "tmdb": {
        "adult": false,
        "backdrop_path": "/xyXmtuvsoM5J3yNad0nvcetpBdY.jpg",
        "belongs_to_collection": {
            "id": 121938,
            "name": "The Hobbit Collection",
            "poster_path": "/hQghXOjSS2xfzx9XnMyZqt8brCF.jpg",
            "backdrop_path": "/7wO7MSnP5UcwR2cTHdJFF1vP4Ie.jpg"
        },
        "budget": 250000000,
        "genres": [
            {
                "id": 12,
                "name": "Adventure"
            },
            {
                "id": 14,
                "name": "Fantasy"
            },
            {
                "id": 28,
                "name": "Action"
            }
        ],
        "homepage": "http://www.thehobbit.com/",
        "id": 49051,
        "imdb_id": "tt0903624",
        "origin_country": [
            "US"
        ],
        "original_language": "en",
        "original_title": "The Hobbit: An Unexpected Journey",
        "overview": "Bilbo Baggins, a hobbit enjoying his quiet life, is swept into an epic quest by Gandalf the Grey and thirteen dwarves who seek to reclaim their mountain home from Smaug, the dragon.",
        "popularity": 21.7832,
        "poster_path": "/yHA9Fc37VmpUA5UncTxxo3rTGVA.jpg",
        "production_companies": [
            {
                "id": 12,
                "logo_path": "/2ycs64eqV5rqKYHyQK0GVoKGvfX.png",
                "name": "New Line Cinema",
                "origin_country": "US"
            },
            {
                "id": 21,
                "logo_path": "/usUnaYV6hQnlVAXP6r4HwrlLFPG.png",
                "name": "Metro-Goldwyn-Mayer",
                "origin_country": "US"
            },
            {
                "id": 11,
                "logo_path": "/6FAuASQHybRkZUk08p9PzSs9ezM.png",
                "name": "WingNut Films",
                "origin_country": "NZ"
            }
        ],
        "production_countries": [
            {
                "iso_3166_1": "NZ",
                "name": "New Zealand"
            },
            {
                "iso_3166_1": "US",
                "name": "United States of America"
            }
        ],
        "release_date": "2012-12-12",
        "revenue": 1021103568,
        "runtime": 169,
        "spoken_languages": [
            {
                "english_name": "English",
                "iso_639_1": "en",
                "name": "English"
            }
        ],
        "status": "Released",
        "tagline": "From the smallest beginnings come the greatest legends.",
        "title": "The Hobbit: An Unexpected Journey",
        "video": false,
        "vote_average": 7.358,
        "vote_count": 18737
    },
    "omdb": {
        "Title": "The Hobbit: An Unexpected Journey",
        "Year": "2012",
        "Rated": "PG-13",
        "Released": "14 Dec 2012",
        "Runtime": "169 min",
        "Genre": "Adventure, Fantasy",
        "Director": "Peter Jackson",
        "Writer": "Fran Walsh, Philippa Boyens, Peter Jackson",
        "Actors": "Martin Freeman, Ian McKellen, Richard Armitage",
        "Plot": "A reluctant Hobbit, Bilbo Baggins, sets out to the Lonely Mountain with a spirited group of dwarves to reclaim their mountain home and the gold within it from the dragon Smaug.",
        "Language": "English",
        "Country": "New Zealand, United States",
        "Awards": "Nominated for 3 Oscars. 11 wins & 76 nominations total",
        "Poster": "https://m.media-amazon.com/images/M/MV5BMTcwNTE4MTUxMl5BMl5BanBnXkFtZTcwMDIyODM4OA@@._V1_SX300.jpg",
        "Ratings": [
            {
                "Source": "Internet Movie Database",
                "Value": "7.8/10"
            },
            {
                "Source": "Rotten Tomatoes",
                "Value": "64%"
            },
            {
                "Source": "Metacritic",
                "Value": "58/100"
            }
        ],
        "Metascore": "58",
        "imdbRating": "7.8",
        "imdbVotes": "900,813",
        "imdbID": "tt0903624",
        "Type": "movie",
        "DVD": "N/A",
        "BoxOffice": "$303,030,651",
        "Production": "N/A",
        "Website": "N/A",
        "Response": "True"
    }
}