{
    "tmdb": {
        "adult": false,
        "backdrop_path": "/dExUxMWt0UjS93waeCGYeDr1D7m.jpg",
        "belongs_to_collection": null,
        "budget": 25000000,
        "genres": [
            {
                "id": 35,
                "name": "Comedy"
            },
            {
                "id": 18,
                "name": "Drama"
            }
        ],
        "homepage": "https://www.focusfeatures.com/asteroid-city",
        "id": 747188,
        "imdb_id": "tt14230388",
        "origin_country": [
            "US"
        ],
        "original_language": "en",
        "original_title": "Asteroid City",
        "overview": "In an American desert town circa 1955, the itinerary of a Junior Stargazer/Space Cadet convention is spectacularly disrupted by world-changing events.",
        "popularity": 14.6237,
        "poster_path": "/hfo7pvL9Fys7rocfL4VOzw9qDEQ.jpg",
        "production_companies": [
            {
                "id": 9350,
                "logo_path": "/xz60JVoUHpOeg1cJbxzMJiwbuL7.png",
                "name": "Indian Paintbrush",
                "origin_country": "US"
            },
            {
                "id": 23449,
                "logo_path": "/tPjESdmiEqfErAlDwFUoh0ldUQM.png",
                "name": "American Empirical Pictures",
                "origin_country": "US"
            },
            {
                "id": 264,
                "logo_path": "/fA90qwUKgPhMONqtwY60GaHRyrW.png",
                "name": "Studio Babelsberg",
                "origin_country": "DE"
            }
        ],
        "production_countries": [
            {
                "iso_3166_1": "US",
                "name": "United States of America"
            },
            {
                "iso_3166_1": "DE",
                "name": "Germany"
            }
        ],
        "release_date": "2023-06-08",
        "revenue": 47281670,
        "runtime": 105,
        "spoken_languages": [
            {
                "english_name": "English",
                "iso_639_1": "en",
                "name": "English"
            }
        ],
        "status": "Released",
        "tagline": "Keep telling the story.",
        "title": "Asteroid City",
        "video": false,
        "vote_average": 6.46,
        "vote_count": 2077
    },
    "omdb": {
        "Title": "Asteroid City",
        "Year": "2023",
        "Rated": "PG-13",
        "Released": "23 Jun 2023",
        "Runtime": "105 min",
        "Genre": "Comedy, Drama, Romance",
        "Director": "Wes Anderson",
        "Writer": "Wes Anderson, Roman Coppola",
        "Actors": "Jason Schwartzman, Scarlett Johansson, Tom Hanks",
        "Plot": "World-changing events spectacularly disrupt the annual Asteroid Day celebration in an American desert town.",
        "Language": "English",
        "Country": "United States",
        "Awards": "5 wins & 90 nominations total",
        "Poster": "https://m.media-amazon.com/images/M/MV5BZjY2YjYxNjEtNDJkYi00ZmJjLWIwYTEtNjEyZDgzY2M5ZDc3XkEyXkFqcGc@._V1_SX300.jpg",
        "Ratings": [
            {
                "Source": "Internet Movie Database",
                "Value": "6.5/10"
            },
            {
                "Source": "Rotten Tomatoes",
                "Value": "76%"
            },
            {
                "Source": "Metacritic",
                "Value": "76/100"
            }
        ],
        "Metascore": "76",
        "imdbRating": "6.5",
        "imdbVotes": "129,381",
        "imdbID": "tt14230388",
        "Type": "movie",
        "DVD": "N/A",
        "BoxOffice": "$28,153,025",
        "Production": "N/A",
        "Website": "N/A",
        "Response": "True"
    }
}