{
    "tmdb": {
        "adult": false,
        "backdrop_path": "/lMWOcXVA62xnk1jSaz8iwrxVJR7.jpg",
        "belongs_to_collection": null,
        "budget": 0,
        "genres": [
            {
                "id": 18,
                "name": "Drama"
            }
        ],
        "homepage": "https://www.hbomax.com/the-fallout",
        "id": 795514,
        "imdb_id": "tt11847410",
        "origin_country": [
            "US"
        ],
        "original_language": "en",
        "original_title": "The Fallout",
        "overview": "In the wake of a school tragedy, Vada, Mia and Quinton form a unique and dynamic bond as they navigate the never linear, often confusing journey to heal in a world that feels forever changed.",
        "popularity": 14.6788,
        "poster_path": "/4ByHl9XRKR2iXbvF0ZilMRD1RcL.jpg",
        "production_companies": [
            {
                "id": 130128,
                "logo_path": null,
                "name": "Clear Horizon Entertainment",
                "origin_country": "US"
            },
            {
                "id": 65649,
                "logo_path": "/tXTuZTEcYYB1hIyAAwDyhZE0f7c.png",
                "name": "SSS Entertainment",
                "origin_country": "US"
            }
        ],
        "production_countries": [
            {
                "iso_3166_1": "US",
                "name": "United States of America"
            }
        ],
        "release_date": "2021-03-17",
        "revenue": 0,
        "runtime": 96,
        "spoken_languages": [
            {
                "english_name": "English",
                "iso_639_1": "en",
                "name": "English"
            }
        ],
        "status": "Released",
        "tagline": "Nothing will ever be the same.",
        "title": "The Fallout",
        "video": false,
        "vote_average": 7.572,
        "vote_count": 1187
    },
    "omdb": {
        "Title": "The Fallout",
        "Year": "2021",
        "Rated": "R",
        "Released": "27 Jan 2022",
        "Runtime": "96 min",
        "Genre": "Drama",
        "Director": "Megan Park",
        "Writer": "Megan Park",
        "Actors": "Jenna Ortega, Maddie Ziegler, Niles Fitch",
        "Plot": "High schooler Vada navigates the emotional fallout she experiences in the wake of a school tragedy. Relationships with her family, friends and view of the world are forever altered.",
        "Language": "English",
        "Country": "United States",
        "Awards": "6 wins & 8 nominations total",
        "Poster": "https://m.media-amazon.com/images/M/MV5BMzRmN2Q2NmYtODAxMi00OGZmLWIyODAtMjU0ZDVmNGNiY2EyXkEyXkFqcGc@._V1_SX300.jpg",
        "Ratings": [
            {
                "Source": "Internet Movie Database",
                "Value": "7.0/10"
            },
            {
                "Source": "Rotten Tomatoes",
                "Value": "91%"
            },
            {
                "Source": "Metacritic",
                "Value": "84/100"
            }
        ],
        "Metascore": "84",
        "imdbRating": "7.0",
        "imdbVotes": "37,653",
        "imdbID": "tt11847410",
        "Type": "movie",
        "DVD": "N/A",
        "BoxOffice": "N/A",
        "Production": "N/A",
        "Website": "N/A",
        "Response": "True"
    }
}