{
    "tmdb": {
        "adult": false,
        "backdrop_path": "/pxL08w7Eq0vKrQ3mJzYp0VHGaKG.jpg",
        "belongs_to_collection": null,
        "budget": 40000000,
        "genres": [
            {
                "id": 28,
                "name": "Action"
            },
            {
                "id": 53,
                "name": "Thriller"
            },
            {
                "id": 878,
                "name": "Science Fiction"
            }
        ],
        "homepage": "",
        "id": 49530,
        "imdb_id": "tt1637688",
        "origin_country": [
            "US"
        ],
        "original_language": "en",
        "original_title": "In Time",
        "overview": "In the not-too-distant future, the aging gene has been switched off. To avoid overpopulation, time has become the currency and the way people pay for luxuries and necessities. The rich can live forever, while the rest struggle to negotiate for their immortality. A poor young man who suddenly comes into a fortune of time finds himself on the run from a corrupt police force known as the \"time keepers\".",
        "popularity": 19.5384,
        "poster_path": "/3Mwj2sIONQckOZP3YwsUXF7U5I4.jpg",
        "production_companies": [
            {
                "id": 10104,
                "logo_path": "/4sGWXoboEkWPphI6es6rTmqkCBh.png",
                "name": "New Regency Pictures",
                "origin_country": "US"
            },
            {
                "id": 655,
                "logo_path": null,
                "name": "Strike Entertainment",
                "origin_country": "US"
            }
        ],
        "production_countries": [
            {
                "iso_3166_1": "US",
                "name": "United States of America"
            }
        ],
        "release_date": "2011-10-27",
        "revenue": 173900000,
        "runtime": 109,
        "spoken_languages": [
            {
                "english_name": "English",
                "iso_639_1": "en",
                "name": "English"
            }
        ],
        "status": "Released",
        "tagline": "Live forever or die trying.",
        "title": "In Time",
        "video": false,
        "vote_average": 6.971,
        "vote_count": 11587
    },
    "omdb": {
        "Title": "In Time",
        "Year": "2011",
        "Rated": "PG-13",
        "Released": "28 Oct 2011",
        "Runtime": "109 min",
        "Genre": "Action, Sci-Fi, Thriller",
        "Director": "Andrew Niccol",
        "Writer": "Andrew Niccol",
        "Actors": "Justin Timberlake, Amanda Seyfried, Cillian Murphy",
        "Plot": "In a future where people stop aging at 25, but are engineered to live only one more year, having the means to buy your way out of the situation is a shot at immortal youth. Will Salas is accused of murder and on the run with a hos...",
        "Language": "English",
        "Country": "United States",
        "Awards": "2 nominations total",
        "Poster": "https://m.media-amazon.com/images/M/MV5BMjA3NzI1ODc1MV5BMl5BanBnXkFtZTcwMzI5NjQwNg@@._V1_SX300.jpg",
        "Ratings": [
            {
                "Source": "Internet Movie Database",
                "Value": "6.7/10"
            },
            {
                "Source": "Rotten Tomatoes",
                "Value": "36%"
            },
            {
                "Source": "Metacritic",
                "Value": "53/100"
            }
        ],
        "Metascore": "53",
        "imdbRating": "6.7",
        "imdbVotes": "463,944",
        "imdbID": "tt1637688",
        "Type": "movie",
        "DVD": "N/A",
        "BoxOffice": "$37,520,095",
        "Production": "N/A",
        "Website": "N/A",
        "Response": "True"
    }
}