{
    "tmdb": {
        "adult": false,
        "backdrop_path": "/Kj14WdD0Xqk7wZ5jXqHiyBMKtv.jpg",
        "belongs_to_collection": null,
        "budget": 0,
        "genres": [
            {
                "id": 27,
                "name": "Horror"
            },
            {
                "id": 28,
                "name": "Action"
            },
            {
                "id": 53,
                "name": "Thriller"
            }
        ],
        "homepage": "",
        "id": 1244361,
        "imdb_id": "tt32750439",
        "origin_country": [
            "TH"
        ],
        "original_language": "th",
        "original_title": "ช.พ.๑ สมรภูมิคืนชีพ",
        "overview": "Inexperienced Thai soldiers battle a growing undead menace in this gruesome survival horror. A Japanese military experiment that turns men into monsters escapes containment, it’s up to these troops to save their nation from annihilation.",
        "popularity": 14.9899,
        "poster_path": "/rs10lMBnJFnJX1Y7MYpyB8JiNAF.jpg",
        "production_companies": [
            {
                "id": 97789,
                "logo_path": null,
                "name": "IFA Media",
                "origin_country": ""
            },
            {
                "id": 123880,
                "logo_path": null,
                "name": "Kongkiat Production",
                "origin_country": ""
            },
            {
                "id": 250496,
                "logo_path": null,
                "name": "Black Dragon Entertainment",
                "origin_country": ""
            }
        ],
        "production_countries": [
            {
                "iso_3166_1": "SG",
                "name": "Singapore"
            },
            {
                "iso_3166_1": "TH",
                "name": "Thailand"
            }
        ],
        "release_date": "2024-07-20",
        "revenue": 0,
        "runtime": 110,
        "spoken_languages": [
            {
                "english_name": "Japanese",
                "iso_639_1": "ja",
                "name": "日本語"
            },
            {
                "english_name": "Thai",
                "iso_639_1": "th",
                "name": "ภาษาไทย"
            }
        ],
        "status": "Released",
        "tagline": "War eats you alive.",
        "title": "Operation Undead",
        "video": false,
        "vote_average": 3.8,
        "vote_count": 13
    },
    "omdb": {
        "Title": "Operation Undead",
        "Year": "2024",
        "Rated": "N/A",
        "Released": "01 Aug 2024",
        "Runtime": "110 min",
        "Genre": "Action, Drama, History",
        "Director": "Kome Kongkiat Komesiri",
        "Writer": "Kome Kongkiat Komesiri",
        "Actors": "Thawatchanin Darayon, Akkarat Nimitchai, Seigi Ozeki",
        "Plot": "1941. Chumphon Province, Thailand. Mok and his ragtag unit of young soldiers are thrown against the invading Japanese forces. The invaders bring with them a terrifying biological weapon, unaware that it has plans of its own.",
        "Language": "Thai, Japanese",
        "Country": "Thailand, Singapore",
        "Awards": "N/A",
        "Poster": "https://m.media-amazon.com/images/M/MV5BYzY1OGZjMTctODM0OC00M2VhLThlZDItNjU3ODIxZmNhOTllXkEyXkFqcGc@._V1_SX300.jpg",
        "Ratings": [
            {
                "Source": "Internet Movie Database",
                "Value": "4.8/10"
            }
        ],
        "Metascore": "N/A",
        "imdbRating": "4.8",
        "imdbVotes": "258",
        "imdbID": "tt32750439",
        "Type": "movie",
        "DVD": "N/A",
        "BoxOffice": "N/A",
        "Production": "N/A",
        "Website": "N/A",
        "Response": "True"
    }
}