{
    "tmdb": {
        "adult": false,
        "backdrop_path": "/dljPigvNMFEPkUeT0tQLwSd0w4w.jpg",
        "belongs_to_collection": null,
        "budget": 23200000,
        "genres": [
            {
                "id": 18,
                "name": "Drama"
            }
        ],
        "homepage": "https://mgm.com/movies/nickel-boys",
        "id": 1028196,
        "imdb_id": "tt23055660",
        "origin_country": [
            "US"
        ],
        "original_language": "en",
        "original_title": "Nickel Boys",
        "overview": "Chronicles the powerful friendship between two young Black teenagers navigating the harrowing trials of reform school together in Florida.",
        "popularity": 12.7614,
        "poster_path": "/lu2vmmtStmTNMmSZl2LgrrQpLZo.jpg",
        "production_companies": [
            {
                "id": 41,
                "logo_path": "/xAot4SSOIHiWQ2WEnVXYGR1lce9.png",
                "name": "Orion Pictures",
                "origin_country": "US"
            },
            {
                "id": 81,
                "logo_path": "/8wOfUhA7vwU2gbPjQy7Vv3EiF0o.png",
                "name": "Plan B Entertainment",
                "origin_country": "US"
            },
            {
                "id": 8469,
                "logo_path": "/gSSXLuayChi5h9KEuzfwd2UjWjm.png",
                "name": "Louverture Films",
                "origin_country": "US"
            },
            {
                "id": 10039,
                "logo_path": "/b8w4LldQolMKiLZw4FQJBcXSDGI.png",
                "name": "Anonymous Content",
                "origin_country": "US"
            }
        ],
        "production_countries": [
            {
                "iso_3166_1": "US",
                "name": "United States of America"
            }
        ],
        "release_date": "2024-12-13",
        "revenue": 3016380,
        "runtime": 140,
        "spoken_languages": [
            {
                "english_name": "English",
                "iso_639_1": "en",
                "name": "English"
            }
        ],
        "status": "Released",
        "tagline": "Like justice, it existed in theory.",
        "title": "Nickel Boys",
        "video": false,
        "vote_average": 6.5,
        "vote_count": 235
    },
    "omdb": {
        "Title": "Nickel Boys",
        "Year": "2024",
        "Rated": "PG-13",
        "Released": "28 Feb 2025",
        "Runtime": "140 min",
        "Genre": "Drama",
        "Director": "RaMell Ross",
        "Writer": "RaMell Ross, Joslyn Barnes, Colson Whitehead",
        "Actors": "Ethan Herisse, Brandon Wilson, Aunjanue Ellis-Taylor",
        "Plot": "Based on the Pulitzer Prize-winning novel by Colson Whitehead, \"Nickel Boys\" chronicles the powerful friendship between two young African-American men navigating the harrowing trials of reform school together in Florida.",
        "Language": "English",
        "Country": "United States",
        "Awards": "Nominated for 2 Oscars. 52 wins & 192 nominations total",
        "Poster": "https://m.media-amazon.com/images/M/MV5BMGRkMzIyY2QtMjc5My00NGRjLWE5ZGUtYjRiMDNjMzAwOTU0XkEyXkFqcGc@._V1_SX300.jpg",
        "Ratings": [
            {
                "Source": "Internet Movie Database",
                "Value": "7.0/10"
            },
            {
                "Source": "Rotten Tomatoes",
                "Value": "91%"
            },
            {
                "Source": "Metacritic",
                "Value": "91/100"
            }
        ],
        "Metascore": "91",
        "imdbRating": "7.0",
        "imdbVotes": "16,693",
        "imdbID": "tt23055660",
        "Type": "movie",
        "DVD": "N/A",
        "BoxOffice": "$2,858,346",
        "Production": "N/A",
        "Website": "N/A",
        "Response": "True"
    }
}