{
    "tmdb": {
        "adult": false,
        "backdrop_path": "/26SUDI2iKhZTIKcU4ZzezTH1G15.jpg",
        "belongs_to_collection": null,
        "budget": 5000000,
        "genres": [
            {
                "id": 18,
                "name": "Drama"
            },
            {
                "id": 37,
                "name": "Western"
            }
        ],
        "homepage": "",
        "id": 335,
        "imdb_id": "tt0064116",
        "origin_country": [
            "IT"
        ],
        "original_language": "it",
        "original_title": "C'era una volta il West",
        "overview": "As the railroad builders advance unstoppably through the Arizona desert on their way to the sea, Jill arrives in the small town of Flagstone with the intention of starting a new life.",
        "popularity": 27.7001,
        "poster_path": "/qbYgqOczabWNn2XKwgMtVrntD6P.jpg",
        "production_companies": [
            {
                "id": 4,
                "logo_path": "/gz66EfNoYPqHTYI4q9UEN4CbHRc.png",
                "name": "Paramount Pictures",
                "origin_country": "US"
            },
            {
                "id": 218,
                "logo_path": null,
                "name": "Rafran Cinematografica",
                "origin_country": "IT"
            },
            {
                "id": 25287,
                "logo_path": null,
                "name": "San Marco",
                "origin_country": "IT"
            }
        ],
        "production_countries": [
            {
                "iso_3166_1": "IT",
                "name": "Italy"
            },
            {
                "iso_3166_1": "US",
                "name": "United States of America"
            }
        ],
        "release_date": "1968-12-21",
        "revenue": 5380118,
        "runtime": 166,
        "spoken_languages": [
            {
                "english_name": "English",
                "iso_639_1": "en",
                "name": "English"
            }
        ],
        "status": "Released",
        "tagline": "There were three men in her life. One to take her… one to love her —and one to kill her.",
        "title": "Once Upon a Time in the West",
        "video": false,
        "vote_average": 8.283,
        "vote_count": 4504
    },
    "omdb": {
        "Title": "Once Upon a Time in the West",
        "Year": "1968",
        "Rated": "PG-13",
        "Released": "04 Jul 1969",
        "Runtime": "166 min",
        "Genre": "Drama, Western",
        "Director": "Sergio Leone",
        "Writer": "Sergio Donati, Sergio Leone, Dario Argento",
        "Actors": "Henry Fonda, Charles Bronson, Claudia Cardinale",
        "Plot": "A mysterious stranger with a harmonica joins forces with a notorious desperado to protect a beautiful widow from a ruthless assassin working for the railroad.",
        "Language": "Italian, English, Spanish",
        "Country": "Italy, United States",
        "Awards": "6 wins & 5 nominations total",
        "Poster": "https://m.media-amazon.com/images/M/MV5BZjYyNGY1MDEtN2I1MC00MGVhLTljZTYtODQ1NzQ0ODc2NzZlXkEyXkFqcGc@._V1_SX300.jpg",
        "Ratings": [
            {
                "Source": "Internet Movie Database",
                "Value": "8.5/10"
            },
            {
                "Source": "Rotten Tomatoes",
                "Value": "96%"
            },
            {
                "Source": "Metacritic",
                "Value": "82/100"
            }
        ],
        "Metascore": "82",
        "imdbRating": "8.5",
        "imdbVotes": "367,158",
        "imdbID": "tt0064116",
        "Type": "movie",
        "DVD": "N/A",
        "BoxOffice": "$5,321,508",
        "Production": "N/A",
        "Website": "N/A",
        "Response": "True"
    }
}