{
    "tmdb": {
        "adult": false,
        "backdrop_path": "/h6g3bziXf9D9ieZlik0bwB56sjk.jpg",
        "belongs_to_collection": null,
        "budget": 5000000,
        "genres": [
            {
                "id": 80,
                "name": "Crime"
            },
            {
                "id": 53,
                "name": "Thriller"
            },
            {
                "id": 35,
                "name": "Comedy"
            },
            {
                "id": 18,
                "name": "Drama"
            }
        ],
        "homepage": "",
        "id": 11826,
        "imdb_id": "tt0203119",
        "origin_country": [
            "GB"
        ],
        "original_language": "en",
        "original_title": "Sexy Beast",
        "overview": "Ex-safecracker Gal Dove has served his time behind bars and is blissfully retired to a Spanish villa paradise with a wife he adores. The idyll is shattered by the arrival of his nemesis Don Logan, intent on persuading Gal to return to London for one last big job.",
        "popularity": 38.9453,
        "poster_path": "/9OlmWIEuSec27HiOPuMJASnff6f.jpg",
        "production_companies": [
            {
                "id": 11561,
                "logo_path": "/8HB3TFUeo83keAPHfFfrNtN2MmA.png",
                "name": "Recorded Picture Company",
                "origin_country": "GB"
            },
            {
                "id": 6705,
                "logo_path": "/iNB1FCwT4XjO6wkN3PnpPnwr9GX.png",
                "name": "Film4 Productions",
                "origin_country": "GB"
            },
            {
                "id": 43,
                "logo_path": "/4RgIPr55kBakgupWkzdDxqXJEqr.png",
                "name": "Fox Searchlight Pictures",
                "origin_country": "US"
            },
            {
                "id": 4169,
                "logo_path": null,
                "name": "KanZaman Productions",
                "origin_country": "ES"
            }
        ],
        "production_countries": [
            {
                "iso_3166_1": "ES",
                "name": "Spain"
            },
            {
                "iso_3166_1": "GB",
                "name": "United Kingdom"
            },
            {
                "iso_3166_1": "US",
                "name": "United States of America"
            }
        ],
        "release_date": "2000-09-13",
        "revenue": 0,
        "runtime": 89,
        "spoken_languages": [
            {
                "english_name": "Spanish",
                "iso_639_1": "es",
                "name": "Español"
            },
            {
                "english_name": "English",
                "iso_639_1": "en",
                "name": "English"
            }
        ],
        "status": "Released",
        "tagline": "Yes or yes?",
        "title": "Sexy Beast",
        "video": false,
        "vote_average": 6.986,
        "vote_count": 806
    },
    "omdb": {
        "Title": "Sexy Beast",
        "Year": "2000",
        "Rated": "R",
        "Released": "13 Jul 2001",
        "Runtime": "89 min",
        "Genre": "Crime, Drama, Thriller",
        "Director": "Jonathan Glazer",
        "Writer": "Louis Mellis, David Scinto",
        "Actors": "Ray Winstone, Ben Kingsley, Ian McShane",
        "Plot": "Brutal gangster Don Logan recruits \"retired\" safecracker Gal for one last job, but it goes badly for both of them.",
        "Language": "English, Spanish",
        "Country": "United Kingdom, Spain, United States",
        "Awards": "Nominated for 1 Oscar. 21 wins & 21 nominations total",
        "Poster": "https://m.media-amazon.com/images/M/MV5BZTliMzE0YTgtNjg3ZC00ZDM5LWFkZDQtZTU2OWQyOGQxYjY5XkEyXkFqcGc@._V1_SX300.jpg",
        "Ratings": [
            {
                "Source": "Internet Movie Database",
                "Value": "7.3/10"
            },
            {
                "Source": "Rotten Tomatoes",
                "Value": "87%"
            },
            {
                "Source": "Metacritic",
                "Value": "79/100"
            }
        ],
        "Metascore": "79",
        "imdbRating": "7.3",
        "imdbVotes": "71,764",
        "imdbID": "tt0203119",
        "Type": "movie",
        "DVD": "N/A",
        "BoxOffice": "$6,946,056",
        "Production": "N/A",
        "Website": "N/A",
        "Response": "True"
    }
}