{
    "tmdb": {
        "adult": false,
        "backdrop_path": "/f133nWlU6yUkZqqwcCXCbTEJWHr.jpg",
        "belongs_to_collection": {
            "id": 84,
            "name": "Indiana Jones Collection",
            "poster_path": "/yJgGZ8YtSIUuTIwYBCs1TjcVrg4.jpg",
            "backdrop_path": "/6kh59mZizZsttZPR0HAdXk6Ve2n.jpg"
        },
        "budget": 28000000,
        "genres": [
            {
                "id": 12,
                "name": "Adventure"
            },
            {
                "id": 28,
                "name": "Action"
            }
        ],
        "homepage": "http://www.indianajones.com",
        "id": 87,
        "imdb_id": "tt0087469",
        "origin_country": [
            "US"
        ],
        "original_language": "en",
        "original_title": "Indiana Jones and the Temple of Doom",
        "overview": "After arriving in India, Indiana Jones is asked by a desperate village to find a mystical stone. He agrees – and stumbles upon a secret cult plotting a terrible plan in the catacombs of an ancient palace.",
        "popularity": 16.5597,
        "poster_path": "/om61eim8XwLfh6QXzh2r0Q4blBz.jpg",
        "production_companies": [
            {
                "id": 4,
                "logo_path": "/gz66EfNoYPqHTYI4q9UEN4CbHRc.png",
                "name": "Paramount Pictures",
                "origin_country": "US"
            },
            {
                "id": 1,
                "logo_path": "/tlVSws0RvvtPBwViUyOFAO0vcQS.png",
                "name": "Lucasfilm Ltd.",
                "origin_country": "US"
            }
        ],
        "production_countries": [
            {
                "iso_3166_1": "US",
                "name": "United States of America"
            }
        ],
        "release_date": "1984-05-23",
        "revenue": 333000000,
        "runtime": 118,
        "spoken_languages": [
            {
                "english_name": "Mandarin",
                "iso_639_1": "zh",
                "name": "普通话"
            },
            {
                "english_name": "English",
                "iso_639_1": "en",
                "name": "English"
            },
            {
                "english_name": "Sinhalese",
                "iso_639_1": "si",
                "name": "සිංහල"
            }
        ],
        "status": "Released",
        "tagline": "If adventure has a name... it must be Indiana Jones.",
        "title": "Indiana Jones and the Temple of Doom",
        "video": false,
        "vote_average": 7.296,
        "vote_count": 9501
    },
    "omdb": {
        "Title": "Indiana Jones and the Temple of Doom",
        "Year": "1984",
        "Rated": "PG",
        "Released": "23 May 1984",
        "Runtime": "118 min",
        "Genre": "Action, Adventure",
        "Director": "Steven Spielberg",
        "Writer": "Willard Huyck, Gloria Katz, George Lucas",
        "Actors": "Harrison Ford, Kate Capshaw, Ke Huy Quan",
        "Plot": "In 1935, Indiana Jones is tasked by Indian villagers with reclaiming a rock stolen from them by a secret cult beneath the catacombs of an ancient palace.",
        "Language": "English, Sinhala, Hindi",
        "Country": "United States",
        "Awards": "Won 1 Oscar. 11 wins & 22 nominations total",
        "Poster": "https://m.media-amazon.com/images/M/MV5BOGUwZjZiNWQtYzAzZi00NGI5LWE4YmUtN2Y4YWMwY2RlZDkyXkEyXkFqcGc@._V1_SX300.jpg",
        "Ratings": [
            {
                "Source": "Internet Movie Database",
                "Value": "7.5/10"
            },
            {
                "Source": "Rotten Tomatoes",
                "Value": "77%"
            },
            {
                "Source": "Metacritic",
                "Value": "57/100"
            }
        ],
        "Metascore": "57",
        "imdbRating": "7.5",
        "imdbVotes": "547,741",
        "imdbID": "tt0087469",
        "Type": "movie",
        "DVD": "N/A",
        "BoxOffice": "$179,870,271",
        "Production": "N/A",
        "Website": "N/A",
        "Response": "True"
    }
}