{
    "tmdb": {
        "adult": false,
        "backdrop_path": "/k32XKMjmXMGeydykD32jfER3BVI.jpg",
        "belongs_to_collection": null,
        "budget": 0,
        "genres": [
            {
                "id": 28,
                "name": "Action"
            },
            {
                "id": 9648,
                "name": "Mystery"
            },
            {
                "id": 18,
                "name": "Drama"
            }
        ],
        "homepage": "https://www.amazon.com/dp/B0DV3V4HH6",
        "id": 1045938,
        "imdb_id": "tt23476986",
        "origin_country": [
            "US"
        ],
        "original_language": "en",
        "original_title": "G20",
        "overview": "After the G20 Summit is overtaken by terrorists, President Danielle Sutton must bring all her statecraft and military experience to defend her family and her fellow leaders.",
        "popularity": 167.1429,
        "poster_path": "/wv6oWAleCJZUk5htrGg413t3GCy.jpg",
        "production_companies": [
            {
                "id": 64469,
                "logo_path": "/1hhdZwxGJDvFDArF8VDiqtdorSq.png",
                "name": "JuVee Productions",
                "origin_country": "US"
            },
            {
                "id": 1757,
                "logo_path": "/fc9qw5GoTbyWGa0QcfbsZFzuMKQ.png",
                "name": "Mad Chance",
                "origin_country": "US"
            },
            {
                "id": 2531,
                "logo_path": "/9MfCJ2G6Nrf9yyRj4tAgPmMiDcn.png",
                "name": "MRC",
                "origin_country": "US"
            },
            {
                "id": 210099,
                "logo_path": "/d6HwljzlOzxJ4tXlrpRkNZaZMWL.png",
                "name": "Amazon MGM Studios",
                "origin_country": "US"
            }
        ],
        "production_countries": [
            {
                "iso_3166_1": "US",
                "name": "United States of America"
            }
        ],
        "release_date": "2025-04-09",
        "revenue": 0,
        "runtime": 110,
        "spoken_languages": [
            {
                "english_name": "English",
                "iso_639_1": "en",
                "name": "English"
            }
        ],
        "status": "Released",
        "tagline": "Never underestimate a patriot",
        "title": "G20",
        "video": false,
        "vote_average": 6.625,
        "vote_count": 403
    },
    "omdb": {
        "Title": "G20",
        "Year": "2025",
        "Rated": "R",
        "Released": "10 Apr 2025",
        "Runtime": "108 min",
        "Genre": "Action, Thriller",
        "Director": "Patricia Riggen",
        "Writer": "Caitlin Parrish, Erica Weiss, Logan Miller",
        "Actors": "Viola Davis, Anthony Anderson, Ramón Rodríguez",
        "Plot": "Terrorists take over the G20 summit with President Sutton, bringing her governing and military experience to defend her family, company, and the world.",
        "Language": "English",
        "Country": "United States",
        "Awards": "1 win total",
        "Poster": "https://m.media-amazon.com/images/M/MV5BMTc5MTg3MTEtNzQwMi00Y2VkLWI4N2UtNDdmMzFjMGIyNTEzXkEyXkFqcGc@._V1_SX300.jpg",
        "Ratings": [
            {
                "Source": "Internet Movie Database",
                "Value": "5.1/10"
            },
            {
                "Source": "Rotten Tomatoes",
                "Value": "56%"
            },
            {
                "Source": "Metacritic",
                "Value": "53/100"
            }
        ],
        "Metascore": "53",
        "imdbRating": "5.1",
        "imdbVotes": "8,893",
        "imdbID": "tt23476986",
        "Type": "movie",
        "DVD": "N/A",
        "BoxOffice": "N/A",
        "Production": "N/A",
        "Website": "N/A",
        "Response": "True"
    }
}