{
    "tmdb": {
        "adult": false,
        "backdrop_path": "/5jhG1lTgV0MS6tDkBMQSSitttTT.jpg",
        "belongs_to_collection": null,
        "budget": 55000000,
        "genres": [
            {
                "id": 18,
                "name": "Drama"
            }
        ],
        "homepage": "https://www.sonypictures.com/movies/thepursuitofhappyness",
        "id": 1402,
        "imdb_id": "tt0454921",
        "origin_country": [
            "US"
        ],
        "original_language": "en",
        "original_title": "The Pursuit of Happyness",
        "overview": "A struggling salesman takes custody of his son as he's poised to begin a life-changing professional career.",
        "popularity": 14.9315,
        "poster_path": "/lBYOKAMcxIvuk9s9hMuecB9dPBV.jpg",
        "production_companies": [
            {
                "id": 1423,
                "logo_path": "/gzvsPHV9WqcQMrvI8pq5hbuvEZ5.png",
                "name": "Escape Artists",
                "origin_country": "US"
            },
            {
                "id": 7295,
                "logo_path": "/5MYE96QiE5a5oFhXxFb4y8ILSpw.png",
                "name": "Relativity Media",
                "origin_country": "US"
            },
            {
                "id": 5,
                "logo_path": "/71BqEFAF4V3qjjMPCpLuyJFB9A.png",
                "name": "Columbia Pictures",
                "origin_country": "US"
            },
            {
                "id": 907,
                "logo_path": "/ca5SWI5uvU985f8Kbb4xc8AmVWH.png",
                "name": "Overbrook Entertainment",
                "origin_country": "US"
            }
        ],
        "production_countries": [
            {
                "iso_3166_1": "US",
                "name": "United States of America"
            }
        ],
        "release_date": "2006-12-14",
        "revenue": 307077295,
        "runtime": 117,
        "spoken_languages": [
            {
                "english_name": "English",
                "iso_639_1": "en",
                "name": "English"
            },
            {
                "english_name": "Cantonese",
                "iso_639_1": "cn",
                "name": "广州话 / 廣州話"
            }
        ],
        "status": "Released",
        "tagline": "For his son, one man will reach for the impossible.",
        "title": "The Pursuit of Happyness",
        "video": false,
        "vote_average": 7.891,
        "vote_count": 10050
    },
    "omdb": {
        "Title": "The Pursuit of Happyness",
        "Year": "2006",
        "Rated": "PG-13",
        "Released": "15 Dec 2006",
        "Runtime": "117 min",
        "Genre": "Biography, Drama",
        "Director": "Gabriele Muccino",
        "Writer": "Steve Conrad",
        "Actors": "Will Smith, Thandiwe Newton, Jaden Smith",
        "Plot": "A struggling salesman takes custody of his son as he's poised to begin a life-changing professional career.",
        "Language": "English, Cantonese",
        "Country": "United States",
        "Awards": "Nominated for 1 Oscar. 12 wins & 26 nominations total",
        "Poster": "https://m.media-amazon.com/images/M/MV5BMTQ5NjQ0NDI3NF5BMl5BanBnXkFtZTcwNDI0MjEzMw@@._V1_SX300.jpg",
        "Ratings": [
            {
                "Source": "Internet Movie Database",
                "Value": "8.0/10"
            },
            {
                "Source": "Rotten Tomatoes",
                "Value": "67%"
            },
            {
                "Source": "Metacritic",
                "Value": "64/100"
            }
        ],
        "Metascore": "64",
        "imdbRating": "8.0",
        "imdbVotes": "589,985",
        "imdbID": "tt0454921",
        "Type": "movie",
        "DVD": "N/A",
        "BoxOffice": "$163,566,459",
        "Production": "N/A",
        "Website": "N/A",
        "Response": "True"
    }
}