{
    "tmdb": {
        "adult": false,
        "backdrop_path": "/uw4SnKFZ453Gxmj5XR5Susj8TNo.jpg",
        "belongs_to_collection": {
            "id": 304378,
            "name": "Independence Day Collection",
            "poster_path": "/AuBMbv3gSAdTaEIzcUySRETIauY.jpg",
            "backdrop_path": "/p7oqa94XgNGVMazXwR49QfyGgtx.jpg"
        },
        "budget": 75000000,
        "genres": [
            {
                "id": 28,
                "name": "Action"
            },
            {
                "id": 12,
                "name": "Adventure"
            },
            {
                "id": 878,
                "name": "Science Fiction"
            }
        ],
        "homepage": "",
        "id": 602,
        "imdb_id": "tt0116629",
        "origin_country": [
            "US"
        ],
        "original_language": "en",
        "original_title": "Independence Day",
        "overview": "Strange phenomena surface around the globe. The skies ignite. Terror races through the world's major cities. As these extraordinary events unfold, it becomes increasingly clear that a force of incredible magnitude has arrived. Its mission: total annihilation over the Fourth of July weekend. The last hope to stop the destruction is an unlikely group of people united by fate and unimaginable circumstances.",
        "popularity": 16.3151,
        "poster_path": "/p0BPQGSPoSa8Ml0DAf2mB2kCU0R.jpg",
        "production_companies": [
            {
                "id": 25,
                "logo_path": "/qZCc1lty5FzX30aOCVRBLzaVmcp.png",
                "name": "20th Century Fox",
                "origin_country": "US"
            },
            {
                "id": 347,
                "logo_path": "/1wpVtAaWLqvFJVVbyzTAf7U4JPX.png",
                "name": "Centropolis Entertainment",
                "origin_country": "US"
            }
        ],
        "production_countries": [
            {
                "iso_3166_1": "US",
                "name": "United States of America"
            }
        ],
        "release_date": "1996-06-25",
        "revenue": 817400891,
        "runtime": 145,
        "spoken_languages": [
            {
                "english_name": "English",
                "iso_639_1": "en",
                "name": "English"
            }
        ],
        "status": "Released",
        "tagline": "The question of whether or not we are alone in the universe has been answered.",
        "title": "Independence Day",
        "video": false,
        "vote_average": 6.892,
        "vote_count": 9777
    },
    "omdb": {
        "Title": "Independence Day",
        "Year": "1996",
        "Rated": "PG-13",
        "Released": "03 Jul 1996",
        "Runtime": "145 min",
        "Genre": "Action, Adventure, Sci-Fi",
        "Director": "Roland Emmerich",
        "Writer": "Dean Devlin, Roland Emmerich",
        "Actors": "Will Smith, Bill Pullman, Jeff Goldblum",
        "Plot": "The aliens are coming and their goal is to invade and destroy Earth. Fighting superior technology, mankind's best weapon is the will to survive.",
        "Language": "English",
        "Country": "United States",
        "Awards": "Won 1 Oscar. 35 wins & 35 nominations total",
        "Poster": "https://m.media-amazon.com/images/M/MV5BOGMwN2UwZjEtYjFjMi00ZDA1LWJlYTQtMjA1MTYxMzIyNTdiXkEyXkFqcGc@._V1_SX300.jpg",
        "Ratings": [
            {
                "Source": "Internet Movie Database",
                "Value": "7.0/10"
            },
            {
                "Source": "Rotten Tomatoes",
                "Value": "68%"
            },
            {
                "Source": "Metacritic",
                "Value": "59/100"
            }
        ],
        "Metascore": "59",
        "imdbRating": "7.0",
        "imdbVotes": "620,895",
        "imdbID": "tt0116629",
        "Type": "movie",
        "DVD": "N/A",
        "BoxOffice": "$306,169,268",
        "Production": "N/A",
        "Website": "N/A",
        "Response": "True"
    }
}