{
    "tmdb": {
        "adult": false,
        "backdrop_path": "/cJvUJEEQ86LSjl4gFLkYpdCJC96.jpg",
        "belongs_to_collection": null,
        "budget": 20000000,
        "genres": [
            {
                "id": 10752,
                "name": "War"
            },
            {
                "id": 28,
                "name": "Action"
            }
        ],
        "homepage": "https://a24films.com/films/warfare",
        "id": 1241436,
        "imdb_id": "tt31434639",
        "origin_country": [
            "US"
        ],
        "original_language": "en",
        "original_title": "Warfare",
        "overview": "A platoon of Navy SEALs embarks on a dangerous mission in Ramadi, Iraq, with the chaos and brotherhood of war retold through their memories of the event.",
        "popularity": 44.0521,
        "poster_path": "/oXsDTDt1MqxJreROd2cbd2FMOZ2.jpg",
        "production_companies": [
            {
                "id": 284,
                "logo_path": "/1lEgJkA2GckrMvzhfqENfkr04vO.png",
                "name": "DNA Films",
                "origin_country": "GB"
            },
            {
                "id": 41077,
                "logo_path": "/1ZXsGaFPgrgS6ZZGS37AqD5uU12.png",
                "name": "A24",
                "origin_country": "US"
            }
        ],
        "production_countries": [
            {
                "iso_3166_1": "GB",
                "name": "United Kingdom"
            },
            {
                "iso_3166_1": "US",
                "name": "United States of America"
            }
        ],
        "release_date": "2025-04-09",
        "revenue": 24109735,
        "runtime": 96,
        "spoken_languages": [
            {
                "english_name": "Arabic",
                "iso_639_1": "ar",
                "name": "العربية"
            },
            {
                "english_name": "English",
                "iso_639_1": "en",
                "name": "English"
            }
        ],
        "status": "Released",
        "tagline": "Everything is based on memory.",
        "title": "Warfare",
        "video": false,
        "vote_average": 7.221,
        "vote_count": 61
    },
    "omdb": {
        "Title": "Warfare",
        "Year": "2025",
        "Rated": "R",
        "Released": "11 Apr 2025",
        "Runtime": "95 min",
        "Genre": "Action, Drama, War",
        "Director": "Alex Garland, Ray Mendoza",
        "Writer": "Ray Mendoza, Alex Garland",
        "Actors": "D'Pharaoh Woon-A-Tai, Will Poulter, Cosmo Jarvis",
        "Plot": "A platoon of Navy SEALs embark on a dangerous mission in Ramadi, Iraq, with the chaos and brotherhood of war retold through their memories of the event.",
        "Language": "English",
        "Country": "United States, United Kingdom",
        "Awards": "N/A",
        "Poster": "https://m.media-amazon.com/images/M/MV5BYzEyYjE1NmEtOTFmNy00ZmQxLThlYzctOGRjNmQ0N2VjMmNmXkEyXkFqcGc@._V1_SX300.jpg",
        "Ratings": [
            {
                "Source": "Internet Movie Database",
                "Value": "7.9/10"
            },
            {
                "Source": "Rotten Tomatoes",
                "Value": "92%"
            },
            {
                "Source": "Metacritic",
                "Value": "76/100"
            }
        ],
        "Metascore": "76",
        "imdbRating": "7.9",
        "imdbVotes": "2,802",
        "imdbID": "tt31434639",
        "Type": "movie",
        "DVD": "N/A",
        "BoxOffice": "$8,301,565",
        "Production": "N/A",
        "Website": "N/A",
        "Response": "True"
    }
}