{
    "tmdb": {
        "adult": false,
        "backdrop_path": "/VMcoVn1iEwGK7OWTTpP4DDe0oI.jpg",
        "belongs_to_collection": {
            "id": 101471,
            "name": "Return of the Living Dead Collection",
            "poster_path": "/vdUQx5xvyIA773urY6qFrQptAen.jpg",
            "backdrop_path": "/jy3Jib8MOEWQIel5QkzVydH04a9.jpg"
        },
        "budget": 4000000,
        "genres": [
            {
                "id": 27,
                "name": "Horror"
            },
            {
                "id": 35,
                "name": "Comedy"
            },
            {
                "id": 878,
                "name": "Science Fiction"
            }
        ],
        "homepage": "",
        "id": 10925,
        "imdb_id": "tt0089907",
        "origin_country": [
            "US"
        ],
        "original_language": "en",
        "original_title": "The Return of the Living Dead",
        "overview": "When foreman Frank shows new employee Freddy a secret military experiment in a supply warehouse in Louisville, Kentucky, the two klutzes accidentally release a gas that reanimates corpses into flesh-eating zombies. As the epidemic spreads throughout the town, and the creatures satisfy their hunger in gory and outlandish ways, Frank and Freddy fight to survive with the help of their boss and a mysterious mortician.",
        "popularity": 70.9884,
        "poster_path": "/qVTFBabgnWz4jZ8wOQRYZI5EITF.jpg",
        "production_companies": [
            {
                "id": 469,
                "logo_path": null,
                "name": "Hemdale Film Corporation",
                "origin_country": "GB"
            },
            {
                "id": 4763,
                "logo_path": null,
                "name": "Fox Films Ltd.",
                "origin_country": "GB"
            },
            {
                "id": 4764,
                "logo_path": null,
                "name": "Cinema 84",
                "origin_country": "US"
            },
            {
                "id": 41,
                "logo_path": "/xAot4SSOIHiWQ2WEnVXYGR1lce9.png",
                "name": "Orion Pictures",
                "origin_country": "US"
            }
        ],
        "production_countries": [
            {
                "iso_3166_1": "GB",
                "name": "United Kingdom"
            },
            {
                "iso_3166_1": "US",
                "name": "United States of America"
            }
        ],
        "release_date": "1985-04-25",
        "revenue": 14241310,
        "runtime": 91,
        "spoken_languages": [
            {
                "english_name": "English",
                "iso_639_1": "en",
                "name": "English"
            }
        ],
        "status": "Released",
        "tagline": "They're Back From The Grave and Ready To Party!",
        "title": "The Return of the Living Dead",
        "video": false,
        "vote_average": 7.186,
        "vote_count": 2126
    },
    "omdb": {
        "Title": "The Return of the Living Dead",
        "Year": "1985",
        "Rated": "R",
        "Released": "16 Aug 1985",
        "Runtime": "91 min",
        "Genre": "Comedy, Horror, Sci-Fi",
        "Director": "Dan O'Bannon",
        "Writer": "Rudy Ricci, John A. Russo, Russell Streiner",
        "Actors": "Clu Gulager, James Karen, Don Calfa",
        "Plot": "When two bumbling employees at a medical supply warehouse accidentally release a deadly gas into the air, the vapors cause the dead to rise again as zombies.",
        "Language": "English",
        "Country": "United States",
        "Awards": "4 nominations total",
        "Poster": "https://m.media-amazon.com/images/M/MV5BYmQ4MTIwNzgtYzM4Zi00NWU4LWJmNjQtZGNhOTFiNDM2NmM2XkEyXkFqcGc@._V1_SX300.jpg",
        "Ratings": [
            {
                "Source": "Internet Movie Database",
                "Value": "7.3/10"
            },
            {
                "Source": "Rotten Tomatoes",
                "Value": "91%"
            },
            {
                "Source": "Metacritic",
                "Value": "66/100"
            }
        ],
        "Metascore": "66",
        "imdbRating": "7.3",
        "imdbVotes": "73,205",
        "imdbID": "tt0089907",
        "Type": "movie",
        "DVD": "N/A",
        "BoxOffice": "$14,237,880",
        "Production": "N/A",
        "Website": "N/A",
        "Response": "True"
    }
}