{
    "tmdb": {
        "adult": false,
        "backdrop_path": "/l2iY1AgqQ8dEa3FtWkN5TQ5aVbU.jpg",
        "belongs_to_collection": null,
        "budget": 0,
        "genres": [
            {
                "id": 53,
                "name": "Thriller"
            },
            {
                "id": 9648,
                "name": "Mystery"
            }
        ],
        "homepage": "",
        "id": 1092,
        "imdb_id": "tt0041959",
        "origin_country": [
            "GB"
        ],
        "original_language": "en",
        "original_title": "The Third Man",
        "overview": "In postwar Vienna, Austria, Holly Martins, a writer of pulp Westerns, arrives penniless as a guest of his childhood chum Harry Lime, only to learn he has died. Martins develops a conspiracy theory after learning of a \"third man\" present at the time of Harry's death, running into interference from British officer Major Calloway, and falling head-over-heels for Harry's grief-stricken lover, Anna.",
        "popularity": 69.0686,
        "poster_path": "/rO2Fq0AZZx9obs52KJdx4mRE8p5.jpg",
        "production_companies": [
            {
                "id": 659,
                "logo_path": null,
                "name": "London Films Productions",
                "origin_country": "GB"
            }
        ],
        "production_countries": [
            {
                "iso_3166_1": "GB",
                "name": "United Kingdom"
            }
        ],
        "release_date": "1949-08-31",
        "revenue": 1226098,
        "runtime": 105,
        "spoken_languages": [
            {
                "english_name": "English",
                "iso_639_1": "en",
                "name": "English"
            },
            {
                "english_name": "Russian",
                "iso_639_1": "ru",
                "name": "Pусский"
            },
            {
                "english_name": "German",
                "iso_639_1": "de",
                "name": "Deutsch"
            }
        ],
        "status": "Released",
        "tagline": "Hunted by men ... Sought by WOMEN!",
        "title": "The Third Man",
        "video": false,
        "vote_average": 7.9,
        "vote_count": 1934
    },
    "omdb": {
        "Title": "The Third Man",
        "Year": "1949",
        "Rated": "Approved",
        "Released": "01 Feb 1950",
        "Runtime": "93 min",
        "Genre": "Drama, Film-Noir, Mystery",
        "Director": "Carol Reed",
        "Writer": "Graham Greene, Orson Welles, Alexander Korda",
        "Actors": "Orson Welles, Joseph Cotten, Alida Valli",
        "Plot": "Pulp novelist Holly Martins travels to shadowy, postwar Vienna, only to find himself investigating the mysterious death of an old friend, Harry Lime.",
        "Language": "English, German, Russian, French",
        "Country": "United Kingdom, United States",
        "Awards": "Won 1 Oscar. 5 wins & 4 nominations total",
        "Poster": "https://m.media-amazon.com/images/M/MV5BNTAwZjAwZDUtNDc1Yi00OGY3LTgzMjktYjIyMjQzOWE3MmVhXkEyXkFqcGc@._V1_SX300.jpg",
        "Ratings": [
            {
                "Source": "Internet Movie Database",
                "Value": "8.1/10"
            },
            {
                "Source": "Rotten Tomatoes",
                "Value": "99%"
            },
            {
                "Source": "Metacritic",
                "Value": "97/100"
            }
        ],
        "Metascore": "97",
        "imdbRating": "8.1",
        "imdbVotes": "187,102",
        "imdbID": "tt0041959",
        "Type": "movie",
        "DVD": "N/A",
        "BoxOffice": "$1,067,364",
        "Production": "N/A",
        "Website": "N/A",
        "Response": "True"
    }
}