{
    "tmdb": {
        "adult": false,
        "backdrop_path": "/bguFhzIGpQdGQ6uizm07oMKbgHi.jpg",
        "belongs_to_collection": null,
        "budget": 16000000,
        "genres": [
            {
                "id": 80,
                "name": "Crime"
            },
            {
                "id": 18,
                "name": "Drama"
            },
            {
                "id": 28,
                "name": "Action"
            }
        ],
        "homepage": "",
        "id": 101,
        "imdb_id": "tt0110413",
        "origin_country": [
            "FR"
        ],
        "original_language": "fr",
        "original_title": "Léon",
        "overview": "Léon, the top hit man in New York, has earned a rep as an effective \"cleaner\". But when his next-door neighbors are wiped out by a loose-cannon DEA agent, he becomes the unwilling custodian of 12-year-old Mathilda. Before long, Mathilda's thoughts turn to revenge, and she considers following in Léon's footsteps.",
        "popularity": 20.8677,
        "poster_path": "/yI6X2cCM5YPJtxMhUd3dPGqDAhw.jpg",
        "production_companies": [
            {
                "id": 9,
                "logo_path": "/nda3dTUYdDrJ6rZqBpYvY865aDv.png",
                "name": "Gaumont",
                "origin_country": "FR"
            },
            {
                "id": 66743,
                "logo_path": null,
                "name": "Les Films du Dauphin",
                "origin_country": "FR"
            }
        ],
        "production_countries": [
            {
                "iso_3166_1": "FR",
                "name": "France"
            }
        ],
        "release_date": "1994-09-14",
        "revenue": 45284974,
        "runtime": 111,
        "spoken_languages": [
            {
                "english_name": "English",
                "iso_639_1": "en",
                "name": "English"
            },
            {
                "english_name": "French",
                "iso_639_1": "fr",
                "name": "Français"
            },
            {
                "english_name": "Italian",
                "iso_639_1": "it",
                "name": "Italiano"
            }
        ],
        "status": "Released",
        "tagline": "If you want the job done right, hire a professional.",
        "title": "Léon: The Professional",
        "video": false,
        "vote_average": 8.301,
        "vote_count": 15169
    },
    "omdb": {
        "Title": "Léon: The Professional",
        "Year": "1994",
        "Rated": "R",
        "Released": "18 Nov 1994",
        "Runtime": "110 min",
        "Genre": "Action, Crime, Drama",
        "Director": "Luc Besson",
        "Writer": "Luc Besson",
        "Actors": "Jean Reno, Gary Oldman, Natalie Portman",
        "Plot": "12-year-old Mathilda is reluctantly taken in by Léon, a professional assassin, after her family is murdered. An unusual relationship forms as she becomes his protégée and learns the assassin's trade.",
        "Language": "English, Italian, French",
        "Country": "France, United States",
        "Awards": "5 wins & 16 nominations total",
        "Poster": "https://m.media-amazon.com/images/M/MV5BNGRkYTNhOWQtYmI0Ni00MjZhLWJmMzAtMTA2Mjg4NGNiNDU0XkEyXkFqcGc@._V1_SX300.jpg",
        "Ratings": [
            {
                "Source": "Internet Movie Database",
                "Value": "8.5/10"
            },
            {
                "Source": "Rotten Tomatoes",
                "Value": "75%"
            },
            {
                "Source": "Metacritic",
                "Value": "64/100"
            }
        ],
        "Metascore": "64",
        "imdbRating": "8.5",
        "imdbVotes": "1,286,683",
        "imdbID": "tt0110413",
        "Type": "movie",
        "DVD": "N/A",
        "BoxOffice": "$19,501,238",
        "Production": "N/A",
        "Website": "N/A",
        "Response": "True"
    }
}