{
    "tmdb": {
        "adult": false,
        "backdrop_path": "/sGOw65ZmfgGfistCjuNsazjs6j9.jpg",
        "belongs_to_collection": null,
        "budget": 135000000,
        "genres": [
            {
                "id": 37,
                "name": "Western"
            },
            {
                "id": 18,
                "name": "Drama"
            },
            {
                "id": 12,
                "name": "Adventure"
            }
        ],
        "homepage": "https://www.foxmovies.com/movies/the-revenant",
        "id": 281957,
        "imdb_id": "tt1663202",
        "origin_country": [
            "US"
        ],
        "original_language": "en",
        "original_title": "The Revenant",
        "overview": "In the 1820s, a frontiersman, Hugh Glass, sets out on a path of vengeance against those who left him for dead after a bear mauling.",
        "popularity": 28.5921,
        "poster_path": "/ji3ecJphATlVgWNY0B0RVXZizdf.jpg",
        "production_companies": [
            {
                "id": 77845,
                "logo_path": null,
                "name": "Monarchy Enterprises S.a.r.l.",
                "origin_country": ""
            },
            {
                "id": 508,
                "logo_path": "/7cxRWzi4LsVm4Utfpr1hfARNurT.png",
                "name": "Regency Enterprises",
                "origin_country": "US"
            },
            {
                "id": 562,
                "logo_path": "/azANEzu3H3Kztzt63sdjvlzxhuB.png",
                "name": "Appian Way",
                "origin_country": "US"
            },
            {
                "id": 8870,
                "logo_path": "/f2hj6ssc0KBRSafGnycnN5A1aGF.png",
                "name": "CatchPlay",
                "origin_country": "TW"
            },
            {
                "id": 10039,
                "logo_path": "/b8w4LldQolMKiLZw4FQJBcXSDGI.png",
                "name": "Anonymous Content",
                "origin_country": "US"
            },
            {
                "id": 10104,
                "logo_path": "/4sGWXoboEkWPphI6es6rTmqkCBh.png",
                "name": "New Regency Pictures",
                "origin_country": "US"
            },
            {
                "id": 13796,
                "logo_path": null,
                "name": "Hong Kong Alpha Motion Pictures Co.",
                "origin_country": "HK"
            },
            {
                "id": 52660,
                "logo_path": null,
                "name": "M Productions",
                "origin_country": "US"
            },
            {
                "id": 41624,
                "logo_path": "/wzKxIeQKlMP0y5CaAw25MD6EQmf.png",
                "name": "RatPac Entertainment",
                "origin_country": "US"
            }
        ],
        "production_countries": [
            {
                "iso_3166_1": "CA",
                "name": "Canada"
            },
            {
                "iso_3166_1": "HK",
                "name": "Hong Kong"
            },
            {
                "iso_3166_1": "TW",
                "name": "Taiwan"
            },
            {
                "iso_3166_1": "US",
                "name": "United States of America"
            }
        ],
        "release_date": "2015-12-25",
        "revenue": 532950503,
        "runtime": 157,
        "spoken_languages": [
            {
                "english_name": "English",
                "iso_639_1": "en",
                "name": "English"
            },
            {
                "english_name": "French",
                "iso_639_1": "fr",
                "name": "Français"
            }
        ],
        "status": "Released",
        "tagline": "Revenge proves its own executioner.",
        "title": "The Revenant",
        "video": false,
        "vote_average": 7.534,
        "vote_count": 18416
    },
    "omdb": {
        "Title": "The Revenant",
        "Year": "2015",
        "Rated": "R",
        "Released": "08 Jan 2016",
        "Runtime": "156 min",
        "Genre": "Action, Adventure, Drama",
        "Director": "Alejandro G. Iñárritu",
        "Writer": "Mark L. Smith, Alejandro G. Iñárritu, Michael Punke",
        "Actors": "Leonardo DiCaprio, Tom Hardy, Will Poulter",
        "Plot": "A frontiersman on a fur trading expedition in the 1820s fights for survival after being mauled by a bear and left for dead by members of his own hunting team.",
        "Language": "English, Pawnee, French",
        "Country": "United States, Hong Kong, Taiwan, Argentina",
        "Awards": "Won 3 Oscars. 92 wins & 193 nominations total",
        "Poster": "https://m.media-amazon.com/images/M/MV5BYTgwNmQzZDctMjNmOS00OTExLTkwM2UtNzJmOTJhODFjOTdlXkEyXkFqcGc@._V1_SX300.jpg",
        "Ratings": [
            {
                "Source": "Internet Movie Database",
                "Value": "8.0/10"
            },
            {
                "Source": "Rotten Tomatoes",
                "Value": "78%"
            },
            {
                "Source": "Metacritic",
                "Value": "76/100"
            }
        ],
        "Metascore": "76",
        "imdbRating": "8.0",
        "imdbVotes": "899,014",
        "imdbID": "tt1663202",
        "Type": "movie",
        "DVD": "N/A",
        "BoxOffice": "$183,637,894",
        "Production": "N/A",
        "Website": "N/A",
        "Response": "True"
    }
}