{
    "tmdb": {
        "adult": false,
        "backdrop_path": "/qvo0g1yeQnYoCcXctSHI4mkoFMc.jpg",
        "belongs_to_collection": {
            "id": 131635,
            "name": "The Hunger Games Collection",
            "poster_path": "/fPer2U4uQT1dkXTUWODDaLECWoW.jpg",
            "backdrop_path": "/Ipp7cegtub4t0mu7xaKLQkYoGc.jpg"
        },
        "budget": 125000000,
        "genres": [
            {
                "id": 878,
                "name": "Science Fiction"
            },
            {
                "id": 12,
                "name": "Adventure"
            },
            {
                "id": 53,
                "name": "Thriller"
            }
        ],
        "homepage": "http://www.thehungergames.movie/",
        "id": 131631,
        "imdb_id": "tt1951265",
        "origin_country": [
            "US"
        ],
        "original_language": "en",
        "original_title": "The Hunger Games: Mockingjay - Part 1",
        "overview": "Katniss Everdeen reluctantly becomes the symbol of a mass rebellion against the autocratic Capitol.",
        "popularity": 15.5753,
        "poster_path": "/2hTPkBiXoMmrdtYgHtB9WU5dg80.jpg",
        "production_companies": [
            {
                "id": 1632,
                "logo_path": "/cisLn1YAUuptXVBa0xjq7ST9cH0.png",
                "name": "Lionsgate",
                "origin_country": "US"
            },
            {
                "id": 5420,
                "logo_path": "/dlW4Kh5dNieKNURnymsu57y6fMf.png",
                "name": "Color Force",
                "origin_country": "US"
            }
        ],
        "production_countries": [
            {
                "iso_3166_1": "US",
                "name": "United States of America"
            }
        ],
        "release_date": "2014-11-19",
        "revenue": 755356711,
        "runtime": 123,
        "spoken_languages": [
            {
                "english_name": "English",
                "iso_639_1": "en",
                "name": "English"
            }
        ],
        "status": "Released",
        "tagline": "Fire burns brighter in the darkness.",
        "title": "The Hunger Games: Mockingjay - Part 1",
        "video": false,
        "vote_average": 6.816,
        "vote_count": 16060
    },
    "omdb": {
        "Title": "The Hunger Games: Mockingjay - Part 1",
        "Year": "2014",
        "Rated": "PG-13",
        "Released": "21 Nov 2014",
        "Runtime": "123 min",
        "Genre": "Action, Adventure, Sci-Fi",
        "Director": "Francis Lawrence",
        "Writer": "Peter Craig, Danny Strong, Suzanne Collins",
        "Actors": "Jennifer Lawrence, Josh Hutcherson, Liam Hemsworth",
        "Plot": "Katniss Everdeen is in District 13 after she shatters the games forever. Under the leadership of President Coin and the advice of her trusted friends, Katniss spreads her wings as she fights to save Peeta and a nation moved by her...",
        "Language": "English",
        "Country": "United States, Canada, France",
        "Awards": "21 wins & 32 nominations total",
        "Poster": "https://m.media-amazon.com/images/M/MV5BMTcxNDI2NDAzNl5BMl5BanBnXkFtZTgwODM3MTc2MjE@._V1_SX300.jpg",
        "Ratings": [
            {
                "Source": "Internet Movie Database",
                "Value": "6.6/10"
            },
            {
                "Source": "Rotten Tomatoes",
                "Value": "70%"
            },
            {
                "Source": "Metacritic",
                "Value": "64/100"
            }
        ],
        "Metascore": "64",
        "imdbRating": "6.6",
        "imdbVotes": "518,410",
        "imdbID": "tt1951265",
        "Type": "movie",
        "DVD": "N/A",
        "BoxOffice": "$337,135,885",
        "Production": "N/A",
        "Website": "N/A",
        "Response": "True"
    }
}