{
    "tmdb": {
        "adult": false,
        "backdrop_path": "/uvitbjFU4JqvMwIkMWHp69bmUzG.jpg",
        "belongs_to_collection": null,
        "budget": 3300000,
        "genres": [
            {
                "id": 18,
                "name": "Drama"
            },
            {
                "id": 80,
                "name": "Crime"
            }
        ],
        "homepage": "http://cidadededeus.globo.com/",
        "id": 598,
        "imdb_id": "tt0317248",
        "origin_country": [
            "BR"
        ],
        "original_language": "pt",
        "original_title": "Cidade de Deus",
        "overview": "In the poverty-stricken favelas of Rio de Janeiro in the 1970s, two young men choose different paths. Rocket is a budding photographer who documents the increasing drug-related violence of his neighborhood, while José “Zé” Pequeno is an ambitious drug dealer diving into a dangerous life of crime.",
        "popularity": 14.5274,
        "poster_path": "/k7eYdWvhYQyRQoU2TB2A2Xu2TfD.jpg",
        "production_companies": [
            {
                "id": 345,
                "logo_path": "/hj2nqoG2F9COm16fqvM0YpY3jL4.png",
                "name": "O2 Filmes",
                "origin_country": "BR"
            },
            {
                "id": 346,
                "logo_path": "/ymwuRMQkrQojx55MeMO861Rdecz.png",
                "name": "VideoFilmes",
                "origin_country": "BR"
            },
            {
                "id": 856,
                "logo_path": "/3tfzS2CrX6Ntbu927XzHXEPDA6y.png",
                "name": "Wild Bunch",
                "origin_country": "FR"
            },
            {
                "id": 11445,
                "logo_path": null,
                "name": "Hank Levine Film & Music",
                "origin_country": "DE"
            },
            {
                "id": 13969,
                "logo_path": "/bEpiJ2zXGIH70JT16asjWNFtOEv.png",
                "name": "Globo Filmes",
                "origin_country": "BR"
            },
            {
                "id": 11793,
                "logo_path": null,
                "name": "Lumière",
                "origin_country": "FR"
            }
        ],
        "production_countries": [
            {
                "iso_3166_1": "BR",
                "name": "Brazil"
            },
            {
                "iso_3166_1": "FR",
                "name": "France"
            },
            {
                "iso_3166_1": "DE",
                "name": "Germany"
            }
        ],
        "release_date": "2002-08-30",
        "revenue": 30641770,
        "runtime": 129,
        "spoken_languages": [
            {
                "english_name": "Portuguese",
                "iso_639_1": "pt",
                "name": "Português"
            }
        ],
        "status": "Released",
        "tagline": "If you run, the beast catches you; if you stay, the beast eats you.",
        "title": "City of God",
        "video": false,
        "vote_average": 8.429,
        "vote_count": 7610
    },
    "omdb": {
        "Title": "City of God",
        "Year": "2002",
        "Rated": "R",
        "Released": "13 Feb 2004",
        "Runtime": "130 min",
        "Genre": "Crime, Drama",
        "Director": "Fernando Meirelles, Kátia Lund",
        "Writer": "Bráulio Mantovani, Paulo Lins",
        "Actors": "Alexandre Rodrigues, Leandro Firmino, Matheus Nachtergaele",
        "Plot": "In the slums of Rio, two kids' paths diverge as one struggles to become a photographer and the other a kingpin.",
        "Language": "Portuguese",
        "Country": "Brazil, France",
        "Awards": "Nominated for 4 Oscars. 75 wins & 50 nominations total",
        "Poster": "https://m.media-amazon.com/images/M/MV5BYjY4NGI5OTUtY2ZlZS00Zjk4LTk5N2MtN2JmYWVjNGNmMGRlXkEyXkFqcGc@._V1_SX300.jpg",
        "Ratings": [
            {
                "Source": "Internet Movie Database",
                "Value": "8.6/10"
            },
            {
                "Source": "Rotten Tomatoes",
                "Value": "91%"
            },
            {
                "Source": "Metacritic",
                "Value": "79/100"
            }
        ],
        "Metascore": "79",
        "imdbRating": "8.6",
        "imdbVotes": "835,420",
        "imdbID": "tt0317248",
        "Type": "movie",
        "DVD": "N/A",
        "BoxOffice": "$7,564,459",
        "Production": "N/A",
        "Website": "N/A",
        "Response": "True"
    }
}