{
    "tmdb": {
        "adult": false,
        "backdrop_path": "/n63e6JvKST0Gm222zolmhGb2ww6.jpg",
        "belongs_to_collection": {
            "id": 107674,
            "name": "The Princess Diaries Collection",
            "poster_path": "/3uDvh88xbVpRKMBw5JD0gbptvPJ.jpg",
            "backdrop_path": "/7YtskA8cdK2WO7l7MKwMHt5Pqxt.jpg"
        },
        "budget": 37000000,
        "genres": [
            {
                "id": 35,
                "name": "Comedy"
            },
            {
                "id": 10751,
                "name": "Family"
            },
            {
                "id": 10749,
                "name": "Romance"
            }
        ],
        "homepage": "",
        "id": 9880,
        "imdb_id": "tt0247638",
        "origin_country": [
            "US"
        ],
        "original_language": "en",
        "original_title": "The Princess Diaries",
        "overview": "A socially awkward but very bright 15-year-old girl being raised by a single mom discovers that she is the princess of a small European country because of the recent death of her long-absent father, who, unknown to her, was the crown prince of Genovia. She must make a choice between continuing the life of a San Francisco teen or stepping up to the throne.",
        "popularity": 14.6758,
        "poster_path": "/wA4lgl8gmoICSShviCkEB61nIBB.jpg",
        "production_companies": [
            {
                "id": 65559,
                "logo_path": null,
                "name": "Bottom of the Ninth Productions",
                "origin_country": ""
            },
            {
                "id": 2,
                "logo_path": "/wdrCwmRnLFJhEoH8GSfymY85KHT.png",
                "name": "Walt Disney Pictures",
                "origin_country": "US"
            },
            {
                "id": 26423,
                "logo_path": null,
                "name": "BrownHouse Productions",
                "origin_country": "US"
            }
        ],
        "production_countries": [
            {
                "iso_3166_1": "US",
                "name": "United States of America"
            }
        ],
        "release_date": "2001-08-03",
        "revenue": 165335153,
        "runtime": 115,
        "spoken_languages": [
            {
                "english_name": "English",
                "iso_639_1": "en",
                "name": "English"
            }
        ],
        "status": "Released",
        "tagline": "She rocks. She rules. She reigns.",
        "title": "The Princess Diaries",
        "video": false,
        "vote_average": 6.967,
        "vote_count": 5024
    },
    "omdb": {
        "Title": "The Princess Diaries",
        "Year": "2001",
        "Rated": "G",
        "Released": "03 Aug 2001",
        "Runtime": "115 min",
        "Genre": "Comedy, Family, Romance",
        "Director": "Garry Marshall",
        "Writer": "Meg Cabot, Gina Wendkos",
        "Actors": "Julie Andrews, Anne Hathaway, Hector Elizondo",
        "Plot": "Mia Thermopolis has just found out that she is the heir apparent to the throne of Genovia. With her friends Lilly and Michael Moscovitz in tow, she tries to navigate through the rest of her sixteenth year.",
        "Language": "English, Dutch, Italian",
        "Country": "United States, United Kingdom",
        "Awards": "3 wins & 11 nominations",
        "Poster": "https://m.media-amazon.com/images/M/MV5BMzNiYWQ4NjUtZjliMS00MTllLWIxNDItNGU1MjBkMTE3ODg1XkEyXkFqcGc@._V1_SX300.jpg",
        "Ratings": [
            {
                "Source": "Internet Movie Database",
                "Value": "6.4/10"
            },
            {
                "Source": "Rotten Tomatoes",
                "Value": "49%"
            },
            {
                "Source": "Metacritic",
                "Value": "52/100"
            }
        ],
        "Metascore": "52",
        "imdbRating": "6.4",
        "imdbVotes": "169,603",
        "imdbID": "tt0247638",
        "Type": "movie",
        "DVD": "N/A",
        "BoxOffice": "$108,248,956",
        "Production": "N/A",
        "Website": "N/A",
        "Response": "True"
    }
}