{
    "tmdb": {
        "adult": false,
        "backdrop_path": "/9ctmJLf3uUngYkwHbRttukm2n5l.jpg",
        "belongs_to_collection": null,
        "budget": 50000000,
        "genres": [
            {
                "id": 18,
                "name": "Drama"
            },
            {
                "id": 9648,
                "name": "Mystery"
            },
            {
                "id": 53,
                "name": "Thriller"
            }
        ],
        "homepage": "https://www.focusfeatures.com/black-bag",
        "id": 1233575,
        "imdb_id": "tt30988739",
        "origin_country": [
            "US"
        ],
        "original_language": "en",
        "original_title": "Black Bag",
        "overview": "When intelligence agent Kathryn Woodhouse is suspected of betraying the nation, her husband – also a legendary agent – faces the ultimate test of whether to be loyal to his marriage, or his country.",
        "popularity": 37.9507,
        "poster_path": "/hHPovtU4b96LHcoeEwRkGHI5btw.jpg",
        "production_companies": [
            {
                "id": 877,
                "logo_path": "/n8gjQIrJ77CSFroDCuQbj5cqOaQ.png",
                "name": "Casey Silver Productions",
                "origin_country": "US"
            }
        ],
        "production_countries": [
            {
                "iso_3166_1": "US",
                "name": "United States of America"
            }
        ],
        "release_date": "2025-03-12",
        "revenue": 34985600,
        "runtime": 94,
        "spoken_languages": [
            {
                "english_name": "English",
                "iso_639_1": "en",
                "name": "English"
            }
        ],
        "status": "Released",
        "tagline": "It takes a spy to hunt a spy.",
        "title": "Black Bag",
        "video": false,
        "vote_average": 6.3,
        "vote_count": 426
    },
    "omdb": {
        "Title": "Black Bag",
        "Year": "2025",
        "Rated": "R",
        "Released": "14 Mar 2025",
        "Runtime": "93 min",
        "Genre": "Drama, Mystery, Romance",
        "Director": "Steven Soderbergh",
        "Writer": "David Koepp",
        "Actors": "Michael Fassbender, Gustaf Skarsgård, Cate Blanchett",
        "Plot": "When intelligence agent Kathryn Woodhouse is suspected of betraying the nation, her husband - also a legendary agent - faces the ultimate test of whether to be loyal to his marriage, or his country.",
        "Language": "English",
        "Country": "United States",
        "Awards": "N/A",
        "Poster": "https://m.media-amazon.com/images/M/MV5BNzA1OWU4NDMtMDUxMC00NWI4LWJhYjUtYWQ0OGQ5MTc2NDRjXkEyXkFqcGc@._V1_SX300.jpg",
        "Ratings": [
            {
                "Source": "Internet Movie Database",
                "Value": "6.9/10"
            },
            {
                "Source": "Rotten Tomatoes",
                "Value": "96%"
            },
            {
                "Source": "Metacritic",
                "Value": "85/100"
            }
        ],
        "Metascore": "85",
        "imdbRating": "6.9",
        "imdbVotes": "31,625",
        "imdbID": "tt30988739",
        "Type": "movie",
        "DVD": "N/A",
        "BoxOffice": "$21,417,085",
        "Production": "N/A",
        "Website": "N/A",
        "Response": "True"
    }
}