{
    "tmdb": {
        "adult": false,
        "backdrop_path": "/tkHQ7tnYYUEnqlrKuhufIsSVToU.jpg",
        "belongs_to_collection": {
            "id": 10919,
            "name": "The Omen Collection",
            "poster_path": "/5De8Hqq0z9gmDM7SbWU0C5pTjPC.jpg",
            "backdrop_path": "/4RyL9BO36iRnQP7r9wiboOGwJKQ.jpg"
        },
        "budget": 30000000,
        "genres": [
            {
                "id": 27,
                "name": "Horror"
            }
        ],
        "homepage": "https://www.20thcenturystudios.com/movies/the-first-omen",
        "id": 437342,
        "imdb_id": "tt5672290",
        "origin_country": [
            "US"
        ],
        "original_language": "en",
        "original_title": "The First Omen",
        "overview": "When a young American woman is sent to Rome to begin a life of service to the church, she encounters a darkness that causes her to question her own faith and uncovers a terrifying conspiracy that hopes to bring about the birth of evil incarnate.",
        "popularity": 15.3044,
        "poster_path": "/tnsDyNNkOxYUyjD8CNJoAla6YvY.jpg",
        "production_companies": [
            {
                "id": 423,
                "logo_path": "/uvA6e2O31qaonsbYd8tjvgqmNXh.png",
                "name": "Phantom Four",
                "origin_country": "US"
            },
            {
                "id": 127928,
                "logo_path": "/h0rjX5vjW5r8yEnUBStFarjcLT4.png",
                "name": "20th Century Studios",
                "origin_country": "US"
            }
        ],
        "production_countries": [
            {
                "iso_3166_1": "US",
                "name": "United States of America"
            }
        ],
        "release_date": "2024-04-03",
        "revenue": 53992802,
        "runtime": 119,
        "spoken_languages": [
            {
                "english_name": "English",
                "iso_639_1": "en",
                "name": "English"
            },
            {
                "english_name": "Italian",
                "iso_639_1": "it",
                "name": "Italiano"
            }
        ],
        "status": "Released",
        "tagline": "Create something to fear.",
        "title": "The First Omen",
        "video": false,
        "vote_average": 6.863,
        "vote_count": 1069
    },
    "omdb": {
        "Title": "The First Omen",
        "Year": "2024",
        "Rated": "R",
        "Released": "05 Apr 2024",
        "Runtime": "119 min",
        "Genre": "Horror",
        "Director": "Arkasha Stevenson",
        "Writer": "Tim Smith, Arkasha Stevenson, Keith Thomas",
        "Actors": "Nell Tiger Free, Ralph Ineson, Sonia Braga",
        "Plot": "A young American woman is sent to Rome to begin a life of service to the church, but encounters a darkness that causes her to question her faith and uncovers a terrifying conspiracy that hopes to bring about the birth of evil inca...",
        "Language": "English, Italian",
        "Country": "United States, Italy, Serbia, Canada",
        "Awards": "10 nominations",
        "Poster": "https://m.media-amazon.com/images/M/MV5BNWU0ZjM1YjYtMGZkZi00NTBiLTgxMGItMzVhZDgyZTkyY2ZhXkEyXkFqcGc@._V1_SX300.jpg",
        "Ratings": [
            {
                "Source": "Internet Movie Database",
                "Value": "6.5/10"
            },
            {
                "Source": "Rotten Tomatoes",
                "Value": "83%"
            }
        ],
        "Metascore": "N/A",
        "imdbRating": "6.5",
        "imdbVotes": "58,190",
        "imdbID": "tt5672290",
        "Type": "movie",
        "DVD": "N/A",
        "BoxOffice": "$20,092,802",
        "Production": "N/A",
        "Website": "N/A",
        "Response": "True"
    }
}