{
    "tmdb": {
        "adult": false,
        "backdrop_path": "/t0r9itlHq0s5wylodu8pjlOlB99.jpg",
        "belongs_to_collection": {
            "id": 50457,
            "name": "Sex and the City Collection",
            "poster_path": "/smenRSW9bduhaZUOaxjBJIh2Jh6.jpg",
            "backdrop_path": "/uM6lHfySQ5sQEuUyMxKdtxsp3CQ.jpg"
        },
        "budget": 65000000,
        "genres": [
            {
                "id": 35,
                "name": "Comedy"
            },
            {
                "id": 18,
                "name": "Drama"
            },
            {
                "id": 10749,
                "name": "Romance"
            }
        ],
        "homepage": "http://www.sexandthecitymovie.com/",
        "id": 4564,
        "imdb_id": "tt1000774",
        "origin_country": [
            "US"
        ],
        "original_language": "en",
        "original_title": "Sex and the City",
        "overview": "A New York writer on sex and love is finally getting married to her Mr. Big. But her three best girlfriends must console her after one of them inadvertently leads Mr. Big to jilt her.",
        "popularity": 14.1846,
        "poster_path": "/AhNfnsGW95RKHQNLdgFH48UN0Zy.jpg",
        "production_companies": [
            {
                "id": 1694,
                "logo_path": null,
                "name": "Darren Star Productions",
                "origin_country": "US"
            },
            {
                "id": 12,
                "logo_path": "/2ycs64eqV5rqKYHyQK0GVoKGvfX.png",
                "name": "New Line Cinema",
                "origin_country": "US"
            },
            {
                "id": 3268,
                "logo_path": "/tuomPhY2UtuPTqqFnKMVHvSb724.png",
                "name": "HBO",
                "origin_country": "US"
            }
        ],
        "production_countries": [
            {
                "iso_3166_1": "US",
                "name": "United States of America"
            }
        ],
        "release_date": "2008-05-12",
        "revenue": 418800000,
        "runtime": 146,
        "spoken_languages": [
            {
                "english_name": "English",
                "iso_639_1": "en",
                "name": "English"
            }
        ],
        "status": "Released",
        "tagline": "Get Carried away.",
        "title": "Sex and the City",
        "video": false,
        "vote_average": 6.6,
        "vote_count": 2149
    },
    "omdb": {
        "Title": "Sex and the City",
        "Year": "2008",
        "Rated": "R",
        "Released": "30 May 2008",
        "Runtime": "145 min",
        "Genre": "Comedy, Drama, Romance",
        "Director": "Michael Patrick King",
        "Writer": "Michael Patrick King, Candace Bushnell, Darren Star",
        "Actors": "Sarah Jessica Parker, Kim Cattrall, Cynthia Nixon",
        "Plot": "Carrie is finally getting married to her Mr. Big, but heartbreak ensues when an observation by Miranda inadvertently causes him to jilt her.",
        "Language": "English",
        "Country": "United States",
        "Awards": "2 wins & 12 nominations total",
        "Poster": "https://m.media-amazon.com/images/M/MV5BYWRjMGMxM2UtODgyYS00OTAxLTk0MDctZjFhOWY0NWUxNmI0XkEyXkFqcGc@._V1_SX300.jpg",
        "Ratings": [
            {
                "Source": "Internet Movie Database",
                "Value": "5.7/10"
            },
            {
                "Source": "Rotten Tomatoes",
                "Value": "50%"
            },
            {
                "Source": "Metacritic",
                "Value": "53/100"
            }
        ],
        "Metascore": "53",
        "imdbRating": "5.7",
        "imdbVotes": "130,090",
        "imdbID": "tt1000774",
        "Type": "movie",
        "DVD": "N/A",
        "BoxOffice": "$152,647,258",
        "Production": "N/A",
        "Website": "N/A",
        "Response": "True"
    }
}