{
    "tmdb": {
        "adult": false,
        "backdrop_path": "/gN0eu6s2qIzsHgznnsgMIfbPw3u.jpg",
        "belongs_to_collection": null,
        "budget": 15000000,
        "genres": [
            {
                "id": 16,
                "name": "Animation"
            },
            {
                "id": 18,
                "name": "Drama"
            },
            {
                "id": 10751,
                "name": "Family"
            },
            {
                "id": 14,
                "name": "Fantasy"
            }
        ],
        "homepage": "https://www.angel.com/tickets/king-of-kings",
        "id": 1181107,
        "imdb_id": "tt7967302",
        "origin_country": [
            "KR"
        ],
        "original_language": "en",
        "original_title": "The King of Kings",
        "overview": "Charles Dickens tells his young son Walter the greatest story ever told, and what begins as a bedtime tale becomes a life-changing journey. Through vivid imagination, the boy walks alongside Jesus, witnessing His miracles, facing His trials, and understanding His ultimate sacrifice.",
        "popularity": 27.725,
        "poster_path": "/ccw7CCIAvcZV431CP7NhHAHuiHR.jpg",
        "production_companies": [
            {
                "id": 101045,
                "logo_path": "/zS0ickpMVfdgBsKqwxwrEmpajbt.png",
                "name": "MOFAC",
                "origin_country": "KR"
            },
            {
                "id": 247807,
                "logo_path": "/j39Tm15NC6vwIZzyUR9y42I4y2B.png",
                "name": "GIANTSTEP",
                "origin_country": "KR"
            },
            {
                "id": 247808,
                "logo_path": "/fw3oydqYP6BlzqqHEjBeaXgYso.png",
                "name": "Blue Harbor Entertainment",
                "origin_country": "US"
            }
        ],
        "production_countries": [
            {
                "iso_3166_1": "KR",
                "name": "South Korea"
            },
            {
                "iso_3166_1": "US",
                "name": "United States of America"
            }
        ],
        "release_date": "2025-04-07",
        "revenue": 48797286,
        "runtime": 104,
        "spoken_languages": [
            {
                "english_name": "English",
                "iso_639_1": "en",
                "name": "English"
            }
        ],
        "status": "Released",
        "tagline": "A father's greatest joy is raising his son.",
        "title": "The King of Kings",
        "video": false,
        "vote_average": 7.7,
        "vote_count": 15
    },
    "omdb": {
        "Title": "The King of Kings",
        "Year": "2025",
        "Rated": "N/A",
        "Released": "N/A",
        "Runtime": "N/A",
        "Genre": "Animation",
        "Director": "Seong-ho Jang",
        "Writer": "Rob Edwards, Seong-ho Jang",
        "Actors": "Roman Griffin Davis",
        "Plot": "The story of our Lord Jesus Christ as told by Charles Dickens and seen through the innocent eyes of a child.",
        "Language": "N/A",
        "Country": "Korea",
        "Awards": "N/A",
        "Poster": "https://m.media-amazon.com/images/M/MV5BNmRjZThlMWYtNWM4Yi00ZGExLTg2MjMtMGQ5OWI2MWVkOGQ1XkEyXkFqcGdeQXVyODQ2NTQxMzQ@._V1_SX300.jpg",
        "Ratings": [],
        "Metascore": "N/A",
        "imdbRating": "N/A",
        "imdbVotes": "N/A",
        "imdbID": "tt7967302",
        "Type": "movie",
        "DVD": "N/A",
        "BoxOffice": "N/A",
        "Production": "N/A",
        "Website": "N/A",
        "Response": "True"
    }
}