{
    "tmdb": {
        "adult": false,
        "backdrop_path": "/lgkPzcOSnTvjeMnuFzozRO5HHw1.jpg",
        "belongs_to_collection": {
            "id": 86066,
            "name": "Despicable Me Collection",
            "poster_path": "/xIXhIlZDRmSSfNbpN7kBCm5hg39.jpg",
            "backdrop_path": "/37xamYKRUGCRux532lKcZdVGYuR.jpg"
        },
        "budget": 100000000,
        "genres": [
            {
                "id": 16,
                "name": "Animation"
            },
            {
                "id": 10751,
                "name": "Family"
            },
            {
                "id": 35,
                "name": "Comedy"
            },
            {
                "id": 878,
                "name": "Science Fiction"
            }
        ],
        "homepage": "https://www.despicable.me",
        "id": 519182,
        "imdb_id": "tt7510222",
        "origin_country": [
            "US"
        ],
        "original_language": "en",
        "original_title": "Despicable Me 4",
        "overview": "Gru and Lucy and their girls—Margo, Edith and Agnes—welcome a new member to the Gru family, Gru Jr., who is intent on tormenting his dad. Gru also faces a new nemesis in Maxime Le Mal and his femme fatale girlfriend Valentina, forcing the family to go on the run.",
        "popularity": 61.8312,
        "poster_path": "/wWba3TaojhK7NdycRhoQpsG0FaH.jpg",
        "production_companies": [
            {
                "id": 33,
                "logo_path": "/3wwjVpkZtnog6lSKzWDjvw2Yi00.png",
                "name": "Universal Pictures",
                "origin_country": "US"
            },
            {
                "id": 6704,
                "logo_path": "/fOG2oY4m1YuYTQh4bMqqZkmgOAI.png",
                "name": "Illumination",
                "origin_country": "US"
            }
        ],
        "production_countries": [
            {
                "iso_3166_1": "US",
                "name": "United States of America"
            }
        ],
        "release_date": "2024-06-20",
        "revenue": 969280910,
        "runtime": 94,
        "spoken_languages": [
            {
                "english_name": "English",
                "iso_639_1": "en",
                "name": "English"
            }
        ],
        "status": "Released",
        "tagline": "Things just got a little more despicable.",
        "title": "Despicable Me 4",
        "video": false,
        "vote_average": 7.048,
        "vote_count": 2726
    },
    "omdb": {
        "Title": "Despicable Me 4",
        "Year": "2024",
        "Rated": "PG",
        "Released": "03 Jul 2024",
        "Runtime": "94 min",
        "Genre": "Animation, Adventure, Comedy",
        "Director": "Chris Renaud, Patrick Delage",
        "Writer": "Mike White, Ken Daurio",
        "Actors": "Steve Carell, Kristen Wiig, Pierre Coffin",
        "Plot": "Gru, Lucy, Margo, Edith, and Agnes welcome a new member to the family, Gru Jr., who is intent on tormenting his dad. Gru faces a new nemesis in Maxime Le Mal and his girlfriend Valentina, and the family is forced to go on the run.",
        "Language": "English, French",
        "Country": "United States",
        "Awards": "2 wins & 3 nominations total",
        "Poster": "https://m.media-amazon.com/images/M/MV5BNzY0ZTlhYzgtOTgzZC00ZTg2LTk4NTEtZDllM2E2NGE5Njg2XkEyXkFqcGc@._V1_SX300.jpg",
        "Ratings": [
            {
                "Source": "Internet Movie Database",
                "Value": "6.2/10"
            },
            {
                "Source": "Rotten Tomatoes",
                "Value": "56%"
            },
            {
                "Source": "Metacritic",
                "Value": "52/100"
            }
        ],
        "Metascore": "52",
        "imdbRating": "6.2",
        "imdbVotes": "60,760",
        "imdbID": "tt7510222",
        "Type": "movie",
        "DVD": "N/A",
        "BoxOffice": "$361,004,205",
        "Production": "N/A",
        "Website": "N/A",
        "Response": "True"
    }
}