{
    "tmdb": {
        "adult": false,
        "backdrop_path": "/hAQnXxOwCjgYcKRgTdYPRC8neqL.jpg",
        "belongs_to_collection": {
            "id": 1187990,
            "name": "Devara Collection",
            "poster_path": null,
            "backdrop_path": null
        },
        "budget": 31764000,
        "genres": [
            {
                "id": 28,
                "name": "Action"
            },
            {
                "id": 18,
                "name": "Drama"
            }
        ],
        "homepage": "",
        "id": 811941,
        "imdb_id": "tt11821912",
        "origin_country": [
            "IN"
        ],
        "original_language": "te",
        "original_title": "Devara: Part 1",
        "overview": "Devara, a fearless man from a coastal region, embarks on a perilous journey into the treacherous world of the sea to safeguard the lives of his people. Unbeknownst to him, his brother Bhaira is plotting a conspiracy against him. As events unfold, Devara passes on his legacy to his mild-mannered and timid son, Varada.",
        "popularity": 26.9493,
        "poster_path": "/hdpYUidbB83AfemP369W7guOIlr.jpg",
        "production_companies": [
            {
                "id": 163427,
                "logo_path": null,
                "name": "N. T. R. Arts",
                "origin_country": "IN"
            },
            {
                "id": 175613,
                "logo_path": null,
                "name": "Yuvasudha Arts",
                "origin_country": "IN"
            }
        ],
        "production_countries": [
            {
                "iso_3166_1": "IN",
                "name": "India"
            }
        ],
        "release_date": "2024-09-26",
        "revenue": 49520000,
        "runtime": 175,
        "spoken_languages": [
            {
                "english_name": "Telugu",
                "iso_639_1": "te",
                "name": "తెలుగు"
            }
        ],
        "status": "Released",
        "tagline": "When courage turns into a Disease... Fear is the only cure",
        "title": "Devara: Part 1",
        "video": false,
        "vote_average": 7.0,
        "vote_count": 188
    },
    "omdb": {
        "Title": "Devara Part 1",
        "Year": "2024",
        "Rated": "N/A",
        "Released": "26 Sep 2024",
        "Runtime": "176 min",
        "Genre": "Action, Drama, Thriller",
        "Director": "Koratala Siva",
        "Writer": "Koratala Siva",
        "Actors": "N.T. Rama Rao Jr., Janhvi Kapoor, Saif Ali Khan",
        "Plot": "A mighty sea warrior takes a violent stand against the criminal deeds of his village. Years later, his mild-mannered son walks a path of his own.",
        "Language": "Telugu, Tamil, Malayalam, Kannada",
        "Country": "India",
        "Awards": "N/A",
        "Poster": "https://m.media-amazon.com/images/M/MV5BMzUwZTM1ZDEtZGViOC00YmUxLWEwNWQtNGIyMzE2NWZkYzUyXkEyXkFqcGc@._V1_SX300.jpg",
        "Ratings": [
            {
                "Source": "Internet Movie Database",
                "Value": "6.1/10"
            },
            {
                "Source": "Rotten Tomatoes",
                "Value": "33%"
            }
        ],
        "Metascore": "N/A",
        "imdbRating": "6.1",
        "imdbVotes": "15,087",
        "imdbID": "tt11821912",
        "Type": "movie",
        "DVD": "N/A",
        "BoxOffice": "$5,600,000",
        "Production": "N/A",
        "Website": "N/A",
        "Response": "True"
    }
}