{
    "tmdb": {
        "adult": false,
        "backdrop_path": "/zbTaYrQzZaaEf1SZlv3RTZiUvZw.jpg",
        "belongs_to_collection": null,
        "budget": 1344000,
        "genres": [
            {
                "id": 18,
                "name": "Drama"
            },
            {
                "id": 10749,
                "name": "Romance"
            }
        ],
        "homepage": "",
        "id": 86331,
        "imdb_id": "tt1879030",
        "origin_country": [
            "FR"
        ],
        "original_language": "fr",
        "original_title": "Q",
        "overview": "In a social context deteriorated by a countrywide economic crisis, the life of several people will be turned upside down after they meet Cécile, a character who symbolizes desire.",
        "popularity": 14.4671,
        "poster_path": "/wxvvNXY3n0637cOcdeC61eyVAnC.jpg",
        "production_companies": [
            {
                "id": 18519,
                "logo_path": null,
                "name": "Acajou Films",
                "origin_country": "FR"
            },
            {
                "id": 18520,
                "logo_path": null,
                "name": "Rebel Rebel",
                "origin_country": ""
            },
            {
                "id": 18521,
                "logo_path": null,
                "name": "Birka Holding",
                "origin_country": ""
            }
        ],
        "production_countries": [
            {
                "iso_3166_1": "FR",
                "name": "France"
            }
        ],
        "release_date": "2011-10-06",
        "revenue": 0,
        "runtime": 103,
        "spoken_languages": [
            {
                "english_name": "French",
                "iso_639_1": "fr",
                "name": "Français"
            }
        ],
        "status": "Released",
        "tagline": "Love, desire and complications...",
        "title": "Desire",
        "video": false,
        "vote_average": 6.288,
        "vote_count": 1306
    },
    "omdb": {
        "Title": "Desire",
        "Year": "2011",
        "Rated": "Not Rated",
        "Released": "14 Sep 2011",
        "Runtime": "103 min",
        "Genre": "Drama, Romance",
        "Director": "Laurent Bouhnik",
        "Writer": "Laurent Bouhnik",
        "Actors": "Déborah Révy, Hélène Zimmer, Gowan Didi",
        "Plot": "In a social context deteriorated by a countrywide economic crisis, the life of several people will be turned upside down after they meet Cecile, a character who symbolizes desire.",
        "Language": "French",
        "Country": "France",
        "Awards": "N/A",
        "Poster": "https://m.media-amazon.com/images/M/MV5BMjFjOGE0NzktODg5NC00Y2QyLWIzZWQtYWRmZmE3ZjU2MTE5XkEyXkFqcGc@._V1_SX300.jpg",
        "Ratings": [
            {
                "Source": "Internet Movie Database",
                "Value": "5.4/10"
            }
        ],
        "Metascore": "N/A",
        "imdbRating": "5.4",
        "imdbVotes": "9,217",
        "imdbID": "tt1879030",
        "Type": "movie",
        "DVD": "N/A",
        "BoxOffice": "N/A",
        "Production": "N/A",
        "Website": "N/A",
        "Response": "True"
    }
}