{
    "tmdb": {
        "adult": false,
        "backdrop_path": "/yFkUPqBuUnbhYbQL8VFpTrAT9za.jpg",
        "belongs_to_collection": null,
        "budget": 90000000,
        "genres": [
            {
                "id": 18,
                "name": "Drama"
            },
            {
                "id": 878,
                "name": "Science Fiction"
            },
            {
                "id": 9648,
                "name": "Mystery"
            }
        ],
        "homepage": "https://www.warnerbros.com/movies/contact/",
        "id": 686,
        "imdb_id": "tt0118884",
        "origin_country": [
            "US"
        ],
        "original_language": "en",
        "original_title": "Contact",
        "overview": "A radio astronomer receives the first extraterrestrial radio signal ever picked up on Earth. As the world powers scramble to decipher the message and decide upon a course of action, she must make some difficult decisions between her beliefs, the truth, and reality.",
        "popularity": 14.3095,
        "poster_path": "/bCpMIywuNZeWt3i5UMLEIc0VSwM.jpg",
        "production_companies": [
            {
                "id": 43910,
                "logo_path": null,
                "name": "South Side Amusement Company",
                "origin_country": ""
            },
            {
                "id": 174,
                "logo_path": "/zhD3hhtKB5qyv7ZeL4uLpNxgMVU.png",
                "name": "Warner Bros. Pictures",
                "origin_country": "US"
            }
        ],
        "production_countries": [
            {
                "iso_3166_1": "US",
                "name": "United States of America"
            }
        ],
        "release_date": "1997-07-11",
        "revenue": 171120329,
        "runtime": 150,
        "spoken_languages": [
            {
                "english_name": "English",
                "iso_639_1": "en",
                "name": "English"
            },
            {
                "english_name": "Russian",
                "iso_639_1": "ru",
                "name": "Pусский"
            },
            {
                "english_name": "Spanish",
                "iso_639_1": "es",
                "name": "Español"
            }
        ],
        "status": "Released",
        "tagline": "Take a journey to the heart of the universe.",
        "title": "Contact",
        "video": false,
        "vote_average": 7.432,
        "vote_count": 4607
    },
    "omdb": {
        "Title": "Contact",
        "Year": "1997",
        "Rated": "PG",
        "Released": "11 Jul 1997",
        "Runtime": "150 min",
        "Genre": "Drama, Mystery, Sci-Fi",
        "Director": "Robert Zemeckis",
        "Writer": "James V. Hart, Michael Goldenberg, Carl Sagan",
        "Actors": "Jodie Foster, Matthew McConaughey, Tom Skerritt",
        "Plot": "Dr. Ellie Arroway, after years of searching, finds conclusive radio proof of extraterrestrial intelligence, sending plans for a mysterious machine.",
        "Language": "English, Spanish, German, Russian",
        "Country": "United States",
        "Awards": "Nominated for 1 Oscar. 14 wins & 32 nominations total",
        "Poster": "https://m.media-amazon.com/images/M/MV5BM2JiYmE1Y2UtNDQ3YS00YTZhLTk5MzAtYzEzMzIyNTM4OTRlXkEyXkFqcGc@._V1_SX300.jpg",
        "Ratings": [
            {
                "Source": "Internet Movie Database",
                "Value": "7.5/10"
            },
            {
                "Source": "Rotten Tomatoes",
                "Value": "68%"
            },
            {
                "Source": "Metacritic",
                "Value": "62/100"
            }
        ],
        "Metascore": "62",
        "imdbRating": "7.5",
        "imdbVotes": "300,007",
        "imdbID": "tt0118884",
        "Type": "movie",
        "DVD": "N/A",
        "BoxOffice": "$100,920,329",
        "Production": "N/A",
        "Website": "N/A",
        "Response": "True"
    }
}