{
    "tmdb": {
        "adult": false,
        "backdrop_path": "/bFmziv84NfEVEGTK8c6EVY3bxve.jpg",
        "belongs_to_collection": null,
        "budget": 0,
        "genres": [
            {
                "id": 28,
                "name": "Action"
            },
            {
                "id": 80,
                "name": "Crime"
            },
            {
                "id": 9648,
                "name": "Mystery"
            },
            {
                "id": 53,
                "name": "Thriller"
            }
        ],
        "homepage": "",
        "id": 1180906,
        "imdb_id": "tt27611143",
        "origin_country": [
            "US"
        ],
        "original_language": "en",
        "original_title": "Desert Dawn",
        "overview": "A newly appointed small-town sheriff and his begrudging deputy get tangled up in a web of lies and corruption involving shady businessmen and the cartel while investigating the murder of a mysterious woman.",
        "popularity": 249.1097,
        "poster_path": "/S21BfLrJSD9njucBfY3CKqp8rD.jpg",
        "production_companies": [
            {
                "id": 35625,
                "logo_path": "/zxIrXuRMBmsXf7XpouDrF0P4RjI.png",
                "name": "Premiere Entertainment Group",
                "origin_country": "US"
            },
            {
                "id": 141814,
                "logo_path": null,
                "name": "Al Bravo Films",
                "origin_country": "US"
            }
        ],
        "production_countries": [
            {
                "iso_3166_1": "US",
                "name": "United States of America"
            }
        ],
        "release_date": "2025-05-15",
        "revenue": 0,
        "runtime": 89,
        "spoken_languages": [
            {
                "english_name": "English",
                "iso_639_1": "en",
                "name": "English"
            }
        ],
        "status": "In Production",
        "tagline": "There is no turning back.",
        "title": "Desert Dawn",
        "video": false,
        "vote_average": 0.0,
        "vote_count": 0
    },
    "omdb": {
        "Title": "Desert Dawn",
        "Year": "2024",
        "Rated": "N/A",
        "Released": "N/A",
        "Runtime": "N/A",
        "Genre": "Action, Mystery, Thriller",
        "Director": "Marty Murray",
        "Writer": "Art Camacho, Chad Law, Johnny Walters",
        "Actors": "Michael-John Wolfe, Julie Garcia-Briceno",
        "Plot": "A newly appointed small-town sheriff and his begrudging deputy get tangled up in a web of lies and corruption involving shady businessmen and the cartel while investigating the murder of a mysterious woman.",
        "Language": "English",
        "Country": "United States",
        "Awards": "N/A",
        "Poster": "N/A",
        "Ratings": [],
        "Metascore": "N/A",
        "imdbRating": "N/A",
        "imdbVotes": "N/A",
        "imdbID": "tt27611143",
        "Type": "movie",
        "DVD": "N/A",
        "BoxOffice": "N/A",
        "Production": "N/A",
        "Website": "N/A",
        "Response": "True"
    }
}