{
    "tmdb": {
        "adult": false,
        "backdrop_path": "/m9yHpYz4GcEtmHJW4rvQIrF891h.jpg",
        "belongs_to_collection": {
            "id": 528,
            "name": "The Terminator Collection",
            "poster_path": "/kpZxdNsAV7qTdTLwKM5NLqa7GEo.jpg",
            "backdrop_path": "/jz9usvWv5DrQGtjauEU4KSzgb8M.jpg"
        },
        "budget": 200000000,
        "genres": [
            {
                "id": 28,
                "name": "Action"
            },
            {
                "id": 878,
                "name": "Science Fiction"
            },
            {
                "id": 53,
                "name": "Thriller"
            }
        ],
        "homepage": "https://www.warnerbros.com/terminator-salvation",
        "id": 534,
        "imdb_id": "tt0438488",
        "origin_country": [
            "US"
        ],
        "original_language": "en",
        "original_title": "Terminator Salvation",
        "overview": "All grown up in post-apocalyptic 2018, John Connor must lead the resistance of humans against the increasingly dominating militaristic robots. But when Marcus Wright appears, his existence confuses the mission as Connor tries to determine whether Wright has come from the future or the past -- and whether he's friend or foe.",
        "popularity": 14.4883,
        "poster_path": "/gw6JhlekZgtKUFlDTezq3j5JEPK.jpg",
        "production_companies": [
            {
                "id": 4021,
                "logo_path": "/xSgwmjXQfVWRRLPRDvbFnnNqlbC.png",
                "name": "The Halcyon Company",
                "origin_country": "US"
            },
            {
                "id": 212486,
                "logo_path": null,
                "name": "Moritz Borman Productions",
                "origin_country": "US"
            },
            {
                "id": 4022,
                "logo_path": "/q6Xts6ztGkTHrY1WfHttlhL3Pfc.png",
                "name": "Wonderland Sound and Vision",
                "origin_country": "US"
            },
            {
                "id": 2723,
                "logo_path": "/rB0dyszYRRR3SAG1tfNRzXoYDYq.png",
                "name": "Lin Pictures",
                "origin_country": "US"
            },
            {
                "id": 181992,
                "logo_path": null,
                "name": "Mandate International",
                "origin_country": "US"
            },
            {
                "id": 220966,
                "logo_path": null,
                "name": "T Asset Acquisition Company",
                "origin_country": "US"
            }
        ],
        "production_countries": [
            {
                "iso_3166_1": "US",
                "name": "United States of America"
            }
        ],
        "release_date": "2009-05-20",
        "revenue": 371353001,
        "runtime": 115,
        "spoken_languages": [
            {
                "english_name": "English",
                "iso_639_1": "en",
                "name": "English"
            },
            {
                "english_name": "Italian",
                "iso_639_1": "it",
                "name": "Italiano"
            }
        ],
        "status": "Released",
        "tagline": "The end begins.",
        "title": "Terminator Salvation",
        "video": false,
        "vote_average": 6.059,
        "vote_count": 6594
    },
    "omdb": {
        "Title": "Terminator Salvation",
        "Year": "2009",
        "Rated": "PG-13",
        "Released": "21 May 2009",
        "Runtime": "115 min",
        "Genre": "Action, Adventure, Sci-Fi",
        "Director": "McG",
        "Writer": "John Brancato, Michael Ferris",
        "Actors": "Christian Bale, Sam Worthington, Anton Yelchin",
        "Plot": "As the machines prepare for a final attack, John Connor and a mysterious stranger delve into the heart of Skynet and uncover a terrible secret involving the annihilation of mankind.",
        "Language": "English, Italian",
        "Country": "United States",
        "Awards": "2 wins & 14 nominations total",
        "Poster": "https://m.media-amazon.com/images/M/MV5BMWY1OWQ4ZWQtYzZkOS00ZTU0LWE3MDItOTg3YzdmODRkMDVjXkEyXkFqcGc@._V1_SX300.jpg",
        "Ratings": [
            {
                "Source": "Internet Movie Database",
                "Value": "6.5/10"
            },
            {
                "Source": "Rotten Tomatoes",
                "Value": "33%"
            },
            {
                "Source": "Metacritic",
                "Value": "49/100"
            }
        ],
        "Metascore": "49",
        "imdbRating": "6.5",
        "imdbVotes": "384,451",
        "imdbID": "tt0438488",
        "Type": "movie",
        "DVD": "N/A",
        "BoxOffice": "$125,322,469",
        "Production": "N/A",
        "Website": "N/A",
        "Response": "True"
    }
}