{
    "tmdb": {
        "adult": false,
        "backdrop_path": "/hbFVmSYKvrqr9JuKVZ8l71kRQew.jpg",
        "belongs_to_collection": null,
        "budget": 20000000,
        "genres": [
            {
                "id": 18,
                "name": "Drama"
            }
        ],
        "homepage": "https://a24films.com/films/babygirl",
        "id": 1097549,
        "imdb_id": "tt30057084",
        "origin_country": [
            "US"
        ],
        "original_language": "en",
        "original_title": "Babygirl",
        "overview": "A high-powered CEO puts her career and family on the line when she begins a torrid affair with her much younger intern.",
        "popularity": 31.5593,
        "poster_path": "/ilwO6elz3mLV9CToT7C8pjVeKX0.jpg",
        "production_companies": [
            {
                "id": 41077,
                "logo_path": "/1ZXsGaFPgrgS6ZZGS37AqD5uU12.png",
                "name": "A24",
                "origin_country": "US"
            },
            {
                "id": 158407,
                "logo_path": "/zUj7hFnsY8y1hVPfiZYnDtcGTHe.png",
                "name": "2AM",
                "origin_country": "US"
            },
            {
                "id": 121407,
                "logo_path": "/tn6hiHraJ362VBmtuxa5ZdjHet6.png",
                "name": "Man Up Film",
                "origin_country": "NL"
            }
        ],
        "production_countries": [
            {
                "iso_3166_1": "US",
                "name": "United States of America"
            },
            {
                "iso_3166_1": "NL",
                "name": "Netherlands"
            }
        ],
        "release_date": "2024-12-25",
        "revenue": 60934894,
        "runtime": 115,
        "spoken_languages": [
            {
                "english_name": "English",
                "iso_639_1": "en",
                "name": "English"
            }
        ],
        "status": "Released",
        "tagline": "Get exactly what you want.",
        "title": "Babygirl",
        "video": false,
        "vote_average": 5.8,
        "vote_count": 676
    },
    "omdb": {
        "Title": "Babygirl",
        "Year": "2024",
        "Rated": "R",
        "Released": "25 Dec 2024",
        "Runtime": "114 min",
        "Genre": "Drama, Romance, Thriller",
        "Director": "Halina Reijn",
        "Writer": "Halina Reijn",
        "Actors": "Nicole Kidman, Harris Dickinson, Antonio Banderas",
        "Plot": "A high-powered CEO puts her career and family on the line when she begins a torrid affair with her much-younger intern.",
        "Language": "English",
        "Country": "Netherlands, United States",
        "Awards": "8 wins & 25 nominations total",
        "Poster": "https://m.media-amazon.com/images/M/MV5BMmUwODYwODAtYWZkZS00YmUwLWFmMWEtOGNjMjE2NDk3OWIwXkEyXkFqcGc@._V1_SX300.jpg",
        "Ratings": [
            {
                "Source": "Internet Movie Database",
                "Value": "6.0/10"
            },
            {
                "Source": "Rotten Tomatoes",
                "Value": "76%"
            },
            {
                "Source": "Metacritic",
                "Value": "79/100"
            }
        ],
        "Metascore": "79",
        "imdbRating": "6.0",
        "imdbVotes": "47,464",
        "imdbID": "tt30057084",
        "Type": "movie",
        "DVD": "N/A",
        "BoxOffice": "$28,196,732",
        "Production": "N/A",
        "Website": "N/A",
        "Response": "True"
    }
}