{
    "tmdb": {
        "adult": false,
        "backdrop_path": "/wyIhlSbqBS7ZsDbCQwGhuNIDYyq.jpg",
        "belongs_to_collection": {
            "id": 1733,
            "name": "The Mummy Collection",
            "poster_path": "/x5ZQsM90h4jmvDelgbCwPjcOn1s.jpg",
            "backdrop_path": "/1BeKi6IytbfQlQocJSvP2k6sO1a.jpg"
        },
        "budget": 80000000,
        "genres": [
            {
                "id": 12,
                "name": "Adventure"
            },
            {
                "id": 28,
                "name": "Action"
            },
            {
                "id": 14,
                "name": "Fantasy"
            }
        ],
        "homepage": "http://www.mummyvideo.com/",
        "id": 564,
        "imdb_id": "tt0120616",
        "origin_country": [
            "US"
        ],
        "original_language": "en",
        "original_title": "The Mummy",
        "overview": "Dashing legionnaire Rick O'Connell stumbles upon the hidden ruins of Hamunaptra while in the midst of a battle to claim the area in 1920s Egypt. It has been over three thousand years since former High Priest Imhotep suffered a fate worse than death as a punishment for a forbidden love—along with a curse that guarantees eternal doom upon the world if he is ever awoken.",
        "popularity": 22.123,
        "poster_path": "/yhIsVvcUm7QxzLfT6HW2wLf5ajY.jpg",
        "production_companies": [
            {
                "id": 11462,
                "logo_path": "/7ZymELJwuWR4k5p0oeZ3d3WAhO3.png",
                "name": "Alphaville Films",
                "origin_country": "US"
            }
        ],
        "production_countries": [
            {
                "iso_3166_1": "US",
                "name": "United States of America"
            }
        ],
        "release_date": "1999-04-16",
        "revenue": 415885488,
        "runtime": 124,
        "spoken_languages": [
            {
                "english_name": "English",
                "iso_639_1": "en",
                "name": "English"
            },
            {
                "english_name": "Arabic",
                "iso_639_1": "ar",
                "name": "العربية"
            }
        ],
        "status": "Released",
        "tagline": "The sands will rise. The heavens will part. The power will be unleashed.",
        "title": "The Mummy",
        "video": false,
        "vote_average": 6.9,
        "vote_count": 9306
    },
    "omdb": {
        "Title": "The Mummy",
        "Year": "1999",
        "Rated": "PG-13",
        "Released": "07 May 1999",
        "Runtime": "124 min",
        "Genre": "Action, Adventure, Fantasy",
        "Director": "Stephen Sommers",
        "Writer": "Stephen Sommers, Lloyd Fonvielle, Kevin Jarre",
        "Actors": "Brendan Fraser, Rachel Weisz, John Hannah",
        "Plot": "At an archaeological dig in the ancient city of Hamunaptra, an American serving in the French Foreign Legion accidentally awakens a mummy who begins to wreak havoc as he searches for the reincarnation of his long-lost love.",
        "Language": "English, Egyptian (Ancient), Arabic, Chinese, Hebrew, Hungarian",
        "Country": "United States",
        "Awards": "Nominated for 1 Oscar. 5 wins & 24 nominations total",
        "Poster": "https://m.media-amazon.com/images/M/MV5BMTY4YWE0OGMtNjU0Yi00YzIwLTk3NTktM2ZiYWQwNjM4MmMxXkEyXkFqcGc@._V1_SX300.jpg",
        "Ratings": [
            {
                "Source": "Internet Movie Database",
                "Value": "7.1/10"
            },
            {
                "Source": "Rotten Tomatoes",
                "Value": "62%"
            },
            {
                "Source": "Metacritic",
                "Value": "48/100"
            }
        ],
        "Metascore": "48",
        "imdbRating": "7.1",
        "imdbVotes": "479,531",
        "imdbID": "tt0120616",
        "Type": "movie",
        "DVD": "N/A",
        "BoxOffice": "$157,095,368",
        "Production": "N/A",
        "Website": "N/A",
        "Response": "True"
    }
}