{
    "tmdb": {
        "adult": false,
        "backdrop_path": "/eDLp4uFdqP1gpy9oMrutwH6Q64I.jpg",
        "belongs_to_collection": null,
        "budget": 13000000,
        "genres": [
            {
                "id": 18,
                "name": "Drama"
            },
            {
                "id": 53,
                "name": "Thriller"
            },
            {
                "id": 27,
                "name": "Horror"
            }
        ],
        "homepage": "",
        "id": 44214,
        "imdb_id": "tt0947798",
        "origin_country": [
            "US"
        ],
        "original_language": "en",
        "original_title": "Black Swan",
        "overview": "The story of Nina, a ballerina in a New York City ballet company whose life, like all those in her profession, is completely consumed with dance. She lives with her retired ballerina mother Erica who zealously supports her daughter's professional ambition. When artistic director Thomas Leroy decides to replace prima ballerina Beth MacIntyre for the opening production of their new season, Swan Lake, Nina is his first choice.",
        "popularity": 18.5678,
        "poster_path": "/viWheBd44bouiLCHgNMvahLThqx.jpg",
        "production_companies": [
            {
                "id": 43,
                "logo_path": "/4RgIPr55kBakgupWkzdDxqXJEqr.png",
                "name": "Fox Searchlight Pictures",
                "origin_country": "US"
            },
            {
                "id": 10246,
                "logo_path": "/rREvQNWAxkDfY9CDn2c5YxEMPdP.png",
                "name": "Cross Creek Pictures",
                "origin_country": "US"
            },
            {
                "id": 7503,
                "logo_path": "/3K8wbNkTn7O4wX89ucnp1ZYR1XF.png",
                "name": "Protozoa Pictures",
                "origin_country": "US"
            },
            {
                "id": 11317,
                "logo_path": "/hMboqqmeILXFeOJjuCsn3FvCIT3.png",
                "name": "Phoenix Pictures",
                "origin_country": "US"
            },
            {
                "id": 444,
                "logo_path": null,
                "name": "Dune Entertainment",
                "origin_country": "US"
            }
        ],
        "production_countries": [
            {
                "iso_3166_1": "US",
                "name": "United States of America"
            }
        ],
        "release_date": "2010-12-03",
        "revenue": 329398046,
        "runtime": 109,
        "spoken_languages": [
            {
                "english_name": "English",
                "iso_639_1": "en",
                "name": "English"
            },
            {
                "english_name": "French",
                "iso_639_1": "fr",
                "name": "Français"
            },
            {
                "english_name": "Italian",
                "iso_639_1": "it",
                "name": "Italiano"
            }
        ],
        "status": "Released",
        "tagline": "The pressure of perfection.",
        "title": "Black Swan",
        "video": false,
        "vote_average": 7.7,
        "vote_count": 14768
    },
    "omdb": {
        "Title": "Black Swan",
        "Year": "2010",
        "Rated": "R",
        "Released": "17 Dec 2010",
        "Runtime": "108 min",
        "Genre": "Drama, Thriller",
        "Director": "Darren Aronofsky",
        "Writer": "Mark Heyman, Andres Heinz, John J. McLaughlin",
        "Actors": "Natalie Portman, Mila Kunis, Vincent Cassel",
        "Plot": "Nina is a talented but unstable ballerina on the verge of stardom. Pushed to the breaking point by her artistic director and a seductive rival, Nina's grip on reality slips, plunging her into a waking nightmare.",
        "Language": "English, French, Italian",
        "Country": "United States",
        "Awards": "Won 1 Oscar. 98 wins & 279 nominations total",
        "Poster": "https://m.media-amazon.com/images/M/MV5BNzY2NzI4OTE5MF5BMl5BanBnXkFtZTcwMjMyNDY4Mw@@._V1_SX300.jpg",
        "Ratings": [
            {
                "Source": "Internet Movie Database",
                "Value": "8.0/10"
            },
            {
                "Source": "Rotten Tomatoes",
                "Value": "85%"
            },
            {
                "Source": "Metacritic",
                "Value": "79/100"
            }
        ],
        "Metascore": "79",
        "imdbRating": "8.0",
        "imdbVotes": "847,805",
        "imdbID": "tt0947798",
        "Type": "movie",
        "DVD": "N/A",
        "BoxOffice": "$106,954,678",
        "Production": "N/A",
        "Website": "N/A",
        "Response": "True"
    }
}