{
    "tmdb": {
        "adult": false,
        "backdrop_path": null,
        "belongs_to_collection": null,
        "budget": 0,
        "genres": [
            {
                "id": 35,
                "name": "Comedy"
            }
        ],
        "homepage": "https://www.nikkatsu.com/movie/25254.html",
        "id": 968171,
        "imdb_id": "tt0287671",
        "origin_country": [
            "JP"
        ],
        "original_language": "ja",
        "original_title": "性教育ママ",
        "overview": "An erotic comedy depicting the sex adventures of  young wives living in an apartment complex, that are not satisfied with just having sex with their husbands.",
        "popularity": 35.0591,
        "poster_path": "/xghWMg0pkBOdLHCTESyeyHU68wl.jpg",
        "production_companies": [
            {
                "id": 955,
                "logo_path": "/5xnXD3PJI1HqOJceSAKZ3fDqO1V.png",
                "name": "Nikkatsu Corporation",
                "origin_country": "JP"
            }
        ],
        "production_countries": [
            {
                "iso_3166_1": "JP",
                "name": "Japan"
            }
        ],
        "release_date": "1973-11-20",
        "revenue": 0,
        "runtime": 78,
        "spoken_languages": [
            {
                "english_name": "Japanese",
                "iso_639_1": "ja",
                "name": "日本語"
            }
        ],
        "status": "Released",
        "tagline": "",
        "title": "Sex Education Mistresses",
        "video": false,
        "vote_average": 5.9,
        "vote_count": 5
    },
    "omdb": {
        "Title": "Sex Education Mistresses",
        "Year": "1973",
        "Rated": "N/A",
        "Released": "20 Nov 1973",
        "Runtime": "78 min",
        "Genre": "N/A",
        "Director": "Akira Katô",
        "Writer": "Toshirô Ishidô",
        "Actors": "Michiko Tsukasa, Rie Nakagawa, Yuko Katagiri",
        "Plot": "N/A",
        "Language": "Japanese",
        "Country": "Japan",
        "Awards": "N/A",
        "Poster": "N/A",
        "Ratings": [],
        "Metascore": "N/A",
        "imdbRating": "N/A",
        "imdbVotes": "N/A",
        "imdbID": "tt0287671",
        "Type": "movie",
        "DVD": "N/A",
        "BoxOffice": "N/A",
        "Production": "N/A",
        "Website": "N/A",
        "Response": "True"
    }
}