{
    "tmdb": {
        "adult": false,
        "backdrop_path": "/x4OYcZVHggyZHOrvkCo2HH9kLkF.jpg",
        "belongs_to_collection": null,
        "budget": 28000000,
        "genres": [
            {
                "id": 18,
                "name": "Drama"
            },
            {
                "id": 10749,
                "name": "Romance"
            }
        ],
        "homepage": "http://www.prideandprejudicemovie.net/splash.html",
        "id": 4348,
        "imdb_id": "tt0414387",
        "origin_country": [
            "GB"
        ],
        "original_language": "en",
        "original_title": "Pride & Prejudice",
        "overview": "A story of love and life among the landed English gentry during the Georgian era. Mr. Bennet is a gentleman living in Hertfordshire with his overbearing wife and five daughters, but if he dies their house will be inherited by a distant cousin whom they have never met, so the family's future happiness and security is dependent on the daughters making good marriages.",
        "popularity": 32.4346,
        "poster_path": "/sGjIvtVvTlWnia2zfJfHz81pZ9Q.jpg",
        "production_companies": [
            {
                "id": 694,
                "logo_path": "/5LEHONGkZBIoWvp1ygHOF8iyi1M.png",
                "name": "StudioCanal",
                "origin_country": "FR"
            },
            {
                "id": 10163,
                "logo_path": "/16KWBMmfPX0aJzDExDrPxSLj0Pg.png",
                "name": "Working Title Films",
                "origin_country": "GB"
            },
            {
                "id": 7419,
                "logo_path": "/xePgQxppZtgSMICGgnKAWlVobt7.png",
                "name": "Scion Films",
                "origin_country": "GB"
            },
            {
                "id": 10146,
                "logo_path": "/xnFIOeq5cKw09kCWqV7foWDe4AA.png",
                "name": "Focus Features",
                "origin_country": "US"
            }
        ],
        "production_countries": [
            {
                "iso_3166_1": "FR",
                "name": "France"
            },
            {
                "iso_3166_1": "GB",
                "name": "United Kingdom"
            },
            {
                "iso_3166_1": "US",
                "name": "United States of America"
            }
        ],
        "release_date": "2005-09-16",
        "revenue": 124604345,
        "runtime": 127,
        "spoken_languages": [
            {
                "english_name": "English",
                "iso_639_1": "en",
                "name": "English"
            }
        ],
        "status": "Released",
        "tagline": "Sometimes the last person on earth you want to be with is the one person you can't be without.",
        "title": "Pride & Prejudice",
        "video": false,
        "vote_average": 8.066,
        "vote_count": 8218
    },
    "omdb": {
        "Title": "Pride & Prejudice",
        "Year": "2005",
        "Rated": "PG",
        "Released": "23 Nov 2005",
        "Runtime": "129 min",
        "Genre": "Drama, Romance",
        "Director": "Joe Wright",
        "Writer": "Deborah Moggach, Jane Austen, Emma Thompson",
        "Actors": "Keira Knightley, Matthew Macfadyen, Brenda Blethyn",
        "Plot": "Sparks fly when spirited Elizabeth Bennet meets single, rich, and proud Mr. Darcy. But Mr. Darcy reluctantly finds himself falling in love with a woman beneath his class. Can each overcome their own pride and prejudice?",
        "Language": "English",
        "Country": "United Kingdom, France, United States",
        "Awards": "Nominated for 4 Oscars. 13 wins & 59 nominations total",
        "Poster": "https://m.media-amazon.com/images/M/MV5BMTA1NDQ3NTcyOTNeQTJeQWpwZ15BbWU3MDA0MzA4MzE@._V1_SX300.jpg",
        "Ratings": [
            {
                "Source": "Internet Movie Database",
                "Value": "7.8/10"
            },
            {
                "Source": "Rotten Tomatoes",
                "Value": "87%"
            },
            {
                "Source": "Metacritic",
                "Value": "82/100"
            }
        ],
        "Metascore": "82",
        "imdbRating": "7.8",
        "imdbVotes": "350,149",
        "imdbID": "tt0414387",
        "Type": "movie",
        "DVD": "N/A",
        "BoxOffice": "$38,591,603",
        "Production": "N/A",
        "Website": "N/A",
        "Response": "True"
    }
}