{
    "tmdb": {
        "adult": false,
        "backdrop_path": "/pulJ1iY7GVeppMRipiR7ZGDW7EW.jpg",
        "belongs_to_collection": {
            "id": 985311,
            "name": "Passion of the Christ Collection",
            "poster_path": "/mQIZk7TV8xOHSeuX6O364vylhGs.jpg",
            "backdrop_path": "/lpZBhgQDkiQCXZBlQh5pY6KLOtT.jpg"
        },
        "budget": 30000000,
        "genres": [
            {
                "id": 18,
                "name": "Drama"
            }
        ],
        "homepage": "https://www.foxmovies.com/movies/the-passion-of-the-christ",
        "id": 615,
        "imdb_id": "tt0335345",
        "origin_country": [
            "US"
        ],
        "original_language": "en",
        "original_title": "The Passion of the Christ",
        "overview": "A graphic portrayal of the last twelve hours of Jesus of Nazareth's life.",
        "popularity": 37.1535,
        "poster_path": "/v9f9MMrq2nGQrN7cHnQRmEq9lSE.jpg",
        "production_companies": [
            {
                "id": 152,
                "logo_path": "/rC2pFo4IBQVSVZvucDLwMRvZHfi.png",
                "name": "Icon Productions",
                "origin_country": "US"
            }
        ],
        "production_countries": [
            {
                "iso_3166_1": "US",
                "name": "United States of America"
            }
        ],
        "release_date": "2004-02-25",
        "revenue": 610063468,
        "runtime": 127,
        "spoken_languages": [
            {
                "english_name": "Hebrew",
                "iso_639_1": "he",
                "name": "עִבְרִית"
            },
            {
                "english_name": "Latin",
                "iso_639_1": "la",
                "name": "Latin"
            }
        ],
        "status": "Released",
        "tagline": "By his wounds, we were healed.",
        "title": "The Passion of the Christ",
        "video": false,
        "vote_average": 7.522,
        "vote_count": 4826
    },
    "omdb": {
        "Title": "The Passion of the Christ",
        "Year": "2004",
        "Rated": "R",
        "Released": "25 Feb 2004",
        "Runtime": "127 min",
        "Genre": "Drama",
        "Director": "Mel Gibson",
        "Writer": "Benedict Fitzgerald, Mel Gibson",
        "Actors": "Jim Caviezel, Monica Bellucci, Maia Morgenstern",
        "Plot": "Depicts the final twelve hours in the life of Jesus of Nazareth, on the day of his crucifixion in Jerusalem.",
        "Language": "Aramaic, Latin, Hebrew, English",
        "Country": "United States",
        "Awards": "Nominated for 3 Oscars. 30 wins & 24 nominations total",
        "Poster": "https://m.media-amazon.com/images/M/MV5BNzMxY2Y4MzktMGNkNC00ODFjLWI3MGMtMzM2M2ExNmQxMGFmXkEyXkFqcGc@._V1_SX300.jpg",
        "Ratings": [
            {
                "Source": "Internet Movie Database",
                "Value": "7.2/10"
            },
            {
                "Source": "Rotten Tomatoes",
                "Value": "49%"
            },
            {
                "Source": "Metacritic",
                "Value": "47/100"
            }
        ],
        "Metascore": "47",
        "imdbRating": "7.2",
        "imdbVotes": "256,733",
        "imdbID": "tt0335345",
        "Type": "movie",
        "DVD": "N/A",
        "BoxOffice": "$370,782,930",
        "Production": "N/A",
        "Website": "N/A",
        "Response": "True"
    }
}