{
    "tmdb": {
        "adult": false,
        "backdrop_path": "/6iDQCBUSZKzY8Rnu8ECwl2gXcfG.jpg",
        "belongs_to_collection": {
            "id": 86058,
            "name": "Dirty Dancing Collection",
            "poster_path": "/gkrOvdbCFuGlxVwCYmczw7aw6Ku.jpg",
            "backdrop_path": "/qR6POAKwCL8VwuK8ZjSAdRRFNj9.jpg"
        },
        "budget": 6000000,
        "genres": [
            {
                "id": 18,
                "name": "Drama"
            },
            {
                "id": 10402,
                "name": "Music"
            },
            {
                "id": 10749,
                "name": "Romance"
            }
        ],
        "homepage": "http://lionsgateathome.com/dirty-dancing",
        "id": 88,
        "imdb_id": "tt0092890",
        "origin_country": [
            "US"
        ],
        "original_language": "en",
        "original_title": "Dirty Dancing",
        "overview": "Expecting the usual tedium that accompanies a summer in the Catskills with her family, 17-year-old Frances 'Baby' Houseman is surprised to find herself stepping into the shoes of a professional hoofer—and unexpectedly falling in love.",
        "popularity": 13.746,
        "poster_path": "/9Jw6jys7q9gjzVX5zm1z0gC8gY9.jpg",
        "production_companies": [
            {
                "id": 137,
                "logo_path": null,
                "name": "Great American Films Limited Partnership",
                "origin_country": ""
            },
            {
                "id": 12360,
                "logo_path": "/EugVVMfcbv9zxCr0C60VhD0vGY.png",
                "name": "Vestron Pictures",
                "origin_country": "US"
            }
        ],
        "production_countries": [
            {
                "iso_3166_1": "US",
                "name": "United States of America"
            }
        ],
        "release_date": "1987-08-21",
        "revenue": 214577242,
        "runtime": 100,
        "spoken_languages": [
            {
                "english_name": "English",
                "iso_639_1": "en",
                "name": "English"
            }
        ],
        "status": "Released",
        "tagline": "First dance. First love. The time of your life.",
        "title": "Dirty Dancing",
        "video": false,
        "vote_average": 7.332,
        "vote_count": 6226
    },
    "omdb": {
        "Title": "Dirty Dancing",
        "Year": "1987",
        "Rated": "PG-13",
        "Released": "21 Aug 1987",
        "Runtime": "100 min",
        "Genre": "Drama, Music, Romance",
        "Director": "Emile Ardolino",
        "Writer": "Eleanor Bergstein",
        "Actors": "Patrick Swayze, Jennifer Grey, Jerry Orbach",
        "Plot": "Spending the summer at a Catskills resort with her family, Frances \"Baby\" Houseman falls in love with the camp's dance instructor, Johnny Castle.",
        "Language": "English",
        "Country": "United States",
        "Awards": "Won 1 Oscar. 13 wins & 9 nominations total",
        "Poster": "https://m.media-amazon.com/images/M/MV5BZmIwZjA1NzUtNTA0OS00OWMyLWE5MzctM2RjOWYxZjQyZDdmXkEyXkFqcGc@._V1_SX300.jpg",
        "Ratings": [
            {
                "Source": "Internet Movie Database",
                "Value": "7.1/10"
            },
            {
                "Source": "Rotten Tomatoes",
                "Value": "72%"
            },
            {
                "Source": "Metacritic",
                "Value": "65/100"
            }
        ],
        "Metascore": "65",
        "imdbRating": "7.1",
        "imdbVotes": "265,593",
        "imdbID": "tt0092890",
        "Type": "movie",
        "DVD": "N/A",
        "BoxOffice": "$64,577,242",
        "Production": "N/A",
        "Website": "N/A",
        "Response": "True"
    }
}