{
    "tmdb": {
        "adult": false,
        "backdrop_path": "/iJaSpQNZ8GsqVDWfbCXmyZQXZ5l.jpg",
        "belongs_to_collection": {
            "id": 1434946,
            "name": "Alien Romulus - Saga",
            "poster_path": "/22eqcmwuW5b6OQrjHGzgeJ6CkEh.jpg",
            "backdrop_path": "/nklXuO1cBEViut27TpChoKIzyI5.jpg"
        },
        "budget": 80000000,
        "genres": [
            {
                "id": 27,
                "name": "Horror"
            },
            {
                "id": 878,
                "name": "Science Fiction"
            }
        ],
        "homepage": "https://www.20thcenturystudios.com/movies/alien-romulus",
        "id": 945961,
        "imdb_id": "tt18412256",
        "origin_country": [
            "US"
        ],
        "original_language": "en",
        "original_title": "Alien: Romulus",
        "overview": "While scavenging the deep ends of a derelict space station, a group of young space colonizers come face to face with the most terrifying life form in the universe.",
        "popularity": 38.8395,
        "poster_path": "/b33nnKl1GSFbao4l3fZDDqsMx0F.jpg",
        "production_companies": [
            {
                "id": 127928,
                "logo_path": "/h0rjX5vjW5r8yEnUBStFarjcLT4.png",
                "name": "20th Century Studios",
                "origin_country": "US"
            },
            {
                "id": 221347,
                "logo_path": "/6Ry6uNBaa0IbbSs1XYIgX5DkA9r.png",
                "name": "Scott Free Productions",
                "origin_country": "US"
            },
            {
                "id": 401,
                "logo_path": "/t7mM3DvQ9MwDT3YzMCBrkWpWiiz.png",
                "name": "Brandywine Productions",
                "origin_country": "US"
            }
        ],
        "production_countries": [
            {
                "iso_3166_1": "US",
                "name": "United States of America"
            }
        ],
        "release_date": "2024-08-13",
        "revenue": 350865342,
        "runtime": 119,
        "spoken_languages": [
            {
                "english_name": "English",
                "iso_639_1": "en",
                "name": "English"
            }
        ],
        "status": "Released",
        "tagline": "In space, no one can hear you.",
        "title": "Alien: Romulus",
        "video": false,
        "vote_average": 7.209,
        "vote_count": 3568
    },
    "omdb": {
        "Title": "Alien: Romulus",
        "Year": "2024",
        "Rated": "R",
        "Released": "16 Aug 2024",
        "Runtime": "119 min",
        "Genre": "Horror, Sci-Fi, Thriller",
        "Director": "Fede Alvarez",
        "Writer": "Dan O'Bannon, Ronald Shusett, Fede Alvarez",
        "Actors": "Cailee Spaeny, David Jonsson, Archie Renaux",
        "Plot": "While scavenging the deep ends of a derelict space station, a group of young space colonists come face to face with the most terrifying life form in the universe.",
        "Language": "English",
        "Country": "United Kingdom, United States, Hungary, Australia, New Zealand, Canada",
        "Awards": "Nominated for 1 Oscar. 13 wins & 44 nominations total",
        "Poster": "https://m.media-amazon.com/images/M/MV5BMDU0NjcwOGQtNjNjOS00NzQ3LWIwM2YtYWVmODZjMzQzN2ExXkEyXkFqcGc@._V1_SX300.jpg",
        "Ratings": [
            {
                "Source": "Internet Movie Database",
                "Value": "7.1/10"
            },
            {
                "Source": "Rotten Tomatoes",
                "Value": "80%"
            },
            {
                "Source": "Metacritic",
                "Value": "64/100"
            }
        ],
        "Metascore": "64",
        "imdbRating": "7.1",
        "imdbVotes": "236,207",
        "imdbID": "tt18412256",
        "Type": "movie",
        "DVD": "N/A",
        "BoxOffice": "$105,313,091",
        "Production": "N/A",
        "Website": "N/A",
        "Response": "True"
    }
}