{
    "tmdb": {
        "adult": false,
        "backdrop_path": "/aKPCZwkSZy2ASLo0QKeYmcoplfA.jpg",
        "belongs_to_collection": null,
        "budget": 37000000,
        "genres": [
            {
                "id": 9648,
                "name": "Mystery"
            },
            {
                "id": 35,
                "name": "Comedy"
            },
            {
                "id": 80,
                "name": "Crime"
            }
        ],
        "homepage": "http://www.gamenight-movie.com/",
        "id": 445571,
        "imdb_id": "tt2704998",
        "origin_country": [
            "US"
        ],
        "original_language": "en",
        "original_title": "Game Night",
        "overview": "Max and Annie's weekly game night gets kicked up a notch when Max's brother Brooks arranges a murder mystery party -- complete with fake thugs and federal agents. So when Brooks gets kidnapped, it's all supposed to be part of the game. As the competitors set out to solve the case, they start to learn that neither the game nor Brooks are what they seem to be. The friends soon find themselves in over their heads as each twist leads to another unexpected turn over the course of one chaotic night.",
        "popularity": 15.1395,
        "poster_path": "/85R8LMyn9f2Lev2YPBF8Nughrkv.jpg",
        "production_companies": [
            {
                "id": 12,
                "logo_path": "/2ycs64eqV5rqKYHyQK0GVoKGvfX.png",
                "name": "New Line Cinema",
                "origin_country": "US"
            },
            {
                "id": 37361,
                "logo_path": "/xpbUNXnrMeEK1ynbqVnHp8ZOVKW.png",
                "name": "Aggregate Films",
                "origin_country": "US"
            },
            {
                "id": 1302,
                "logo_path": "/zC3b70ixHh89qJIikLQPEvLqbPM.png",
                "name": "Davis Entertainment",
                "origin_country": "US"
            }
        ],
        "production_countries": [
            {
                "iso_3166_1": "US",
                "name": "United States of America"
            }
        ],
        "release_date": "2018-02-15",
        "revenue": 117501013,
        "runtime": 100,
        "spoken_languages": [
            {
                "english_name": "English",
                "iso_639_1": "en",
                "name": "English"
            }
        ],
        "status": "Released",
        "tagline": "This is not a game.",
        "title": "Game Night",
        "video": false,
        "vote_average": 6.851,
        "vote_count": 5893
    },
    "omdb": {
        "Title": "Game Night",
        "Year": "2018",
        "Rated": "R",
        "Released": "23 Feb 2018",
        "Runtime": "100 min",
        "Genre": "Action, Adventure, Comedy",
        "Director": "John Francis Daley, Jonathan Goldstein",
        "Writer": "Mark Perez",
        "Actors": "Jason Bateman, Rachel McAdams, Kyle Chandler",
        "Plot": "A group of friends who meet regularly for game nights find themselves entangled in a real-life mystery when the shady brother of one of them is seemingly kidnapped by dangerous gangsters.",
        "Language": "English",
        "Country": "United States",
        "Awards": "4 wins & 23 nominations total",
        "Poster": "https://m.media-amazon.com/images/M/MV5BMjI3ODkzNDk5MF5BMl5BanBnXkFtZTgwNTEyNjY2NDM@._V1_SX300.jpg",
        "Ratings": [
            {
                "Source": "Internet Movie Database",
                "Value": "6.9/10"
            },
            {
                "Source": "Rotten Tomatoes",
                "Value": "85%"
            },
            {
                "Source": "Metacritic",
                "Value": "66/100"
            }
        ],
        "Metascore": "66",
        "imdbRating": "6.9",
        "imdbVotes": "261,778",
        "imdbID": "tt2704998",
        "Type": "movie",
        "DVD": "N/A",
        "BoxOffice": "$69,268,230",
        "Production": "N/A",
        "Website": "N/A",
        "Response": "True"
    }
}