{
    "tmdb": {
        "adult": false,
        "backdrop_path": "/j0Ce4AsZi34NKYUZr61lh0PBQ7G.jpg",
        "belongs_to_collection": null,
        "budget": 29000000,
        "genres": [
            {
                "id": 10749,
                "name": "Romance"
            },
            {
                "id": 18,
                "name": "Drama"
            }
        ],
        "homepage": "http://www.newline.com/properties/notebookthe.html",
        "id": 11036,
        "imdb_id": "tt0332280",
        "origin_country": [
            "US"
        ],
        "original_language": "en",
        "original_title": "The Notebook",
        "overview": "An epic love story centered around an older man who reads aloud to a woman with Alzheimer's. From a faded notebook, the old man's words bring to life the story about a couple who is separated by World War II, and is then passionately reunited, seven years later, after they have taken different paths.",
        "popularity": 18.6502,
        "poster_path": "/rNzQyW4f8B8cQeg7Dgj3n6eT5k9.jpg",
        "production_companies": [
            {
                "id": 12,
                "logo_path": "/2ycs64eqV5rqKYHyQK0GVoKGvfX.png",
                "name": "New Line Cinema",
                "origin_country": "US"
            },
            {
                "id": 1565,
                "logo_path": null,
                "name": "Avery Pix",
                "origin_country": "US"
            },
            {
                "id": 2605,
                "logo_path": null,
                "name": "Gran Via Productions",
                "origin_country": "US"
            }
        ],
        "production_countries": [
            {
                "iso_3166_1": "US",
                "name": "United States of America"
            }
        ],
        "release_date": "2004-05-25",
        "revenue": 115600000,
        "runtime": 123,
        "spoken_languages": [
            {
                "english_name": "English",
                "iso_639_1": "en",
                "name": "English"
            }
        ],
        "status": "Released",
        "tagline": "Behind every great love is a great story.",
        "title": "The Notebook",
        "video": false,
        "vote_average": 7.889,
        "vote_count": 11841
    },
    "omdb": {
        "Title": "The Notebook",
        "Year": "2004",
        "Rated": "PG-13",
        "Released": "25 Jun 2004",
        "Runtime": "123 min",
        "Genre": "Drama, Romance",
        "Director": "Nick Cassavetes",
        "Writer": "Jeremy Leven, Jan Sardi, Nicholas Sparks",
        "Actors": "Gena Rowlands, James Garner, Rachel McAdams",
        "Plot": "An elderly man reads to a woman with dementia the story of two young lovers whose romance is threatened by the difference in their respective social classes.",
        "Language": "English",
        "Country": "United States",
        "Awards": "12 wins & 10 nominations total",
        "Poster": "https://m.media-amazon.com/images/M/MV5BZjE0ZjgzMzYtMTAxYi00NGMzLThmZDktNzFlMzA2MWRmYWQ0XkEyXkFqcGc@._V1_SX300.jpg",
        "Ratings": [
            {
                "Source": "Internet Movie Database",
                "Value": "7.8/10"
            },
            {
                "Source": "Rotten Tomatoes",
                "Value": "54%"
            },
            {
                "Source": "Metacritic",
                "Value": "53/100"
            }
        ],
        "Metascore": "53",
        "imdbRating": "7.8",
        "imdbVotes": "653,502",
        "imdbID": "tt0332280",
        "Type": "movie",
        "DVD": "N/A",
        "BoxOffice": "$81,417,274",
        "Production": "N/A",
        "Website": "N/A",
        "Response": "True"
    }
}