{
    "tmdb": {
        "adult": false,
        "backdrop_path": "/nF74HKjNe7X54XMcIc7ulK5InxR.jpg",
        "belongs_to_collection": {
            "id": 4246,
            "name": "Scary Movie Collection",
            "poster_path": "/8ds74cRhyAza3WcDVT8rZycwSC9.jpg",
            "backdrop_path": "/4YFCPV5KXWgIfQ8oTEeIJvtuxVj.jpg"
        },
        "budget": 48000000,
        "genres": [
            {
                "id": 35,
                "name": "Comedy"
            }
        ],
        "homepage": "",
        "id": 4256,
        "imdb_id": "tt0306047",
        "origin_country": [
            "US"
        ],
        "original_language": "en",
        "original_title": "Scary Movie 3",
        "overview": "In the third installment of the Scary Movie franchise, news anchorwoman Cindy Campbell has to investigate mysterious crop circles and killing video tapes, and help the President stop an alien invasion in the process.",
        "popularity": 15.7825,
        "poster_path": "/9hxL94pzuix9GWwba8dr4luINyo.jpg",
        "production_companies": [
            {
                "id": 10958,
                "logo_path": null,
                "name": "Brad Grey Pictures",
                "origin_country": ""
            },
            {
                "id": 7405,
                "logo_path": "/rfnws0uY8rsNAsrLbx3gEIcYXx3.png",
                "name": "Dimension Films",
                "origin_country": "US"
            }
        ],
        "production_countries": [
            {
                "iso_3166_1": "US",
                "name": "United States of America"
            }
        ],
        "release_date": "2003-10-24",
        "revenue": 220673217,
        "runtime": 84,
        "spoken_languages": [
            {
                "english_name": "English",
                "iso_639_1": "en",
                "name": "English"
            }
        ],
        "status": "Released",
        "tagline": "Great trilogies come in threes.",
        "title": "Scary Movie 3",
        "video": false,
        "vote_average": 5.963,
        "vote_count": 4169
    },
    "omdb": {
        "Title": "Scary Movie 3",
        "Year": "2003",
        "Rated": "PG-13",
        "Released": "24 Oct 2003",
        "Runtime": "84 min",
        "Genre": "Comedy",
        "Director": "David Zucker",
        "Writer": "Craig Mazin, Pat Proft, Shawn Wayans",
        "Actors": "Anna Faris, Charlie Sheen, Regina Hall",
        "Plot": "Cindy must investigate mysterious crop circles and video tapes, and help the President in preventing an alien invasion.",
        "Language": "English",
        "Country": "United States, Canada",
        "Awards": "2 wins & 4 nominations total",
        "Poster": "https://m.media-amazon.com/images/M/MV5BNDE2NTIyMjg2OF5BMl5BanBnXkFtZTYwNDEyMTg3._V1_SX300.jpg",
        "Ratings": [
            {
                "Source": "Internet Movie Database",
                "Value": "5.6/10"
            },
            {
                "Source": "Rotten Tomatoes",
                "Value": "35%"
            },
            {
                "Source": "Metacritic",
                "Value": "49/100"
            }
        ],
        "Metascore": "49",
        "imdbRating": "5.6",
        "imdbVotes": "163,558",
        "imdbID": "tt0306047",
        "Type": "movie",
        "DVD": "N/A",
        "BoxOffice": "$110,003,217",
        "Production": "N/A",
        "Website": "N/A",
        "Response": "True"
    }
}