{
    "tmdb": {
        "adult": false,
        "backdrop_path": "/npCPnwDyWfQltGfIZKN6WqeUXGI.jpg",
        "belongs_to_collection": {
            "id": 121938,
            "name": "The Hobbit Collection",
            "poster_path": "/hQghXOjSS2xfzx9XnMyZqt8brCF.jpg",
            "backdrop_path": "/7wO7MSnP5UcwR2cTHdJFF1vP4Ie.jpg"
        },
        "budget": 250000000,
        "genres": [
            {
                "id": 14,
                "name": "Fantasy"
            },
            {
                "id": 12,
                "name": "Adventure"
            },
            {
                "id": 28,
                "name": "Action"
            }
        ],
        "homepage": "http://www.thehobbit.com/",
        "id": 57158,
        "imdb_id": "tt1170358",
        "origin_country": [
            "US"
        ],
        "original_language": "en",
        "original_title": "The Hobbit: The Desolation of Smaug",
        "overview": "The Dwarves, Bilbo and Gandalf have successfully escaped the Misty Mountains, and Bilbo has gained the One Ring. They all continue their journey to get their gold back from the Dragon, Smaug.",
        "popularity": 19.9532,
        "poster_path": "/xQYiXsheRCDBA39DOrmaw1aSpbk.jpg",
        "production_companies": [
            {
                "id": 12,
                "logo_path": "/2ycs64eqV5rqKYHyQK0GVoKGvfX.png",
                "name": "New Line Cinema",
                "origin_country": "US"
            },
            {
                "id": 21,
                "logo_path": "/usUnaYV6hQnlVAXP6r4HwrlLFPG.png",
                "name": "Metro-Goldwyn-Mayer",
                "origin_country": "US"
            },
            {
                "id": 11,
                "logo_path": "/6FAuASQHybRkZUk08p9PzSs9ezM.png",
                "name": "WingNut Films",
                "origin_country": "NZ"
            }
        ],
        "production_countries": [
            {
                "iso_3166_1": "NZ",
                "name": "New Zealand"
            },
            {
                "iso_3166_1": "US",
                "name": "United States of America"
            }
        ],
        "release_date": "2013-12-11",
        "revenue": 958400000,
        "runtime": 161,
        "spoken_languages": [
            {
                "english_name": "English",
                "iso_639_1": "en",
                "name": "English"
            }
        ],
        "status": "Released",
        "tagline": "Beyond darkness... beyond desolation... lies the greatest danger of all.",
        "title": "The Hobbit: The Desolation of Smaug",
        "video": false,
        "vote_average": 7.571,
        "vote_count": 13436
    },
    "omdb": {
        "Title": "The Hobbit: The Desolation of Smaug",
        "Year": "2013",
        "Rated": "PG-13",
        "Released": "13 Dec 2013",
        "Runtime": "161 min",
        "Genre": "Adventure, Fantasy",
        "Director": "Peter Jackson",
        "Writer": "Fran Walsh, Philippa Boyens, Peter Jackson",
        "Actors": "Ian McKellen, Martin Freeman, Richard Armitage",
        "Plot": "The dwarves, along with Bilbo Baggins and Gandalf the Grey, continue their quest to reclaim the Lonely Mountain, their homeland, from the dragon Smaug.",
        "Language": "English",
        "Country": "New Zealand, United States",
        "Awards": "Nominated for 3 Oscars. 19 wins & 91 nominations total",
        "Poster": "https://m.media-amazon.com/images/M/MV5BMzU0NDY0NDEzNV5BMl5BanBnXkFtZTgwOTIxNDU1MDE@._V1_SX300.jpg",
        "Ratings": [
            {
                "Source": "Internet Movie Database",
                "Value": "7.8/10"
            },
            {
                "Source": "Rotten Tomatoes",
                "Value": "74%"
            },
            {
                "Source": "Metacritic",
                "Value": "66/100"
            }
        ],
        "Metascore": "66",
        "imdbRating": "7.8",
        "imdbVotes": "728,456",
        "imdbID": "tt1170358",
        "Type": "movie",
        "DVD": "N/A",
        "BoxOffice": "$258,387,334",
        "Production": "N/A",
        "Website": "N/A",
        "Response": "True"
    }
}