{
    "tmdb": {
        "adult": false,
        "backdrop_path": "/3HnkKX1B9h4govdAa3Ku8qMZaoZ.jpg",
        "belongs_to_collection": null,
        "budget": 0,
        "genres": [
            {
                "id": 27,
                "name": "Horror"
            },
            {
                "id": 53,
                "name": "Thriller"
            }
        ],
        "homepage": "",
        "id": 1100856,
        "imdb_id": "tt13358904",
        "origin_country": [
            "RU"
        ],
        "original_language": "ru",
        "original_title": "Заклятье. Шепот ведьм",
        "overview": "Mara, an ancient pagan spirit, hunts a group of teenagers taking their body parts to be reborn. A disillusioned and desperate investigator has to face his deepest fears to save the teenagers.",
        "popularity": 14.4405,
        "poster_path": "/raDMchyq3dJMqso2TVh75A123Xb.jpg",
        "production_companies": [
            {
                "id": 123659,
                "logo_path": null,
                "name": "KD Studios",
                "origin_country": "RU"
            }
        ],
        "production_countries": [
            {
                "iso_3166_1": "RU",
                "name": "Russia"
            }
        ],
        "release_date": "2024-06-13",
        "revenue": 0,
        "runtime": 90,
        "spoken_languages": [
            {
                "english_name": "Russian",
                "iso_639_1": "ru",
                "name": "Pусский"
            }
        ],
        "status": "Released",
        "tagline": "",
        "title": "Whisper of the Witch",
        "video": false,
        "vote_average": 6.5,
        "vote_count": 41
    },
    "omdb": {
        "Title": "Whisper of the Witch",
        "Year": "2024",
        "Rated": "N/A",
        "Released": "13 Jun 2024",
        "Runtime": "95 min",
        "Genre": "Horror, Thriller",
        "Director": "Serik Beyseu",
        "Writer": "Sergey Kaluzhanov, Yuliana Zakrevskaya, Dmitriy Zhigalov",
        "Actors": "Maryana Spivak, Igor Grabuzov, Valeria Kot",
        "Plot": "Mara, an ancient pagan spirit, hunts a group of teenagers taking their body parts to be reborn. A disillusioned and desperate investigator has to face his deepest fears to save the teenagers.",
        "Language": "Russian, English",
        "Country": "Russia, Kazakhstan",
        "Awards": "N/A",
        "Poster": "https://m.media-amazon.com/images/M/MV5BNjY0ZGI2OGEtNGFjZi00YWM2LTk2OTAtM2VlZGQzNDAzYTAwXkEyXkFqcGc@._V1_SX300.jpg",
        "Ratings": [
            {
                "Source": "Internet Movie Database",
                "Value": "3.9/10"
            }
        ],
        "Metascore": "N/A",
        "imdbRating": "3.9",
        "imdbVotes": "289",
        "imdbID": "tt13358904",
        "Type": "movie",
        "DVD": "N/A",
        "BoxOffice": "N/A",
        "Production": "N/A",
        "Website": "N/A",
        "Response": "True"
    }
}