{
    "tmdb": {
        "adult": false,
        "backdrop_path": "/2tD6lbeSHx0sYDsu0BoS2d1qrbZ.jpg",
        "belongs_to_collection": null,
        "budget": 5500000,
        "genres": [
            {
                "id": 36,
                "name": "History"
            },
            {
                "id": 18,
                "name": "Drama"
            }
        ],
        "homepage": "http://www.filmpositive.hu/",
        "id": 1016683,
        "imdb_id": "tt20672356",
        "origin_country": [
            "HU"
        ],
        "original_language": "hu",
        "original_title": "Semmelweis",
        "overview": "Set in 19th century Vienna, Ignac Semmelweis, a short-tempered but passionate doctor, delivers babies and carries out autopsies on a daily basis while looking for the cause of puerperal fever, the mysterious epidemic that decimates patients in the hospital.",
        "popularity": 33.2332,
        "poster_path": "/ol6lDiWvWIDZsElj2sfBwQF9IBJ.jpg",
        "production_companies": [
            {
                "id": 63721,
                "logo_path": "/vAatwhqfLCJIu6IKKZX3iuKgG1Q.png",
                "name": "Film Positive Productions",
                "origin_country": "HU"
            },
            {
                "id": 72054,
                "logo_path": "/q1deT9iOLOz4sHz8vMso2ow3pFR.png",
                "name": "Szupermodern Stúdió",
                "origin_country": "HU"
            }
        ],
        "production_countries": [
            {
                "iso_3166_1": "HU",
                "name": "Hungary"
            }
        ],
        "release_date": "2023-11-30",
        "revenue": 1645196,
        "runtime": 127,
        "spoken_languages": [
            {
                "english_name": "Hungarian",
                "iso_639_1": "hu",
                "name": "Magyar"
            }
        ],
        "status": "Released",
        "tagline": "He saw the invisible, he did the impossible",
        "title": "Semmelweis",
        "video": false,
        "vote_average": 6.923,
        "vote_count": 13
    },
    "omdb": {
        "Title": "Semmelweis",
        "Year": "2023",
        "Rated": "N/A",
        "Released": "30 Nov 2023",
        "Runtime": "127 min",
        "Genre": "Biography, Drama, History",
        "Director": "Lajos Koltai",
        "Writer": "Balázs Maruszki",
        "Actors": "Miklós H. Vecsei, Katica Nagy, László Gálffi",
        "Plot": "In 1847 a mysterious epidemic is raging in a maternity clinic in Vienna, while the doctor Ignác Semmelweis tries to defeat puerperal fever by going against all traditional theories.",
        "Language": "Hungarian",
        "Country": "Hungary",
        "Awards": "6 wins & 10 nominations",
        "Poster": "https://m.media-amazon.com/images/M/MV5BZTQ4MDVhY2EtZWJjMy00YzQ1LWFmMzItM2ZjY2VmMTU4ZWQwXkEyXkFqcGc@._V1_SX300.jpg",
        "Ratings": [
            {
                "Source": "Internet Movie Database",
                "Value": "6.9/10"
            }
        ],
        "Metascore": "N/A",
        "imdbRating": "6.9",
        "imdbVotes": "3,060",
        "imdbID": "tt20672356",
        "Type": "movie",
        "DVD": "N/A",
        "BoxOffice": "N/A",
        "Production": "N/A",
        "Website": "N/A",
        "Response": "True"
    }
}