{
    "tmdb": {
        "adult": false,
        "backdrop_path": "/6z1GBb8yTFSZP1FWA2dNa9as2zL.jpg",
        "belongs_to_collection": null,
        "budget": 176000000,
        "genres": [
            {
                "id": 878,
                "name": "Science Fiction"
            },
            {
                "id": 14,
                "name": "Fantasy"
            },
            {
                "id": 28,
                "name": "Action"
            }
        ],
        "homepage": "http://www.jupiterascending.com",
        "id": 76757,
        "imdb_id": "tt1617661",
        "origin_country": [
            "US"
        ],
        "original_language": "en",
        "original_title": "Jupiter Ascending",
        "overview": "In a universe where human genetic material is the most precious commodity, an impoverished young Earth woman becomes the key to strategic maneuvers and internal strife within a powerful dynasty…",
        "popularity": 16.0877,
        "poster_path": "/xzQ25m9vrdyvpLX74T3B3KB40Ou.jpg",
        "production_companies": [
            {
                "id": 174,
                "logo_path": "/zhD3hhtKB5qyv7ZeL4uLpNxgMVU.png",
                "name": "Warner Bros. Pictures",
                "origin_country": "US"
            },
            {
                "id": 79,
                "logo_path": "/at4uYdwAAgNRKhZuuFX8ShKSybw.png",
                "name": "Village Roadshow Pictures",
                "origin_country": "US"
            },
            {
                "id": 41624,
                "logo_path": "/wzKxIeQKlMP0y5CaAw25MD6EQmf.png",
                "name": "RatPac Entertainment",
                "origin_country": "US"
            },
            {
                "id": 450,
                "logo_path": "/5SQqMrfCZPWdVE0q25DISvKwToE.png",
                "name": "Anarchos Productions",
                "origin_country": "US"
            }
        ],
        "production_countries": [
            {
                "iso_3166_1": "US",
                "name": "United States of America"
            }
        ],
        "release_date": "2015-02-04",
        "revenue": 184000000,
        "runtime": 127,
        "spoken_languages": [
            {
                "english_name": "English",
                "iso_639_1": "en",
                "name": "English"
            },
            {
                "english_name": "Russian",
                "iso_639_1": "ru",
                "name": "Pусский"
            }
        ],
        "status": "Released",
        "tagline": "Expand your universe.",
        "title": "Jupiter Ascending",
        "video": false,
        "vote_average": 5.458,
        "vote_count": 6823
    },
    "omdb": {
        "Title": "Jupiter Ascending",
        "Year": "2015",
        "Rated": "PG-13",
        "Released": "06 Feb 2015",
        "Runtime": "127 min",
        "Genre": "Action, Adventure, Sci-Fi",
        "Director": "Lana Wachowski, Lilly Wachowski",
        "Writer": "Lilly Wachowski, Lana Wachowski",
        "Actors": "Channing Tatum, Mila Kunis, Eddie Redmayne",
        "Plot": "A young woman discovers her destiny as an heiress of intergalactic nobility and must fight to protect the inhabitants of Earth from an ancient and destructive industry.",
        "Language": "English, Russian",
        "Country": "United States, Australia",
        "Awards": "4 wins & 16 nominations total",
        "Poster": "https://m.media-amazon.com/images/M/MV5BMTQyNzk2MjA2NF5BMl5BanBnXkFtZTgwMjEwNzk3MjE@._V1_SX300.jpg",
        "Ratings": [
            {
                "Source": "Internet Movie Database",
                "Value": "5.3/10"
            },
            {
                "Source": "Rotten Tomatoes",
                "Value": "28%"
            },
            {
                "Source": "Metacritic",
                "Value": "40/100"
            }
        ],
        "Metascore": "40",
        "imdbRating": "5.3",
        "imdbVotes": "198,078",
        "imdbID": "tt1617661",
        "Type": "movie",
        "DVD": "N/A",
        "BoxOffice": "$47,387,723",
        "Production": "N/A",
        "Website": "N/A",
        "Response": "True"
    }
}