{
    "tmdb": {
        "adult": false,
        "backdrop_path": "/4MCKNAc6AbWjEsM2h9Xc29owo4z.jpg",
        "belongs_to_collection": {
            "id": 1440784,
            "name": "The Beekeeper Collection",
            "poster_path": "/yVO4Py2gZ2yFruiscOkEyrrtXFa.jpg",
            "backdrop_path": null
        },
        "budget": 35000000,
        "genres": [
            {
                "id": 28,
                "name": "Action"
            },
            {
                "id": 80,
                "name": "Crime"
            },
            {
                "id": 53,
                "name": "Thriller"
            }
        ],
        "homepage": "https://www.mgm.com/movies/the-beekeeper",
        "id": 866398,
        "imdb_id": "tt15314262",
        "origin_country": [
            "US"
        ],
        "original_language": "en",
        "original_title": "The Beekeeper",
        "overview": "One man's campaign for vengeance takes on national stakes after he is revealed to be a former operative of a powerful and clandestine organization known as Beekeepers.",
        "popularity": 24.4888,
        "poster_path": "/A7EByudX0eOzlkQ2FIbogzyazm2.jpg",
        "production_companies": [
            {
                "id": 14,
                "logo_path": "/m6AHu84oZQxvq7n1rsvMNJIAsMu.png",
                "name": "Miramax",
                "origin_country": "US"
            },
            {
                "id": 118475,
                "logo_path": "/x8mwqWGZK2gQvrp5QlYQho1VgXj.png",
                "name": "Cedar Park Entertainment",
                "origin_country": "US"
            },
            {
                "id": 218150,
                "logo_path": null,
                "name": "Punch Palace Productions",
                "origin_country": "GB"
            }
        ],
        "production_countries": [
            {
                "iso_3166_1": "GB",
                "name": "United Kingdom"
            },
            {
                "iso_3166_1": "US",
                "name": "United States of America"
            }
        ],
        "release_date": "2024-01-08",
        "revenue": 152720535,
        "runtime": 105,
        "spoken_languages": [
            {
                "english_name": "English",
                "iso_639_1": "en",
                "name": "English"
            }
        ],
        "status": "Released",
        "tagline": "Expose the corruption. Protect the hive.",
        "title": "The Beekeeper",
        "video": false,
        "vote_average": 7.33,
        "vote_count": 3497
    },
    "omdb": {
        "Title": "The Beekeeper",
        "Year": "2024",
        "Rated": "R",
        "Released": "12 Jan 2024",
        "Runtime": "105 min",
        "Genre": "Action, Crime, Thriller",
        "Director": "David Ayer",
        "Writer": "Kurt Wimmer",
        "Actors": "Jason Statham, Emmy Raver-Lampman, Bobby Naderi",
        "Plot": "A kind-hearted landlady commits suicide after falling victim to a phishing scam, leading former \"Beekeeper\" operative Adam Clay to set out on a brutal campaign for revenge upon those responsible.",
        "Language": "English, Japanese",
        "Country": "United Kingdom, United States",
        "Awards": "3 nominations total",
        "Poster": "https://m.media-amazon.com/images/M/MV5BNzg3YjVmZGYtOTc5MC00MDdiLTllOTYtZWQ0ODQ1MmMyNTExXkEyXkFqcGc@._V1_SX300.jpg",
        "Ratings": [
            {
                "Source": "Internet Movie Database",
                "Value": "6.3/10"
            },
            {
                "Source": "Rotten Tomatoes",
                "Value": "71%"
            },
            {
                "Source": "Metacritic",
                "Value": "53/100"
            }
        ],
        "Metascore": "53",
        "imdbRating": "6.3",
        "imdbVotes": "151,393",
        "imdbID": "tt15314262",
        "Type": "movie",
        "DVD": "N/A",
        "BoxOffice": "$66,220,535",
        "Production": "N/A",
        "Website": "N/A",
        "Response": "True"
    }
}