{
    "tmdb": {
        "adult": false,
        "backdrop_path": "/3WK7p9EdZmmvB1IbB2Vw9Rf4lXH.jpg",
        "belongs_to_collection": null,
        "budget": 20000000,
        "genres": [
            {
                "id": 18,
                "name": "Drama"
            },
            {
                "id": 10749,
                "name": "Romance"
            }
        ],
        "homepage": "http://www.mebeforeyoumovie.net",
        "id": 296096,
        "imdb_id": "tt2674426",
        "origin_country": [
            "US"
        ],
        "original_language": "en",
        "original_title": "Me Before You",
        "overview": "A small town girl is caught between dead-end jobs. A high-profile, successful man becomes wheelchair bound following an accident. The man decides his life is not worth living until the girl is hired for six months to be his new caretaker. Worlds apart and trapped together by circumstance, the two get off to a rocky start. But the girl becomes determined to prove to the man that life is worth living and as they embark on a series of adventures together, each finds their world changing in ways neither of them could begin to imagine.",
        "popularity": 15.1839,
        "poster_path": "/Ia3dzj5LnCj1ZBdlVeJrbKJQxG.jpg",
        "production_companies": [
            {
                "id": 12,
                "logo_path": "/2ycs64eqV5rqKYHyQK0GVoKGvfX.png",
                "name": "New Line Cinema",
                "origin_country": "US"
            },
            {
                "id": 5219,
                "logo_path": null,
                "name": "Sunswept Entertainment",
                "origin_country": "US"
            },
            {
                "id": 21,
                "logo_path": "/usUnaYV6hQnlVAXP6r4HwrlLFPG.png",
                "name": "Metro-Goldwyn-Mayer",
                "origin_country": "US"
            }
        ],
        "production_countries": [
            {
                "iso_3166_1": "US",
                "name": "United States of America"
            }
        ],
        "release_date": "2016-06-01",
        "revenue": 207945075,
        "runtime": 110,
        "spoken_languages": [
            {
                "english_name": "English",
                "iso_639_1": "en",
                "name": "English"
            }
        ],
        "status": "Released",
        "tagline": "Live boldly.",
        "title": "Me Before You",
        "video": false,
        "vote_average": 7.928,
        "vote_count": 12624
    },
    "omdb": {
        "Title": "Me Before You",
        "Year": "2016",
        "Rated": "PG-13",
        "Released": "03 Jun 2016",
        "Runtime": "110 min",
        "Genre": "Drama, Romance",
        "Director": "Thea Sharrock",
        "Writer": "Jojo Moyes",
        "Actors": "Emilia Clarke, Sam Claflin, Janet McTeer",
        "Plot": "A girl in a small town forms an unlikely bond with a recently-paralyzed man she's taking care of.",
        "Language": "English, French",
        "Country": "United States",
        "Awards": "6 wins & 6 nominations total",
        "Poster": "https://m.media-amazon.com/images/M/MV5BMTQ2NjE4NDE2NV5BMl5BanBnXkFtZTgwOTcwNDE5NzE@._V1_SX300.jpg",
        "Ratings": [
            {
                "Source": "Internet Movie Database",
                "Value": "7.4/10"
            },
            {
                "Source": "Rotten Tomatoes",
                "Value": "54%"
            },
            {
                "Source": "Metacritic",
                "Value": "51/100"
            }
        ],
        "Metascore": "51",
        "imdbRating": "7.4",
        "imdbVotes": "303,617",
        "imdbID": "tt2674426",
        "Type": "movie",
        "DVD": "N/A",
        "BoxOffice": "$56,245,075",
        "Production": "N/A",
        "Website": "N/A",
        "Response": "True"
    }
}