{
    "tmdb": {
        "adult": false,
        "backdrop_path": "/lpZRUK5AuFW4Rw6bISIWOBJhS7P.jpg",
        "belongs_to_collection": null,
        "budget": 0,
        "genres": [
            {
                "id": 99,
                "name": "Documentary"
            }
        ],
        "homepage": "https://www.hbo.com/movies/making-of-the-last-of-us",
        "id": 1100287,
        "imdb_id": "tt27478132",
        "origin_country": [
            "US"
        ],
        "original_language": "en",
        "original_title": "Making of The Last of Us",
        "overview": "Featuring extensive interviews with the cast and crew, this all-access documentary gives a rare glimpse into the daunting behind-the-scenes efforts that went into the production of the HBO Original smash hit series The Last of Us.",
        "popularity": 25.9647,
        "poster_path": "/nter1KTaQjmkGCjvSu5u01FoecP.jpg",
        "production_companies": [
            {
                "id": 3268,
                "logo_path": "/tuomPhY2UtuPTqqFnKMVHvSb724.png",
                "name": "HBO",
                "origin_country": "US"
            }
        ],
        "production_countries": [
            {
                "iso_3166_1": "US",
                "name": "United States of America"
            }
        ],
        "release_date": "2023-03-12",
        "revenue": 0,
        "runtime": 31,
        "spoken_languages": [
            {
                "english_name": "English",
                "iso_639_1": "en",
                "name": "English"
            }
        ],
        "status": "Released",
        "tagline": "",
        "title": "Making of The Last of Us",
        "video": false,
        "vote_average": 6.8,
        "vote_count": 23
    },
    "omdb": {
        "Title": "Making of 'The Last of Us'",
        "Year": "2023",
        "Rated": "TV-14",
        "Released": "14 Mar 2023",
        "Runtime": "31 min",
        "Genre": "Documentary",
        "Director": "Paul C. Rosen",
        "Writer": "N/A",
        "Actors": "Troy Baker, Murray Bartlett, Eben Bolter",
        "Plot": "An all-access documentary detailing the daunting behind-the-scenes efforts that went into the production of the hit series The Last of Us.",
        "Language": "English",
        "Country": "United States",
        "Awards": "N/A",
        "Poster": "https://m.media-amazon.com/images/M/MV5BMDkyMDIzMjktODVhMi00MzAxLWEyYmUtZTU2NTI3ODVjYTViXkEyXkFqcGc@._V1_SX300.jpg",
        "Ratings": [],
        "Metascore": "N/A",
        "imdbRating": "N/A",
        "imdbVotes": "231",
        "imdbID": "tt27478132",
        "Type": "movie",
        "DVD": "N/A",
        "BoxOffice": "N/A",
        "Production": "N/A",
        "Website": "N/A",
        "Response": "True"
    }
}