{
    "tmdb": {
        "adult": false,
        "backdrop_path": "/ziC23LkMYj8gToQQYQGWSGJCLNF.jpg",
        "belongs_to_collection": {
            "id": 404825,
            "name": "Wreck-It Ralph Collection",
            "poster_path": "/fB9IezOsfgfttFm9Q2kzkaOHAeE.jpg",
            "backdrop_path": "/maHMw00WEuUzi4hoXxXQAGLntfH.jpg"
        },
        "budget": 165000000,
        "genres": [
            {
                "id": 10751,
                "name": "Family"
            },
            {
                "id": 16,
                "name": "Animation"
            },
            {
                "id": 35,
                "name": "Comedy"
            },
            {
                "id": 12,
                "name": "Adventure"
            }
        ],
        "homepage": "http://disney.go.com/wreck-it-ralph",
        "id": 82690,
        "imdb_id": "tt1772341",
        "origin_country": [
            "US"
        ],
        "original_language": "en",
        "original_title": "Wreck-It Ralph",
        "overview": "Wreck-It Ralph is the 9-foot-tall, 643-pound villain of an arcade video game named Fix-It Felix Jr., in which the game's titular hero fixes buildings that Ralph destroys. Wanting to prove he can be a good guy and not just a villain, Ralph escapes his game and lands in Hero's Duty, a first-person shooter where he helps the game's hero battle against alien invaders. He later enters Sugar Rush, a kart racing game set on tracks made of candies, cookies and other sweets. There, Ralph meets Vanellope von Schweetz who has learned that her game is faced with a dire threat that could affect the entire arcade, and one that Ralph may have inadvertently started.",
        "popularity": 19.0437,
        "poster_path": "/zWoIgZ7mgmPkaZjG0102BSKFIqQ.jpg",
        "production_companies": [
            {
                "id": 6125,
                "logo_path": "/tzsMJBJZINu7GHzrpYzpReWhh66.png",
                "name": "Walt Disney Animation Studios",
                "origin_country": "US"
            },
            {
                "id": 2,
                "logo_path": "/wdrCwmRnLFJhEoH8GSfymY85KHT.png",
                "name": "Walt Disney Pictures",
                "origin_country": "US"
            }
        ],
        "production_countries": [
            {
                "iso_3166_1": "US",
                "name": "United States of America"
            }
        ],
        "release_date": "2012-11-01",
        "revenue": 471222889,
        "runtime": 101,
        "spoken_languages": [
            {
                "english_name": "English",
                "iso_639_1": "en",
                "name": "English"
            }
        ],
        "status": "Released",
        "tagline": "The story of a regular guy just looking for a little wreck-ognition.",
        "title": "Wreck-It Ralph",
        "video": false,
        "vote_average": 7.3,
        "vote_count": 12497
    },
    "omdb": {
        "Title": "Wreck-It Ralph",
        "Year": "2012",
        "Rated": "PG",
        "Released": "02 Nov 2012",
        "Runtime": "101 min",
        "Genre": "Animation, Adventure, Comedy",
        "Director": "Rich Moore",
        "Writer": "Rich Moore, Phil Johnston, Jim Reardon",
        "Actors": "John C. Reilly, Jack McBrayer, Jane Lynch",
        "Plot": "Ralph is tired of playing the role of a bad guy and embarks on a journey to become a video game hero. But he accidentally lets loose a deadly enemy that threatens the entire arcade.",
        "Language": "English",
        "Country": "United States",
        "Awards": "Nominated for 1 Oscar. 33 wins & 42 nominations total",
        "Poster": "https://m.media-amazon.com/images/M/MV5BNzMxNTExOTkyMF5BMl5BanBnXkFtZTcwMzEyNDc0OA@@._V1_SX300.jpg",
        "Ratings": [
            {
                "Source": "Internet Movie Database",
                "Value": "7.7/10"
            },
            {
                "Source": "Rotten Tomatoes",
                "Value": "87%"
            },
            {
                "Source": "Metacritic",
                "Value": "72/100"
            }
        ],
        "Metascore": "72",
        "imdbRating": "7.7",
        "imdbVotes": "478,174",
        "imdbID": "tt1772341",
        "Type": "movie",
        "DVD": "N/A",
        "BoxOffice": "$189,422,889",
        "Production": "N/A",
        "Website": "N/A",
        "Response": "True"
    }
}