{
    "tmdb": {
        "adult": false,
        "backdrop_path": "/mkxGpqh4yOYqtENv01IrDcesFRf.jpg",
        "belongs_to_collection": null,
        "budget": 0,
        "genres": [
            {
                "id": 28,
                "name": "Action"
            },
            {
                "id": 35,
                "name": "Comedy"
            }
        ],
        "homepage": "https://www.netflix.com/title/81307099",
        "id": 993710,
        "imdb_id": "tt21191806",
        "origin_country": [
            "US"
        ],
        "original_language": "en",
        "original_title": "Back in Action",
        "overview": "Fifteen years after vanishing from the CIA to start a family, elite spies Matt and Emily jump back into the world of espionage when their cover is blown.",
        "popularity": 33.7607,
        "poster_path": "/3L3l6LsiLGHkTG4RFB2aBA6BttB.jpg",
        "production_companies": [
            {
                "id": 7076,
                "logo_path": "/8BFxn9NUWSgp0ndih569Gm62xiC.png",
                "name": "Chernin Entertainment",
                "origin_country": "US"
            },
            {
                "id": 121737,
                "logo_path": null,
                "name": "Exhibit A",
                "origin_country": "US"
            },
            {
                "id": 228007,
                "logo_path": null,
                "name": "Good One",
                "origin_country": "US"
            }
        ],
        "production_countries": [
            {
                "iso_3166_1": "US",
                "name": "United States of America"
            }
        ],
        "release_date": "2025-01-15",
        "revenue": 0,
        "runtime": 114,
        "spoken_languages": [
            {
                "english_name": "Polish",
                "iso_639_1": "pl",
                "name": "Polski"
            },
            {
                "english_name": "English",
                "iso_639_1": "en",
                "name": "English"
            }
        ],
        "status": "Released",
        "tagline": "They're living their best lies.",
        "title": "Back in Action",
        "video": false,
        "vote_average": 6.46,
        "vote_count": 1187
    },
    "omdb": {
        "Title": "Back in Action",
        "Year": "2025",
        "Rated": "PG-13",
        "Released": "17 Jan 2025",
        "Runtime": "114 min",
        "Genre": "Action, Comedy",
        "Director": "Seth Gordon",
        "Writer": "Seth Gordon, Brendan O'Brien, Lillian Yu",
        "Actors": "Jamie Foxx, Cameron Diaz, McKenna Roberts",
        "Plot": "Former CIA spies Emily and Matt are pulled back into espionage after their secret identities are exposed.",
        "Language": "English, Polish",
        "Country": "United States",
        "Awards": "N/A",
        "Poster": "https://m.media-amazon.com/images/M/MV5BMWQ4YWYxYTAtZTlhNC00Nzc3LWE3OWUtZjY5MThlNWNiYTBiXkEyXkFqcGc@._V1_SX300.jpg",
        "Ratings": [
            {
                "Source": "Internet Movie Database",
                "Value": "5.9/10"
            },
            {
                "Source": "Rotten Tomatoes",
                "Value": "28%"
            },
            {
                "Source": "Metacritic",
                "Value": "46/100"
            }
        ],
        "Metascore": "46",
        "imdbRating": "5.9",
        "imdbVotes": "50,983",
        "imdbID": "tt21191806",
        "Type": "movie",
        "DVD": "N/A",
        "BoxOffice": "N/A",
        "Production": "N/A",
        "Website": "N/A",
        "Response": "True"
    }
}