{
    "tmdb": {
        "adult": false,
        "backdrop_path": "/cHkhb5A4gQRK6zs6Pv7zorHs8Nk.jpg",
        "belongs_to_collection": {
            "id": 9485,
            "name": "The Fast and the Furious Collection",
            "poster_path": "/zOCnMPoUxgJK1RFPfN4PcnT16gr.jpg",
            "backdrop_path": "/z5A5W3WYJc3UVEWljSGwdjDgQ0j.jpg"
        },
        "budget": 190000000,
        "genres": [
            {
                "id": 28,
                "name": "Action"
            },
            {
                "id": 53,
                "name": "Thriller"
            },
            {
                "id": 80,
                "name": "Crime"
            }
        ],
        "homepage": "https://www.uphe.com/movies/furious-7",
        "id": 168259,
        "imdb_id": "tt2820852",
        "origin_country": [
            "US"
        ],
        "original_language": "en",
        "original_title": "Furious 7",
        "overview": "Deckard Shaw seeks revenge against Dominic Toretto and his family for his comatose brother.",
        "popularity": 13.3723,
        "poster_path": "/wurKlC3VKUgcfsn0K51MJYEleS2.jpg",
        "production_companies": [
            {
                "id": 333,
                "logo_path": "/5xUJfzPZ8jWJUDzYtIeuPO4qPIa.png",
                "name": "Original Film",
                "origin_country": "US"
            },
            {
                "id": 1225,
                "logo_path": "/rIxhJMR7oK8b2fMakmTfRLY2TZv.png",
                "name": "One Race",
                "origin_country": "US"
            },
            {
                "id": 33,
                "logo_path": "/3wwjVpkZtnog6lSKzWDjvw2Yi00.png",
                "name": "Universal Pictures",
                "origin_country": "US"
            }
        ],
        "production_countries": [
            {
                "iso_3166_1": "US",
                "name": "United States of America"
            }
        ],
        "release_date": "2015-04-01",
        "revenue": 1515400000,
        "runtime": 137,
        "spoken_languages": [
            {
                "english_name": "Arabic",
                "iso_639_1": "ar",
                "name": "العربية"
            },
            {
                "english_name": "English",
                "iso_639_1": "en",
                "name": "English"
            },
            {
                "english_name": "Spanish",
                "iso_639_1": "es",
                "name": "Español"
            },
            {
                "english_name": "Thai",
                "iso_639_1": "th",
                "name": "ภาษาไทย"
            }
        ],
        "status": "Released",
        "tagline": "Vengeance hits home.",
        "title": "Furious 7",
        "video": false,
        "vote_average": 7.226,
        "vote_count": 10784
    },
    "omdb": {
        "Title": "Furious 7",
        "Year": "2015",
        "Rated": "PG-13",
        "Released": "03 Apr 2015",
        "Runtime": "137 min",
        "Genre": "Action, Thriller",
        "Director": "James Wan",
        "Writer": "Chris Morgan, Gary Scott Thompson",
        "Actors": "Vin Diesel, Paul Walker, Dwayne Johnson",
        "Plot": "Deckard Shaw seeks revenge against Dominic Toretto and his family for his comatose brother.",
        "Language": "English, Thai, Arabic, Spanish",
        "Country": "United States, China, Japan, Canada, United Arab Emirates",
        "Awards": "36 wins & 36 nominations total",
        "Poster": "https://m.media-amazon.com/images/M/MV5BMTQxOTA2NDUzOV5BMl5BanBnXkFtZTgwNzY2MTMxMzE@._V1_SX300.jpg",
        "Ratings": [
            {
                "Source": "Internet Movie Database",
                "Value": "7.1/10"
            },
            {
                "Source": "Rotten Tomatoes",
                "Value": "82%"
            },
            {
                "Source": "Metacritic",
                "Value": "67/100"
            }
        ],
        "Metascore": "67",
        "imdbRating": "7.1",
        "imdbVotes": "426,491",
        "imdbID": "tt2820852",
        "Type": "movie",
        "DVD": "N/A",
        "BoxOffice": "$353,007,020",
        "Production": "N/A",
        "Website": "N/A",
        "Response": "True"
    }
}