{
    "tmdb": {
        "adult": false,
        "backdrop_path": "/suaEOtk1N1sgg2MTM7oZd2cfVp3.jpg",
        "belongs_to_collection": null,
        "budget": 8000000,
        "genres": [
            {
                "id": 53,
                "name": "Thriller"
            },
            {
                "id": 80,
                "name": "Crime"
            }
        ],
        "homepage": "https://www.miramax.com/movie/pulp-fiction/",
        "id": 680,
        "imdb_id": "tt0110912",
        "origin_country": [
            "US"
        ],
        "original_language": "en",
        "original_title": "Pulp Fiction",
        "overview": "A burger-loving hit man, his philosophical partner, a drug-addled gangster's moll and a washed-up boxer converge in this sprawling, comedic crime caper. Their adventures unfurl in three stories that ingeniously trip back and forth in time.",
        "popularity": 36.2243,
        "poster_path": "/vQWk5YBFWF4bZaofAbv0tShwBvQ.jpg",
        "production_companies": [
            {
                "id": 14,
                "logo_path": "/m6AHu84oZQxvq7n1rsvMNJIAsMu.png",
                "name": "Miramax",
                "origin_country": "US"
            },
            {
                "id": 59,
                "logo_path": "/b1tj5EWcFQLYaQrw1D9V4s8kUgN.png",
                "name": "A Band Apart",
                "origin_country": "US"
            },
            {
                "id": 216,
                "logo_path": "/iKPzC6YxqNAk6fMoTtFhIF5p6yw.png",
                "name": "Jersey Films",
                "origin_country": "US"
            }
        ],
        "production_countries": [
            {
                "iso_3166_1": "US",
                "name": "United States of America"
            }
        ],
        "release_date": "1994-09-10",
        "revenue": 213928762,
        "runtime": 154,
        "spoken_languages": [
            {
                "english_name": "English",
                "iso_639_1": "en",
                "name": "English"
            },
            {
                "english_name": "Spanish",
                "iso_639_1": "es",
                "name": "Español"
            },
            {
                "english_name": "French",
                "iso_639_1": "fr",
                "name": "Français"
            }
        ],
        "status": "Released",
        "tagline": "You won't know the facts until you've seen the fiction.",
        "title": "Pulp Fiction",
        "video": false,
        "vote_average": 8.489,
        "vote_count": 28616
    },
    "omdb": {
        "Title": "Pulp Fiction",
        "Year": "1994",
        "Rated": "R",
        "Released": "14 Oct 1994",
        "Runtime": "154 min",
        "Genre": "Crime, Drama",
        "Director": "Quentin Tarantino",
        "Writer": "Quentin Tarantino, Roger Avary",
        "Actors": "John Travolta, Uma Thurman, Samuel L. Jackson",
        "Plot": "The lives of two mob hitmen, a boxer, a gangster and his wife, and a pair of diner bandits intertwine in four tales of violence and redemption.",
        "Language": "English, Spanish, French",
        "Country": "United States",
        "Awards": "Won 1 Oscar. 69 wins & 72 nominations total",
        "Poster": "https://m.media-amazon.com/images/M/MV5BYTViYTE3ZGQtNDBlMC00ZTAyLTkyODMtZGRiZDg0MjA2YThkXkEyXkFqcGc@._V1_SX300.jpg",
        "Ratings": [
            {
                "Source": "Internet Movie Database",
                "Value": "8.9/10"
            },
            {
                "Source": "Rotten Tomatoes",
                "Value": "92%"
            },
            {
                "Source": "Metacritic",
                "Value": "95/100"
            }
        ],
        "Metascore": "95",
        "imdbRating": "8.9",
        "imdbVotes": "2,318,236",
        "imdbID": "tt0110912",
        "Type": "movie",
        "DVD": "N/A",
        "BoxOffice": "$107,928,762",
        "Production": "N/A",
        "Website": "N/A",
        "Response": "True"
    }
}