{
    "tmdb": {
        "adult": false,
        "backdrop_path": "/eeMoFKxjjiCi6iep2GEZtSAMYIr.jpg",
        "belongs_to_collection": null,
        "budget": 5300000,
        "genres": [
            {
                "id": 18,
                "name": "Drama"
            },
            {
                "id": 878,
                "name": "Science Fiction"
            }
        ],
        "homepage": "",
        "id": 19,
        "imdb_id": "tt0017136",
        "origin_country": [
            "DE"
        ],
        "original_language": "de",
        "original_title": "Metropolis",
        "overview": "In a futuristic city sharply divided between the rich and the poor, the son of the city's mastermind meets a prophet who predicts the coming of a savior to mediate their differences.",
        "popularity": 67.8225,
        "poster_path": "/vZIJxGnjcswPCAa52jhbl01FQkV.jpg",
        "production_companies": [
            {
                "id": 12372,
                "logo_path": "/lcQScIQXHQXuLMLFQt0loJl5gWJ.png",
                "name": "UFA",
                "origin_country": "DE"
            }
        ],
        "production_countries": [
            {
                "iso_3166_1": "DE",
                "name": "Germany"
            }
        ],
        "release_date": "1927-02-06",
        "revenue": 1350322,
        "runtime": 153,
        "spoken_languages": [
            {
                "english_name": "No Language",
                "iso_639_1": "xx",
                "name": "No Language"
            }
        ],
        "status": "Released",
        "tagline": "There can be no understanding between the hands and the brain unless the heart acts as mediator.",
        "title": "Metropolis",
        "video": false,
        "vote_average": 8.109,
        "vote_count": 2848
    },
    "omdb": {
        "Title": "Metropolis",
        "Year": "1927",
        "Rated": "Not Rated",
        "Released": "13 Mar 1927",
        "Runtime": "153 min",
        "Genre": "Drama, Sci-Fi",
        "Director": "Fritz Lang",
        "Writer": "Thea von Harbou, Fritz Lang",
        "Actors": "Brigitte Helm, Alfred Abel, Gustav Fröhlich",
        "Plot": "In a futuristic city sharply divided between the working class and the city planners, the son of the city's mastermind falls in love with a working-class prophet who predicts the coming of a savior to mediate their differences.",
        "Language": "German, English",
        "Country": "Germany",
        "Awards": "7 wins & 6 nominations",
        "Poster": "https://m.media-amazon.com/images/M/MV5BMjhjMGYyMjAtMzJkYy00NzhlLWIwY2MtMWQ2ODIxZDUyOGYyXkEyXkFqcGc@._V1_SX300.jpg",
        "Ratings": [
            {
                "Source": "Internet Movie Database",
                "Value": "8.3/10"
            },
            {
                "Source": "Rotten Tomatoes",
                "Value": "97%"
            },
            {
                "Source": "Metacritic",
                "Value": "98/100"
            }
        ],
        "Metascore": "98",
        "imdbRating": "8.3",
        "imdbVotes": "190,808",
        "imdbID": "tt0017136",
        "Type": "movie",
        "DVD": "N/A",
        "BoxOffice": "$1,236,166",
        "Production": "N/A",
        "Website": "N/A",
        "Response": "True"
    }
}