{
    "tmdb": {
        "adult": false,
        "backdrop_path": "/6QmX2BDVr1hIOIPHqnxvp1C1ZZp.jpg",
        "belongs_to_collection": null,
        "budget": 69000000,
        "genres": [
            {
                "id": 35,
                "name": "Comedy"
            },
            {
                "id": 28,
                "name": "Action"
            },
            {
                "id": 80,
                "name": "Crime"
            }
        ],
        "homepage": "",
        "id": 339846,
        "imdb_id": "tt1469304",
        "origin_country": [
            "US"
        ],
        "original_language": "en",
        "original_title": "Baywatch",
        "overview": "Devoted lifeguard Mitch Buchannon butts heads with a brash new recruit. Together, they uncover a local criminal plot that threatens the future of the Bay.",
        "popularity": 37.1501,
        "poster_path": "/6HE4xd8zloDqmjMZuhUCCw2UcY1.jpg",
        "production_companies": [
            {
                "id": 90835,
                "logo_path": null,
                "name": "Uncharted",
                "origin_country": "US"
            },
            {
                "id": 4,
                "logo_path": "/gz66EfNoYPqHTYI4q9UEN4CbHRc.png",
                "name": "Paramount Pictures",
                "origin_country": "US"
            },
            {
                "id": 34081,
                "logo_path": null,
                "name": "Flynn Picture Company",
                "origin_country": "US"
            },
            {
                "id": 62029,
                "logo_path": null,
                "name": "Fremantle Productions",
                "origin_country": "GB"
            },
            {
                "id": 73669,
                "logo_path": "/pZ1sOLrUxvCvW1jODdCFgU6RxUA.png",
                "name": "Seven Bucks Productions",
                "origin_country": "US"
            },
            {
                "id": 82819,
                "logo_path": "/gXfFl9pRPaoaq14jybEn1pHeldr.png",
                "name": "Skydance Media",
                "origin_country": "US"
            },
            {
                "id": 2364,
                "logo_path": "/oZyR5maGM96jReVgW7oJ7mXN8ts.png",
                "name": "The Montecito Picture Company",
                "origin_country": "US"
            }
        ],
        "production_countries": [
            {
                "iso_3166_1": "US",
                "name": "United States of America"
            }
        ],
        "release_date": "2017-05-25",
        "revenue": 177900000,
        "runtime": 116,
        "spoken_languages": [
            {
                "english_name": "English",
                "iso_639_1": "en",
                "name": "English"
            }
        ],
        "status": "Released",
        "tagline": "Don't worry, summer is coming",
        "title": "Baywatch",
        "video": false,
        "vote_average": 6.092,
        "vote_count": 8180
    },
    "omdb": {
        "Title": "Baywatch",
        "Year": "2017",
        "Rated": "R",
        "Released": "25 May 2017",
        "Runtime": "116 min",
        "Genre": "Action, Comedy, Crime",
        "Director": "Seth Gordon",
        "Writer": "Michael Berk, Douglas Schwartz, Gregory J. Bonann",
        "Actors": "Dwayne Johnson, Zac Efron, Alexandra Daddario",
        "Plot": "Devoted lifeguard Mitch Buchannon butts heads with a brash new recruit, as they uncover a criminal plot that threatens the future of the bay.",
        "Language": "English, Spanish",
        "Country": "United Kingdom, China, United States",
        "Awards": "5 wins & 15 nominations total",
        "Poster": "https://m.media-amazon.com/images/M/MV5BNTA4MjQ0ODQzNF5BMl5BanBnXkFtZTgwNzA5NjYzMjI@._V1_SX300.jpg",
        "Ratings": [
            {
                "Source": "Internet Movie Database",
                "Value": "5.5/10"
            },
            {
                "Source": "Rotten Tomatoes",
                "Value": "18%"
            },
            {
                "Source": "Metacritic",
                "Value": "37/100"
            }
        ],
        "Metascore": "37",
        "imdbRating": "5.5",
        "imdbVotes": "209,797",
        "imdbID": "tt1469304",
        "Type": "movie",
        "DVD": "N/A",
        "BoxOffice": "$58,060,186",
        "Production": "N/A",
        "Website": "N/A",
        "Response": "True"
    }
}