{
    "tmdb": {
        "adult": false,
        "backdrop_path": "/65d0MccsiRSPTVicregKQL8owoo.jpg",
        "belongs_to_collection": null,
        "budget": 12000000,
        "genres": [
            {
                "id": 35,
                "name": "Comedy"
            },
            {
                "id": 10749,
                "name": "Romance"
            }
        ],
        "homepage": "",
        "id": 9603,
        "imdb_id": "tt0112697",
        "origin_country": [
            "US"
        ],
        "original_language": "en",
        "original_title": "Clueless",
        "overview": "Shallow, rich and socially successful Cher is at the top of her Beverly Hills high school's pecking scale. Seeing herself as a matchmaker, Cher first coaxes two teachers into dating each other. Emboldened by her success, she decides to give hopelessly klutzy new student Tai a makeover. When Tai becomes more popular than she is, Cher realizes that her disapproving ex-stepbrother was right about how misguided she was -- and falls for him.",
        "popularity": 16.6155,
        "poster_path": "/8AwVTcgpTnmeOs4TdTWqcFDXEsA.jpg",
        "production_companies": [
            {
                "id": 4,
                "logo_path": "/gz66EfNoYPqHTYI4q9UEN4CbHRc.png",
                "name": "Paramount Pictures",
                "origin_country": "US"
            },
            {
                "id": 12245,
                "logo_path": null,
                "name": "Robert Lawrence Productions",
                "origin_country": "US"
            },
            {
                "id": 258,
                "logo_path": "/tMI4xPwgxfNaNId3h9dOcHGU1NI.png",
                "name": "Scott Rudin Productions",
                "origin_country": "US"
            }
        ],
        "production_countries": [
            {
                "iso_3166_1": "US",
                "name": "United States of America"
            }
        ],
        "release_date": "1995-07-19",
        "revenue": 56631572,
        "runtime": 97,
        "spoken_languages": [
            {
                "english_name": "Spanish",
                "iso_639_1": "es",
                "name": "Español"
            },
            {
                "english_name": "English",
                "iso_639_1": "en",
                "name": "English"
            }
        ],
        "status": "Released",
        "tagline": "Sex. Clothes. Popularity. Is there a problem here?",
        "title": "Clueless",
        "video": false,
        "vote_average": 7.273,
        "vote_count": 4511
    },
    "omdb": {
        "Title": "Clueless",
        "Year": "1995",
        "Rated": "PG-13",
        "Released": "19 Jul 1995",
        "Runtime": "97 min",
        "Genre": "Comedy, Romance",
        "Director": "Amy Heckerling",
        "Writer": "Amy Heckerling",
        "Actors": "Alicia Silverstone, Stacey Dash, Brittany Murphy",
        "Plot": "Shallow, rich and socially successful Cher is at the top of her Beverly Hills high school's pecking scale. Seeing herself as a matchmaker, Cher first coaxes two teachers into dating each other.",
        "Language": "English, Spanish",
        "Country": "United States",
        "Awards": "6 wins & 12 nominations total",
        "Poster": "https://m.media-amazon.com/images/M/MV5BMTgwYjQ1NDktOTcwNi00MWZhLTliYWQtZDg5NjZhY2U5ZTNlXkEyXkFqcGc@._V1_SX300.jpg",
        "Ratings": [
            {
                "Source": "Internet Movie Database",
                "Value": "6.9/10"
            },
            {
                "Source": "Metacritic",
                "Value": "71/100"
            }
        ],
        "Metascore": "71",
        "imdbRating": "6.9",
        "imdbVotes": "258,466",
        "imdbID": "tt0112697",
        "Type": "movie",
        "DVD": "N/A",
        "BoxOffice": "$56,631,572",
        "Production": "N/A",
        "Website": "N/A",
        "Response": "True"
    }
}