{
    "tmdb": {
        "adult": false,
        "backdrop_path": "/2oZklIzUbvZXXzIFzv7Hi68d6xf.jpg",
        "belongs_to_collection": null,
        "budget": 100000000,
        "genres": [
            {
                "id": 18,
                "name": "Drama"
            },
            {
                "id": 37,
                "name": "Western"
            }
        ],
        "homepage": "http://www.unchainedmovie.com",
        "id": 68718,
        "imdb_id": "tt1853728",
        "origin_country": [
            "US"
        ],
        "original_language": "en",
        "original_title": "Django Unchained",
        "overview": "With the help of a German bounty hunter, a freed slave sets out to rescue his wife from a brutal Mississippi plantation owner.",
        "popularity": 24.9412,
        "poster_path": "/bV0rWoiRo7pHUTQkh6Oio6irlXO.jpg",
        "production_companies": [
            {
                "id": 308,
                "logo_path": "/e8F3mQM7DkJ5SfYYDp8FYzPBOGX.png",
                "name": "The Weinstein Company",
                "origin_country": "US"
            },
            {
                "id": 5,
                "logo_path": "/71BqEFAF4V3qjjMPCpLuyJFB9A.png",
                "name": "Columbia Pictures",
                "origin_country": "US"
            }
        ],
        "production_countries": [
            {
                "iso_3166_1": "US",
                "name": "United States of America"
            }
        ],
        "release_date": "2012-12-25",
        "revenue": 425368238,
        "runtime": 165,
        "spoken_languages": [
            {
                "english_name": "English",
                "iso_639_1": "en",
                "name": "English"
            },
            {
                "english_name": "French",
                "iso_639_1": "fr",
                "name": "Français"
            },
            {
                "english_name": "German",
                "iso_639_1": "de",
                "name": "Deutsch"
            }
        ],
        "status": "Released",
        "tagline": "Life, liberty, and the pursuit of vengeance.",
        "title": "Django Unchained",
        "video": false,
        "vote_average": 8.182,
        "vote_count": 26718
    },
    "omdb": {
        "Title": "Django Unchained",
        "Year": "2012",
        "Rated": "R",
        "Released": "25 Dec 2012",
        "Runtime": "165 min",
        "Genre": "Comedy, Drama, Western",
        "Director": "Quentin Tarantino",
        "Writer": "Quentin Tarantino",
        "Actors": "Jamie Foxx, Christoph Waltz, Leonardo DiCaprio",
        "Plot": "With the help of a German bounty-hunter, a freed slave sets out to rescue his wife from a brutal plantation owner in Mississippi.",
        "Language": "English, German, French, Italian",
        "Country": "United States",
        "Awards": "Won 2 Oscars. 58 wins & 158 nominations total",
        "Poster": "https://m.media-amazon.com/images/M/MV5BMjIyNTQ5NjQ1OV5BMl5BanBnXkFtZTcwODg1MDU4OA@@._V1_SX300.jpg",
        "Ratings": [
            {
                "Source": "Internet Movie Database",
                "Value": "8.5/10"
            },
            {
                "Source": "Rotten Tomatoes",
                "Value": "87%"
            },
            {
                "Source": "Metacritic",
                "Value": "81/100"
            }
        ],
        "Metascore": "81",
        "imdbRating": "8.5",
        "imdbVotes": "1,763,019",
        "imdbID": "tt1853728",
        "Type": "movie",
        "DVD": "N/A",
        "BoxOffice": "$162,805,434",
        "Production": "N/A",
        "Website": "N/A",
        "Response": "True"
    }
}