{
    "tmdb": {
        "adult": false,
        "backdrop_path": "/u2J7HxrT9QtzIy37S5q3RdrzxXD.jpg",
        "belongs_to_collection": {
            "id": 1129084,
            "name": "Nobody Collection",
            "poster_path": "/xJxoDyolVLq6mVpHHnWEk5HV6gc.jpg",
            "backdrop_path": null
        },
        "budget": 17000000,
        "genres": [
            {
                "id": 28,
                "name": "Action"
            },
            {
                "id": 53,
                "name": "Thriller"
            }
        ],
        "homepage": "https://www.nobody.movie",
        "id": 615457,
        "imdb_id": "tt7888964",
        "origin_country": [
            "US"
        ],
        "original_language": "en",
        "original_title": "Nobody",
        "overview": "Hutch Mansell, a suburban dad, overlooked husband, nothing neighbor — a \"nobody.\" When two thieves break into his home one night, Hutch's unknown long-simmering rage is ignited and propels him on a brutal path that will uncover dark secrets he fought to leave behind.",
        "popularity": 18.1197,
        "poster_path": "/oBgWY00bEFeZ9N25wWVyuQddbAo.jpg",
        "production_companies": [
            {
                "id": 121470,
                "logo_path": "/hYURmkObkMOBj5KO7L1i5TdXS2a.png",
                "name": "87North Productions",
                "origin_country": "US"
            },
            {
                "id": 86647,
                "logo_path": "/jefZmEJlxUAkuuwkH9CHQchgmJX.png",
                "name": "Odenkirk Provissiero Entertainment",
                "origin_country": "US"
            },
            {
                "id": 123230,
                "logo_path": null,
                "name": "Eighty Two Films",
                "origin_country": "US"
            }
        ],
        "production_countries": [
            {
                "iso_3166_1": "US",
                "name": "United States of America"
            }
        ],
        "release_date": "2021-03-18",
        "revenue": 61779301,
        "runtime": 91,
        "spoken_languages": [
            {
                "english_name": "English",
                "iso_639_1": "en",
                "name": "English"
            },
            {
                "english_name": "Russian",
                "iso_639_1": "ru",
                "name": "Pусский"
            },
            {
                "english_name": "Spanish",
                "iso_639_1": "es",
                "name": "Español"
            }
        ],
        "status": "Released",
        "tagline": "Never underestimate a nobody",
        "title": "Nobody",
        "video": false,
        "vote_average": 7.925,
        "vote_count": 7325
    },
    "omdb": {
        "Title": "Nobody",
        "Year": "2021",
        "Rated": "R",
        "Released": "26 Mar 2021",
        "Runtime": "92 min",
        "Genre": "Action, Crime, Drama",
        "Director": "Ilya Naishuller",
        "Writer": "Derek Kolstad",
        "Actors": "Bob Odenkirk, Aleksey Serebryakov, Connie Nielsen",
        "Plot": "A docile family man slowly reveals his true character after his house gets burgled by two petty thieves, which, coincidentally, leads him into a bloody war with a Russian crime boss.",
        "Language": "English, Russian, Spanish",
        "Country": "United States, Japan, China",
        "Awards": "5 wins & 18 nominations total",
        "Poster": "https://m.media-amazon.com/images/M/MV5BYmIzOWViNDEtOWRiZS00ZWM4LWFiMmEtNGJjMmQ3NTIxN2U0XkEyXkFqcGc@._V1_SX300.jpg",
        "Ratings": [
            {
                "Source": "Internet Movie Database",
                "Value": "7.4/10"
            },
            {
                "Source": "Rotten Tomatoes",
                "Value": "84%"
            },
            {
                "Source": "Metacritic",
                "Value": "64/100"
            }
        ],
        "Metascore": "64",
        "imdbRating": "7.4",
        "imdbVotes": "348,237",
        "imdbID": "tt7888964",
        "Type": "movie",
        "DVD": "N/A",
        "BoxOffice": "$27,568,035",
        "Production": "N/A",
        "Website": "N/A",
        "Response": "True"
    }
}