{
    "tmdb": {
        "adult": false,
        "backdrop_path": "/jXDselREPq8TOVGM4dzBBUM7xVk.jpg",
        "belongs_to_collection": null,
        "budget": 170000000,
        "genres": [
            {
                "id": 28,
                "name": "Action"
            },
            {
                "id": 878,
                "name": "Science Fiction"
            },
            {
                "id": 12,
                "name": "Adventure"
            }
        ],
        "homepage": "https://family.20thcenturystudios.com/movies/alita-battle-angel",
        "id": 399579,
        "imdb_id": "tt0437086",
        "origin_country": [
            "US"
        ],
        "original_language": "en",
        "original_title": "Alita: Battle Angel",
        "overview": "When Alita awakens with no memory of who she is in a future world she does not recognize, she is taken in by Ido, a compassionate doctor who realizes that somewhere in this abandoned cyborg shell is the heart and soul of a young woman with an extraordinary past.",
        "popularity": 21.6512,
        "poster_path": "/xRWht48C2V8XNfzvPehyClOvDni.jpg",
        "production_companies": [
            {
                "id": 10807,
                "logo_path": "/5MhGwwNnXXcTKjIXJ9oALnUas4t.png",
                "name": "Troublemaker Studios",
                "origin_country": "US"
            },
            {
                "id": 574,
                "logo_path": "/nLNW1TeFUYU0M5U0qmYUzOIwlB6.png",
                "name": "Lightstorm Entertainment",
                "origin_country": "US"
            },
            {
                "id": 25,
                "logo_path": "/qZCc1lty5FzX30aOCVRBLzaVmcp.png",
                "name": "20th Century Fox",
                "origin_country": "US"
            },
            {
                "id": 22213,
                "logo_path": "/qx9K6bFWJupwde0xQDwOvXkOaL8.png",
                "name": "TSG Entertainment",
                "origin_country": "US"
            }
        ],
        "production_countries": [
            {
                "iso_3166_1": "US",
                "name": "United States of America"
            }
        ],
        "release_date": "2019-01-31",
        "revenue": 405000000,
        "runtime": 122,
        "spoken_languages": [
            {
                "english_name": "English",
                "iso_639_1": "en",
                "name": "English"
            },
            {
                "english_name": "Spanish",
                "iso_639_1": "es",
                "name": "Español"
            }
        ],
        "status": "Released",
        "tagline": "An angel falls. A warrior rises.",
        "title": "Alita: Battle Angel",
        "video": false,
        "vote_average": 7.239,
        "vote_count": 9399
    },
    "omdb": {
        "Title": "Alita: Battle Angel",
        "Year": "2019",
        "Rated": "PG-13",
        "Released": "14 Feb 2019",
        "Runtime": "122 min",
        "Genre": "Action, Adventure, Sci-Fi",
        "Director": "Robert Rodriguez",
        "Writer": "James Cameron, Laeta Kalogridis, Yukito Kishiro",
        "Actors": "Rosa Salazar, Christoph Waltz, Jennifer Connelly",
        "Plot": "A deactivated cyborg's revived, but can't remember anything of her past and goes on a quest to find out who she is.",
        "Language": "English, Spanish",
        "Country": "Japan, Canada, United States",
        "Awards": "10 wins & 25 nominations total",
        "Poster": "https://m.media-amazon.com/images/M/MV5BYmZhZGQzM2MtMWEyZC00YTU1LTk4YTQtMTg3ZjEzM2U1NTkxXkEyXkFqcGc@._V1_SX300.jpg",
        "Ratings": [
            {
                "Source": "Internet Movie Database",
                "Value": "7.3/10"
            },
            {
                "Source": "Rotten Tomatoes",
                "Value": "61%"
            },
            {
                "Source": "Metacritic",
                "Value": "53/100"
            }
        ],
        "Metascore": "53",
        "imdbRating": "7.3",
        "imdbVotes": "311,165",
        "imdbID": "tt0437086",
        "Type": "movie",
        "DVD": "N/A",
        "BoxOffice": "$85,838,210",
        "Production": "N/A",
        "Website": "N/A",
        "Response": "True"
    }
}