{
    "tmdb": {
        "adult": false,
        "backdrop_path": "/hfdds27YL5nTAhiOtjfNNxD3bJe.jpg",
        "belongs_to_collection": {
            "id": 14740,
            "name": "Madagascar Collection",
            "poster_path": "/99VF9o8Zuq4mh5px4bBaZvcKyQS.jpg",
            "backdrop_path": "/lzTIAbvMeGWB7PUrmBZXulGA28M.jpg"
        },
        "budget": 145000000,
        "genres": [
            {
                "id": 16,
                "name": "Animation"
            },
            {
                "id": 10751,
                "name": "Family"
            },
            {
                "id": 35,
                "name": "Comedy"
            },
            {
                "id": 12,
                "name": "Adventure"
            }
        ],
        "homepage": "",
        "id": 80321,
        "imdb_id": "tt1277953",
        "origin_country": [
            "US"
        ],
        "original_language": "en",
        "original_title": "Madagascar 3: Europe's Most Wanted",
        "overview": "Animal pals Alex, Marty, Melman, and Gloria are still trying to make it back to New York's Central Park Zoo. They are forced to take a detour to Europe to find the penguins and chimps who broke the bank at a Monte Carlo casino. When French animal-control officer Capitaine Chantel DuBois picks up their scent, Alex and company are forced to hide out in a traveling circus.",
        "popularity": 15.2996,
        "poster_path": "/ekraj4ksvIKeuvQVEevEJkuybZd.jpg",
        "production_companies": [
            {
                "id": 521,
                "logo_path": "/3BPX5VGBov8SDqTV7wC1L1xShAS.png",
                "name": "DreamWorks Animation",
                "origin_country": "US"
            },
            {
                "id": 4,
                "logo_path": "/gz66EfNoYPqHTYI4q9UEN4CbHRc.png",
                "name": "Paramount Pictures",
                "origin_country": "US"
            },
            {
                "id": 520,
                "logo_path": "/pU7YTI9FfrICurXpl5V9TfCO0oJ.png",
                "name": "Pacific Data Images",
                "origin_country": "US"
            }
        ],
        "production_countries": [
            {
                "iso_3166_1": "US",
                "name": "United States of America"
            }
        ],
        "release_date": "2012-06-06",
        "revenue": 746921274,
        "runtime": 93,
        "spoken_languages": [
            {
                "english_name": "English",
                "iso_639_1": "en",
                "name": "English"
            }
        ],
        "status": "Released",
        "tagline": "They Have One Shot to Get Back Home.",
        "title": "Madagascar 3: Europe's Most Wanted",
        "video": false,
        "vote_average": 6.61,
        "vote_count": 6251
    },
    "omdb": {
        "Title": "Madagascar 3: Europe's Most Wanted",
        "Year": "2012",
        "Rated": "PG",
        "Released": "08 Jun 2012",
        "Runtime": "93 min",
        "Genre": "Animation, Adventure, Comedy",
        "Director": "Eric Darnell, Tom McGrath, Conrad Vernon",
        "Writer": "Eric Darnell, Noah Baumbach, Alejandro Bien-Willner",
        "Actors": "Ben Stiller, Jada Pinkett Smith, Chris Rock",
        "Plot": "The Madagascar animals join a struggling European circus to get back to New York, but find themselves being pursued by a psychotic animal-control officer.",
        "Language": "English, Spanish",
        "Country": "United States, India, United Kingdom",
        "Awards": "3 wins & 20 nominations total",
        "Poster": "https://m.media-amazon.com/images/M/MV5BYTM5OWRiZTAtOTNkMS00NzNhLTkwYmYtMWI1MzkyMjE3MWE1XkEyXkFqcGc@._V1_SX300.jpg",
        "Ratings": [
            {
                "Source": "Internet Movie Database",
                "Value": "6.8/10"
            },
            {
                "Source": "Rotten Tomatoes",
                "Value": "78%"
            },
            {
                "Source": "Metacritic",
                "Value": "60/100"
            }
        ],
        "Metascore": "60",
        "imdbRating": "6.8",
        "imdbVotes": "206,197",
        "imdbID": "tt1277953",
        "Type": "movie",
        "DVD": "N/A",
        "BoxOffice": "$216,391,482",
        "Production": "N/A",
        "Website": "N/A",
        "Response": "True"
    }
}