{
    "tmdb": {
        "adult": false,
        "backdrop_path": "/ld7V9BjMk2xtiBNcR8savyyk5ca.jpg",
        "belongs_to_collection": null,
        "budget": 110000000,
        "genres": [
            {
                "id": 14,
                "name": "Fantasy"
            },
            {
                "id": 12,
                "name": "Adventure"
            },
            {
                "id": 18,
                "name": "Drama"
            },
            {
                "id": 10751,
                "name": "Family"
            },
            {
                "id": 53,
                "name": "Thriller"
            }
        ],
        "homepage": "http://www.foxmovies.com/movies/miss-peregrines-home-for-peculiar-children",
        "id": 283366,
        "imdb_id": "tt1935859",
        "origin_country": [
            "US"
        ],
        "original_language": "en",
        "original_title": "Miss Peregrine's Home for Peculiar Children",
        "overview": "A teenager finds himself transported to an island where he must help protect a group of orphans with special powers from creatures intent on destroying them.",
        "popularity": 15.166,
        "poster_path": "/CIlbMFOfYDj0MP23hsIYhFGrL6.jpg",
        "production_companies": [
            {
                "id": 7076,
                "logo_path": "/8BFxn9NUWSgp0ndih569Gm62xiC.png",
                "name": "Chernin Entertainment",
                "origin_country": "US"
            },
            {
                "id": 8601,
                "logo_path": "/kqubCH3sfBAk4znUj7hjqv8ffgi.png",
                "name": "Tim Burton Productions",
                "origin_country": "US"
            },
            {
                "id": 22213,
                "logo_path": "/qx9K6bFWJupwde0xQDwOvXkOaL8.png",
                "name": "TSG Entertainment",
                "origin_country": "US"
            },
            {
                "id": 25,
                "logo_path": "/qZCc1lty5FzX30aOCVRBLzaVmcp.png",
                "name": "20th Century Fox",
                "origin_country": "US"
            }
        ],
        "production_countries": [
            {
                "iso_3166_1": "US",
                "name": "United States of America"
            }
        ],
        "release_date": "2016-09-27",
        "revenue": 296482446,
        "runtime": 127,
        "spoken_languages": [
            {
                "english_name": "English",
                "iso_639_1": "en",
                "name": "English"
            }
        ],
        "status": "Released",
        "tagline": "Stay peculiar.",
        "title": "Miss Peregrine's Home for Peculiar Children",
        "video": false,
        "vote_average": 6.839,
        "vote_count": 10107
    },
    "omdb": {
        "Title": "Miss Peregrine's Home for Peculiar Children",
        "Year": "2016",
        "Rated": "PG-13",
        "Released": "30 Sep 2016",
        "Runtime": "127 min",
        "Genre": "Adventure, Drama, Family",
        "Director": "Tim Burton",
        "Writer": "Ransom Riggs, Jane Goldman",
        "Actors": "Eva Green, Asa Butterfield, Samuel L. Jackson",
        "Plot": "When Jacob discovers clues to a mystery that stretches across time, he finds Miss Peregrine's Home for Peculiar Children. But the danger deepens after he gets to know the residents and learns about their special powers.",
        "Language": "English",
        "Country": "United States, United Kingdom, Belgium, Canada",
        "Awards": "2 wins & 12 nominations total",
        "Poster": "https://m.media-amazon.com/images/M/MV5BMTU0Nzc5NzI5NV5BMl5BanBnXkFtZTgwNTk1MDE4MDI@._V1_SX300.jpg",
        "Ratings": [
            {
                "Source": "Internet Movie Database",
                "Value": "6.7/10"
            },
            {
                "Source": "Rotten Tomatoes",
                "Value": "65%"
            },
            {
                "Source": "Metacritic",
                "Value": "57/100"
            }
        ],
        "Metascore": "57",
        "imdbRating": "6.7",
        "imdbVotes": "197,018",
        "imdbID": "tt1935859",
        "Type": "movie",
        "DVD": "N/A",
        "BoxOffice": "$87,242,834",
        "Production": "N/A",
        "Website": "N/A",
        "Response": "True"
    }
}