{
    "tmdb": {
        "adult": false,
        "backdrop_path": "/uhYoytlNaq46dG81wLmHqaSuzWu.jpg",
        "belongs_to_collection": {
            "id": 131296,
            "name": "Thor Collection",
            "poster_path": "/1fGblAmaE2wU6ts2A83eWBgkmHs.jpg",
            "backdrop_path": "/3KL8UNKFWgIKXzLHjwY0uwgjzYl.jpg"
        },
        "budget": 170000000,
        "genres": [
            {
                "id": 28,
                "name": "Action"
            },
            {
                "id": 12,
                "name": "Adventure"
            },
            {
                "id": 14,
                "name": "Fantasy"
            }
        ],
        "homepage": "https://www.marvel.com/movies/thor-the-dark-world",
        "id": 76338,
        "imdb_id": "tt1981115",
        "origin_country": [
            "US"
        ],
        "original_language": "en",
        "original_title": "Thor: The Dark World",
        "overview": "Thor fights to restore order across the cosmos… but an ancient race led by the vengeful Malekith returns to plunge the universe back into darkness. Faced with an enemy that even Odin and Asgard cannot withstand, Thor must embark on his most perilous and personal journey yet, one that will reunite him with Jane Foster and force him to sacrifice everything to save us all.",
        "popularity": 17.951,
        "poster_path": "/wD6g4EcmR6R3VNbuBmNOVq2qWrM.jpg",
        "production_companies": [
            {
                "id": 420,
                "logo_path": "/hUzeosd33nzE5MCNsZxCGEKTXaQ.png",
                "name": "Marvel Studios",
                "origin_country": "US"
            }
        ],
        "production_countries": [
            {
                "iso_3166_1": "US",
                "name": "United States of America"
            }
        ],
        "release_date": "2013-10-30",
        "revenue": 644783140,
        "runtime": 112,
        "spoken_languages": [
            {
                "english_name": "English",
                "iso_639_1": "en",
                "name": "English"
            }
        ],
        "status": "Released",
        "tagline": "Delve into the darkness.",
        "title": "Thor: The Dark World",
        "video": false,
        "vote_average": 6.516,
        "vote_count": 17558
    },
    "omdb": {
        "Title": "Thor: The Dark World",
        "Year": "2013",
        "Rated": "PG-13",
        "Released": "08 Nov 2013",
        "Runtime": "112 min",
        "Genre": "Action, Adventure, Fantasy",
        "Director": "Alan Taylor",
        "Writer": "Christopher L. Yost, Christopher Markus, Stephen McFeely",
        "Actors": "Chris Hemsworth, Natalie Portman, Tom Hiddleston",
        "Plot": "When the Dark Elves attempt to plunge the universe into darkness, Thor must embark on a perilous and personal journey that will reunite him with doctor Jane Foster.",
        "Language": "English",
        "Country": "United States",
        "Awards": "4 wins & 21 nominations total",
        "Poster": "https://m.media-amazon.com/images/M/MV5BMTQyNzAwOTUxOF5BMl5BanBnXkFtZTcwMTE0OTc5OQ@@._V1_SX300.jpg",
        "Ratings": [
            {
                "Source": "Internet Movie Database",
                "Value": "6.7/10"
            },
            {
                "Source": "Rotten Tomatoes",
                "Value": "67%"
            },
            {
                "Source": "Metacritic",
                "Value": "54/100"
            }
        ],
        "Metascore": "54",
        "imdbRating": "6.7",
        "imdbVotes": "747,635",
        "imdbID": "tt1981115",
        "Type": "movie",
        "DVD": "N/A",
        "BoxOffice": "$206,362,140",
        "Production": "N/A",
        "Website": "N/A",
        "Response": "True"
    }
}