{
    "tmdb": {
        "adult": false,
        "backdrop_path": "/imvV078HyWsa9jgDVLi4APgskrJ.jpg",
        "belongs_to_collection": {
            "id": 8936,
            "name": "Bridget Jones Collection",
            "poster_path": "/9VUsbuTMFoRgUgK0z3pEWmkujFe.jpg",
            "backdrop_path": "/9WuJ3iHkCEm5jtxIRwRAp45QZjL.jpg"
        },
        "budget": 25000000,
        "genres": [
            {
                "id": 35,
                "name": "Comedy"
            },
            {
                "id": 10749,
                "name": "Romance"
            },
            {
                "id": 18,
                "name": "Drama"
            }
        ],
        "homepage": "",
        "id": 634,
        "imdb_id": "tt0243155",
        "origin_country": [
            "GB"
        ],
        "original_language": "en",
        "original_title": "Bridget Jones's Diary",
        "overview": "Bridget Jones is an average woman struggling against her age, her weight, her job, her lack of a man, and her various imperfections. As a New Year's resolution, Bridget decides to take control of her life, starting by keeping a diary in which she will always tell the complete truth. The fireworks begin when her charming though disreputable boss takes an interest in the quirky Miss Jones. Thrown into the mix are Bridget's band of slightly eccentric friends and a rather disagreeable acquaintance into whom Bridget cannot seem to stop running or help finding quietly attractive.",
        "popularity": 15.2668,
        "poster_path": "/dkauRl9TosBFikftrC3OVcKWDoz.jpg",
        "production_companies": [
            {
                "id": 33,
                "logo_path": "/3wwjVpkZtnog6lSKzWDjvw2Yi00.png",
                "name": "Universal Pictures",
                "origin_country": "US"
            },
            {
                "id": 694,
                "logo_path": "/5LEHONGkZBIoWvp1ygHOF8iyi1M.png",
                "name": "StudioCanal",
                "origin_country": "FR"
            },
            {
                "id": 14,
                "logo_path": "/m6AHu84oZQxvq7n1rsvMNJIAsMu.png",
                "name": "Miramax",
                "origin_country": "US"
            },
            {
                "id": 10163,
                "logo_path": "/16KWBMmfPX0aJzDExDrPxSLj0Pg.png",
                "name": "Working Title Films",
                "origin_country": "GB"
            },
            {
                "id": 550,
                "logo_path": null,
                "name": "Little Bird",
                "origin_country": "IE"
            }
        ],
        "production_countries": [
            {
                "iso_3166_1": "IE",
                "name": "Ireland"
            },
            {
                "iso_3166_1": "US",
                "name": "United States of America"
            },
            {
                "iso_3166_1": "FR",
                "name": "France"
            },
            {
                "iso_3166_1": "GB",
                "name": "United Kingdom"
            }
        ],
        "release_date": "2001-04-13",
        "revenue": 281929795,
        "runtime": 97,
        "spoken_languages": [
            {
                "english_name": "English",
                "iso_639_1": "en",
                "name": "English"
            }
        ],
        "status": "Released",
        "tagline": "All women keep score... Only the great ones put it in writing.",
        "title": "Bridget Jones's Diary",
        "video": false,
        "vote_average": 6.747,
        "vote_count": 5195
    },
    "omdb": {
        "Title": "Bridget Jones's Diary",
        "Year": "2001",
        "Rated": "R",
        "Released": "13 Apr 2001",
        "Runtime": "97 min",
        "Genre": "Comedy, Drama, Romance",
        "Director": "Sharon Maguire",
        "Writer": "Helen Fielding, Andrew Davies, Richard Curtis",
        "Actors": "Renée Zellweger, Colin Firth, Hugh Grant",
        "Plot": "Bridget Jones is determined to improve herself while she looks for love in a year in which she keeps a personal diary.",
        "Language": "English",
        "Country": "United Kingdom, France, Ireland, United States",
        "Awards": "Nominated for 1 Oscar. 8 wins & 32 nominations total",
        "Poster": "https://m.media-amazon.com/images/M/MV5BNTM1MTFiNDEtMGYzZC00MjM5LWEwMWMtN2VhNjg1MTEzOTg3XkEyXkFqcGc@._V1_SX300.jpg",
        "Ratings": [
            {
                "Source": "Internet Movie Database",
                "Value": "6.8/10"
            },
            {
                "Source": "Rotten Tomatoes",
                "Value": "79%"
            },
            {
                "Source": "Metacritic",
                "Value": "66/100"
            }
        ],
        "Metascore": "66",
        "imdbRating": "6.8",
        "imdbVotes": "272,401",
        "imdbID": "tt0243155",
        "Type": "movie",
        "DVD": "N/A",
        "BoxOffice": "$71,543,427",
        "Production": "N/A",
        "Website": "N/A",
        "Response": "True"
    }
}