{
    "tmdb": {
        "adult": false,
        "backdrop_path": "/9qokUngA9fAgBy7skSyZj2irOfR.jpg",
        "belongs_to_collection": {
            "id": 10522,
            "name": "Starship Troopers Collection",
            "poster_path": "/uumu3Xj1ME1632SCsyVJwITgOKZ.jpg",
            "backdrop_path": "/eOIVryUcDcOhEunn2seuZZmiNrm.jpg"
        },
        "budget": 105000000,
        "genres": [
            {
                "id": 12,
                "name": "Adventure"
            },
            {
                "id": 28,
                "name": "Action"
            },
            {
                "id": 53,
                "name": "Thriller"
            },
            {
                "id": 878,
                "name": "Science Fiction"
            }
        ],
        "homepage": "",
        "id": 563,
        "imdb_id": "tt0120201",
        "origin_country": [
            "US"
        ],
        "original_language": "en",
        "original_title": "Starship Troopers",
        "overview": "Set in the future, the story follows a young soldier named Johnny Rico and his exploits in the Mobile Infantry. Rico's military career progresses from recruit to non-commissioned officer and finally to officer against the backdrop of an interstellar war between mankind and an arachnoid species known as \"the Bugs.\"",
        "popularity": 14.6966,
        "poster_path": "/cxCmv23O7p3hyHwqoktHYkZcGsY.jpg",
        "production_companies": [
            {
                "id": 559,
                "logo_path": "/eC0bWHVjnjUducyA6YFoEFqnPMC.png",
                "name": "TriStar Pictures",
                "origin_country": "US"
            },
            {
                "id": 9195,
                "logo_path": "/geK5QOBsXIPGHutKwXtYjMUyYSG.png",
                "name": "Touchstone Pictures",
                "origin_country": "US"
            },
            {
                "id": 216219,
                "logo_path": null,
                "name": "Jon Davison Productions",
                "origin_country": "US"
            },
            {
                "id": 216246,
                "logo_path": null,
                "name": "Big Bug Pictures",
                "origin_country": ""
            }
        ],
        "production_countries": [
            {
                "iso_3166_1": "US",
                "name": "United States of America"
            }
        ],
        "release_date": "1997-11-07",
        "revenue": 121214377,
        "runtime": 129,
        "spoken_languages": [
            {
                "english_name": "English",
                "iso_639_1": "en",
                "name": "English"
            }
        ],
        "status": "Released",
        "tagline": "A new kind of enemy. A new kind of war.",
        "title": "Starship Troopers",
        "video": false,
        "vote_average": 7.08,
        "vote_count": 5068
    },
    "omdb": {
        "Title": "Starship Troopers",
        "Year": "1997",
        "Rated": "R",
        "Released": "07 Nov 1997",
        "Runtime": "129 min",
        "Genre": "Action, Adventure, Sci-Fi",
        "Director": "Paul Verhoeven",
        "Writer": "Edward Neumeier, Robert A. Heinlein",
        "Actors": "Casper Van Dien, Denise Richards, Dina Meyer",
        "Plot": "Humans, in a fascist militaristic future, wage war with giant alien bugs.",
        "Language": "English",
        "Country": "United States",
        "Awards": "Nominated for 1 Oscar. 3 wins & 16 nominations total",
        "Poster": "https://m.media-amazon.com/images/M/MV5BZTNiOGM1ZWUtZTZjZC00OWJmLWE2YzUtZjQ4ODZjZmVlMDU3XkEyXkFqcGc@._V1_SX300.jpg",
        "Ratings": [
            {
                "Source": "Internet Movie Database",
                "Value": "7.3/10"
            },
            {
                "Source": "Rotten Tomatoes",
                "Value": "72%"
            },
            {
                "Source": "Metacritic",
                "Value": "52/100"
            }
        ],
        "Metascore": "52",
        "imdbRating": "7.3",
        "imdbVotes": "330,642",
        "imdbID": "tt0120201",
        "Type": "movie",
        "DVD": "N/A",
        "BoxOffice": "$54,814,377",
        "Production": "N/A",
        "Website": "N/A",
        "Response": "True"
    }
}