{
    "tmdb": {
        "adult": false,
        "backdrop_path": "/wdwcOBMkt3zmPQuEMxB3FUtMio2.jpg",
        "belongs_to_collection": {
            "id": 131295,
            "name": "Captain America Collection",
            "poster_path": "/2tOgiY533JSFp7OrVlkeRJvsZpI.jpg",
            "backdrop_path": "/7kVucUYqz8fZkOmFtA8opDwJFXM.jpg"
        },
        "budget": 250000000,
        "genres": [
            {
                "id": 12,
                "name": "Adventure"
            },
            {
                "id": 28,
                "name": "Action"
            },
            {
                "id": 878,
                "name": "Science Fiction"
            }
        ],
        "homepage": "https://www.marvel.com/movies/captain-america-civil-war",
        "id": 271110,
        "imdb_id": "tt3498820",
        "origin_country": [
            "US"
        ],
        "original_language": "en",
        "original_title": "Captain America: Civil War",
        "overview": "Following the events of Age of Ultron, the collective governments of the world pass an act designed to regulate all superhuman activity. This polarizes opinion amongst the Avengers, causing two factions to side with Iron Man or Captain America, which causes an epic battle between former allies.",
        "popularity": 16.4374,
        "poster_path": "/rAGiXaUfPzY7CDEyNKUofk3Kw2e.jpg",
        "production_companies": [
            {
                "id": 420,
                "logo_path": "/hUzeosd33nzE5MCNsZxCGEKTXaQ.png",
                "name": "Marvel Studios",
                "origin_country": "US"
            }
        ],
        "production_countries": [
            {
                "iso_3166_1": "US",
                "name": "United States of America"
            }
        ],
        "release_date": "2016-04-27",
        "revenue": 1155046416,
        "runtime": 147,
        "spoken_languages": [
            {
                "english_name": "Romanian",
                "iso_639_1": "ro",
                "name": "Română"
            },
            {
                "english_name": "English",
                "iso_639_1": "en",
                "name": "English"
            },
            {
                "english_name": "German",
                "iso_639_1": "de",
                "name": "Deutsch"
            },
            {
                "english_name": "Russian",
                "iso_639_1": "ru",
                "name": "Pусский"
            }
        ],
        "status": "Released",
        "tagline": "United we stand. Divided we fall.",
        "title": "Captain America: Civil War",
        "video": false,
        "vote_average": 7.445,
        "vote_count": 23087
    },
    "omdb": {
        "Title": "Captain America: Civil War",
        "Year": "2016",
        "Rated": "PG-13",
        "Released": "06 May 2016",
        "Runtime": "147 min",
        "Genre": "Action, Sci-Fi",
        "Director": "Anthony Russo, Joe Russo",
        "Writer": "Christopher Markus, Stephen McFeely, Joe Simon",
        "Actors": "Chris Evans, Robert Downey Jr., Scarlett Johansson",
        "Plot": "Political involvement in the Avengers' affairs causes a rift between Captain America and Iron Man.",
        "Language": "English, German, Xhosa, Russian, Romanian",
        "Country": "United States, Germany, Puerto Rico",
        "Awards": "16 wins & 74 nominations total",
        "Poster": "https://m.media-amazon.com/images/M/MV5BMjQ0MTgyNjAxMV5BMl5BanBnXkFtZTgwNjUzMDkyODE@._V1_SX300.jpg",
        "Ratings": [
            {
                "Source": "Internet Movie Database",
                "Value": "7.8/10"
            },
            {
                "Source": "Rotten Tomatoes",
                "Value": "90%"
            },
            {
                "Source": "Metacritic",
                "Value": "75/100"
            }
        ],
        "Metascore": "75",
        "imdbRating": "7.8",
        "imdbVotes": "881,640",
        "imdbID": "tt3498820",
        "Type": "movie",
        "DVD": "N/A",
        "BoxOffice": "$408,084,349",
        "Production": "N/A",
        "Website": "N/A",
        "Response": "True"
    }
}