{
    "tmdb": {
        "adult": false,
        "backdrop_path": "/qDVdTL1KqGmGLGsy7UPA3vksku7.jpg",
        "belongs_to_collection": null,
        "budget": 75000000,
        "genres": [
            {
                "id": 28,
                "name": "Action"
            },
            {
                "id": 12,
                "name": "Adventure"
            },
            {
                "id": 53,
                "name": "Thriller"
            }
        ],
        "homepage": "",
        "id": 9802,
        "imdb_id": "tt0117500",
        "origin_country": [
            "US"
        ],
        "original_language": "en",
        "original_title": "The Rock",
        "overview": "When vengeful General Francis X. Hummel seizes control of Alcatraz Island and threatens to launch missiles loaded with deadly chemical weapons into San Francisco, only a young FBI chemical weapons expert and notorious Federal prisoner have the skills to penetrate the impregnable island fortress and take him down.",
        "popularity": 14.3428,
        "poster_path": "/j5mxLNWjUlXUUk8weFBtnF4afIR.jpg",
        "production_companies": [
            {
                "id": 10288,
                "logo_path": "/Aszf09kIVXR6cwG9lwjZIawbYVS.png",
                "name": "Don Simpson/Jerry Bruckheimer Films",
                "origin_country": "US"
            },
            {
                "id": 915,
                "logo_path": "/4neXXpjSJDZPBGBnfWtqysB5htV.png",
                "name": "Hollywood Pictures",
                "origin_country": "US"
            }
        ],
        "production_countries": [
            {
                "iso_3166_1": "US",
                "name": "United States of America"
            }
        ],
        "release_date": "1996-06-07",
        "revenue": 335062621,
        "runtime": 137,
        "spoken_languages": [
            {
                "english_name": "English",
                "iso_639_1": "en",
                "name": "English"
            }
        ],
        "status": "Released",
        "tagline": "Alcatraz. Only one man has ever broken out. Now five million lives depend on two men breaking in.",
        "title": "The Rock",
        "video": false,
        "vote_average": 7.131,
        "vote_count": 4815
    },
    "omdb": {
        "Title": "The Rock",
        "Year": "1996",
        "Rated": "R",
        "Released": "07 Jun 1996",
        "Runtime": "136 min",
        "Genre": "Action, Adventure, Thriller",
        "Director": "Michael Bay",
        "Writer": "David Weisberg, Douglas Cook, Mark Rosner",
        "Actors": "Sean Connery, Nicolas Cage, Ed Harris",
        "Plot": "A mild-mannered chemist and an ex-con must lead the counterstrike when a rogue group of military men, led by a renegade general, threaten a nerve gas attack from Alcatraz against San Francisco.",
        "Language": "English",
        "Country": "United States",
        "Awards": "Nominated for 1 Oscar. 9 wins & 10 nominations total",
        "Poster": "https://m.media-amazon.com/images/M/MV5BMDhkYjRiZWEtZTE0Ny00ZjA1LThmNjgtM2UyYTQzODA4MjdhXkEyXkFqcGc@._V1_SX300.jpg",
        "Ratings": [
            {
                "Source": "Internet Movie Database",
                "Value": "7.4/10"
            },
            {
                "Source": "Rotten Tomatoes",
                "Value": "67%"
            },
            {
                "Source": "Metacritic",
                "Value": "58/100"
            }
        ],
        "Metascore": "58",
        "imdbRating": "7.4",
        "imdbVotes": "366,443",
        "imdbID": "tt0117500",
        "Type": "movie",
        "DVD": "N/A",
        "BoxOffice": "$134,069,511",
        "Production": "N/A",
        "Website": "N/A",
        "Response": "True"
    }
}