{
    "tmdb": {
        "adult": false,
        "backdrop_path": "/5U3VLeWr2H4Nd3G7IkHItFimsIz.jpg",
        "belongs_to_collection": null,
        "budget": 15000000,
        "genres": [
            {
                "id": 10751,
                "name": "Family"
            },
            {
                "id": 35,
                "name": "Comedy"
            },
            {
                "id": 12,
                "name": "Adventure"
            },
            {
                "id": 16,
                "name": "Animation"
            },
            {
                "id": 878,
                "name": "Science Fiction"
            }
        ],
        "homepage": "https://gfmanimation.com/films/the-day-the-earth-blew-up",
        "id": 870360,
        "imdb_id": "tt15352542",
        "origin_country": [
            "US"
        ],
        "original_language": "en",
        "original_title": "The Day the Earth Blew Up: A Looney Tunes Movie",
        "overview": "Porky and Daffy, the classic animated odd couple, turn into unlikely heroes when their antics at the local bubble gum factory uncover a secret alien mind control plot. Against all odds, the two are determined to save their town (and the world!)...that is if they don't drive each other crazy in the process.",
        "popularity": 27.9402,
        "poster_path": "/s2lB1kaYCdGSnZX5meQCiOR6HfX.jpg",
        "production_companies": [
            {
                "id": 2785,
                "logo_path": "/l5zW8jjmQOCx2dFmvnmbYmqoBmL.png",
                "name": "Warner Bros. Animation",
                "origin_country": "US"
            }
        ],
        "production_countries": [
            {
                "iso_3166_1": "US",
                "name": "United States of America"
            }
        ],
        "release_date": "2024-08-01",
        "revenue": 12641938,
        "runtime": 90,
        "spoken_languages": [
            {
                "english_name": "English",
                "iso_639_1": "en",
                "name": "English"
            }
        ],
        "status": "Released",
        "tagline": "To save the world, they'll have to stick together.",
        "title": "The Day the Earth Blew Up: A Looney Tunes Movie",
        "video": false,
        "vote_average": 7.5,
        "vote_count": 68
    },
    "omdb": {
        "Title": "The Day the Earth Blew Up: A Looney Tunes Movie",
        "Year": "2024",
        "Rated": "PG",
        "Released": "14 Mar 2025",
        "Runtime": "91 min",
        "Genre": "Animation, Adventure, Comedy",
        "Director": "Peter Browngardt",
        "Writer": "Kevin Costello, Alex Kirwan, Peter Browngardt",
        "Actors": "Eric Bauza, Candi Milo, Peter MacNicol",
        "Plot": "Porky Pig and Daffy Duck are Earth's only hope when facing the threat of alien invasion.",
        "Language": "English",
        "Country": "United States, Canada, United Kingdom",
        "Awards": "N/A",
        "Poster": "https://m.media-amazon.com/images/M/MV5BOTgxODk4OTQtMjc2MC00NGRmLWJlMmMtNTdlZjI1NDE0NzE0XkEyXkFqcGc@._V1_SX300.jpg",
        "Ratings": [
            {
                "Source": "Internet Movie Database",
                "Value": "6.9/10"
            },
            {
                "Source": "Rotten Tomatoes",
                "Value": "88%"
            },
            {
                "Source": "Metacritic",
                "Value": "82/100"
            }
        ],
        "Metascore": "82",
        "imdbRating": "6.9",
        "imdbVotes": "539",
        "imdbID": "tt15352542",
        "Type": "movie",
        "DVD": "N/A",
        "BoxOffice": "N/A",
        "Production": "N/A",
        "Website": "N/A",
        "Response": "True"
    }
}