{
    "tmdb": {
        "adult": false,
        "backdrop_path": "/gmYpUbSGOwmZnevCr0iwLEYdpVB.jpg",
        "belongs_to_collection": null,
        "budget": 14500000,
        "genres": [
            {
                "id": 27,
                "name": "Horror"
            },
            {
                "id": 53,
                "name": "Thriller"
            }
        ],
        "homepage": "",
        "id": 978796,
        "imdb_id": "tt21201300",
        "origin_country": [
            "US"
        ],
        "original_language": "en",
        "original_title": "Bagman",
        "overview": "For centuries and across cultures, parents have warned their children of the legendary Bagman, who snatches innocent children and stuffs them into his vile, rotting bag—never to be seen again. Patrick McKee narrowly escaped such an encounter as a boy, which left him with lasting scars throughout his adulthood. Now, Patrick’s childhood tormentor has returned, threatening the safety of his wife Karina and son Jake.",
        "popularity": 13.6585,
        "poster_path": "/53IK9rlZJbwFYbNnJZiLq7UWxkT.jpg",
        "production_companies": [
            {
                "id": 1632,
                "logo_path": "/cisLn1YAUuptXVBa0xjq7ST9cH0.png",
                "name": "Lionsgate",
                "origin_country": "US"
            },
            {
                "id": 12292,
                "logo_path": "/4GQTeqos2luopEtp3OgMQYusQ5c.png",
                "name": "Temple Hill Entertainment",
                "origin_country": "US"
            },
            {
                "id": 221429,
                "logo_path": "/7xNNmHcuDy0tOqZmsUMnZ6HcZ6E.png",
                "name": "Media Capital Technologies",
                "origin_country": "US"
            }
        ],
        "production_countries": [
            {
                "iso_3166_1": "US",
                "name": "United States of America"
            }
        ],
        "release_date": "2024-09-20",
        "revenue": 0,
        "runtime": 92,
        "spoken_languages": [
            {
                "english_name": "English",
                "iso_639_1": "en",
                "name": "English"
            }
        ],
        "status": "Released",
        "tagline": "He's always closer than you think.",
        "title": "Bagman",
        "video": false,
        "vote_average": 6.267,
        "vote_count": 315
    },
    "omdb": {
        "Title": "Bagman",
        "Year": "2024",
        "Rated": "PG-13",
        "Released": "27 Sep 2024",
        "Runtime": "93 min",
        "Genre": "Horror",
        "Director": "Colm McCarthy",
        "Writer": "John Hulme",
        "Actors": "Sam Claflin, Antonia Thomas, Caréll Vincent Rhoden",
        "Plot": "When a sinister threat from his childhood returns to haunt him, a father desperately struggles against his deepest inner fear. Only this time, the fight isn't for himself; it's for his family.",
        "Language": "English",
        "Country": "United States",
        "Awards": "N/A",
        "Poster": "https://m.media-amazon.com/images/M/MV5BYzAwMDllN2UtMDk0My00YWEwLWJhNGUtOGEzYzYwNmZjMzE2XkEyXkFqcGc@._V1_SX300.jpg",
        "Ratings": [
            {
                "Source": "Internet Movie Database",
                "Value": "4.7/10"
            }
        ],
        "Metascore": "N/A",
        "imdbRating": "4.7",
        "imdbVotes": "3,205",
        "imdbID": "tt21201300",
        "Type": "movie",
        "DVD": "N/A",
        "BoxOffice": "N/A",
        "Production": "N/A",
        "Website": "N/A",
        "Response": "True"
    }
}