{
    "tmdb": {
        "adult": false,
        "backdrop_path": "/bA4Io3xv46oEyP4O51uU0EKbluF.jpg",
        "belongs_to_collection": {
            "id": 1089303,
            "name": "Veteran Collection",
            "poster_path": "/xTOqLEHiCC66dcNmDMwMiIbT9tK.jpg",
            "backdrop_path": "/kfu1xZwYhwKCWjnOJkYHJk8SKG1.jpg"
        },
        "budget": 0,
        "genres": [
            {
                "id": 28,
                "name": "Action"
            },
            {
                "id": 80,
                "name": "Crime"
            }
        ],
        "homepage": "",
        "id": 995926,
        "imdb_id": "tt30287778",
        "origin_country": [
            "KR"
        ],
        "original_language": "ko",
        "original_title": "베테랑 2",
        "overview": "The veteran detective Seo Do-cheol and his team at Major Crimes, relentless in their pursuit of criminals, join forces with rookie cop Park Sun-woo to track down a serial killer who has plunged the nation into turmoil.",
        "popularity": 36.6791,
        "poster_path": "/gAtP0usArK5gVOBObnsENKLwML8.jpg",
        "production_companies": [
            {
                "id": 12987,
                "logo_path": "/32ea3CCKrNNO8jZBOcN2tbjPpuf.png",
                "name": "Filmmaker R&K",
                "origin_country": "KR"
            },
            {
                "id": 7036,
                "logo_path": "/javbyY0ZCvlFJtly3tpZqf2NwLX.png",
                "name": "CJ Entertainment",
                "origin_country": "KR"
            }
        ],
        "production_countries": [
            {
                "iso_3166_1": "KR",
                "name": "South Korea"
            }
        ],
        "release_date": "2024-09-13",
        "revenue": 53453611,
        "runtime": 118,
        "spoken_languages": [
            {
                "english_name": "Korean",
                "iso_639_1": "ko",
                "name": "한국어/조선말"
            }
        ],
        "status": "Released",
        "tagline": "Don't cross the line.",
        "title": "I, the Executioner",
        "video": false,
        "vote_average": 7.008,
        "vote_count": 62
    },
    "omdb": {
        "Title": "I, the Executioner",
        "Year": "2024",
        "Rated": "N/A",
        "Released": "13 Sep 2024",
        "Runtime": "118 min",
        "Genre": "Action, Adventure, Comedy",
        "Director": "Ryoo Seung-wan",
        "Writer": "Ryoo Seung-wan",
        "Actors": "Ahn Bo-hyun, Oh Dae-hwan, Oh Dal-su",
        "Plot": "Rookie detective Park Sun Woo and Seo Do-Cheol, a veteran of the Violent Crimes Investigation Division team, chase after a serial killer who shakes up their world.",
        "Language": "Korean",
        "Country": "South Korea",
        "Awards": "4 nominations total",
        "Poster": "https://m.media-amazon.com/images/M/MV5BZTJjYmE0MDYtOTk3MS00ODViLWFiNTctMWQ4ZjNjNjJlZTU1XkEyXkFqcGc@._V1_SX300.jpg",
        "Ratings": [
            {
                "Source": "Internet Movie Database",
                "Value": "6.4/10"
            },
            {
                "Source": "Rotten Tomatoes",
                "Value": "100%"
            }
        ],
        "Metascore": "N/A",
        "imdbRating": "6.4",
        "imdbVotes": "1,183",
        "imdbID": "tt30287778",
        "Type": "movie",
        "DVD": "N/A",
        "BoxOffice": "$388,067",
        "Production": "N/A",
        "Website": "N/A",
        "Response": "True"
    }
}