{
    "tmdb": {
        "adult": false,
        "backdrop_path": "/fcCMaKKoLwCCCHgnvworrRNTTjx.jpg",
        "belongs_to_collection": null,
        "budget": 0,
        "genres": [
            {
                "id": 18,
                "name": "Drama"
            }
        ],
        "homepage": "",
        "id": 1083782,
        "imdb_id": "tt26671415",
        "origin_country": [
            "CA"
        ],
        "original_language": "en",
        "original_title": "Seven Veils",
        "overview": "Jeanine, an earnest theatre director, has been given the task of remounting her former mentor’s most famous work, the opera Salome. Haunted by dark and disturbing memories from her past, she allows her repressed trauma to color the present as she re-enters the opera world after so many years away.",
        "popularity": 20.9359,
        "poster_path": "/1IqDhi52gO7cQAnDnr6mOXqfKJb.jpg",
        "production_companies": [
            {
                "id": 164,
                "logo_path": "/v3zcUepvKC7Vz36yjklk1rw6k8Q.png",
                "name": "Rhombus Media",
                "origin_country": "CA"
            },
            {
                "id": 12800,
                "logo_path": "/gjBmMN8GzHH28LupVQrf6Z3MQco.png",
                "name": "Ego Film Arts",
                "origin_country": "CA"
            },
            {
                "id": 142269,
                "logo_path": "/ggrWFqk5mPMks0vE3aCy3l9e0dv.png",
                "name": "IPR.VC",
                "origin_country": "FI"
            },
            {
                "id": 88582,
                "logo_path": "/zf2Akd6JvRZlnd1OacHYaN5dj0k.png",
                "name": "Cinetic Media",
                "origin_country": "US"
            },
            {
                "id": 157740,
                "logo_path": "/psBLfwHCfU9A4U9bWmeWF8AlSqr.png",
                "name": "Crave",
                "origin_country": "CA"
            },
            {
                "id": 192852,
                "logo_path": null,
                "name": "Canadian Opera Company",
                "origin_country": "CA"
            },
            {
                "id": 12142,
                "logo_path": "/rPnEeMwxjI6rYMGqkWqIWwIJXxi.png",
                "name": "XYZ Films",
                "origin_country": "US"
            }
        ],
        "production_countries": [
            {
                "iso_3166_1": "CA",
                "name": "Canada"
            },
            {
                "iso_3166_1": "US",
                "name": "United States of America"
            },
            {
                "iso_3166_1": "FI",
                "name": "Finland"
            }
        ],
        "release_date": "2025-03-07",
        "revenue": 0,
        "runtime": 107,
        "spoken_languages": [
            {
                "english_name": "English",
                "iso_639_1": "en",
                "name": "English"
            }
        ],
        "status": "Released",
        "tagline": "",
        "title": "Seven Veils",
        "video": false,
        "vote_average": 6.0,
        "vote_count": 11
    },
    "omdb": {
        "Title": "Seven Veils",
        "Year": "2023",
        "Rated": "N/A",
        "Released": "20 Mar 2025",
        "Runtime": "107 min",
        "Genre": "Drama",
        "Director": "Atom Egoyan",
        "Writer": "Atom Egoyan",
        "Actors": "Amanda Seyfried, Douglas Smith, Mark O'Brien",
        "Plot": "An earnest theater director has the task of remounting her former mentor's most famous work, the opera Salome. Some disturbing memories from her past will allow her repressed trauma to color the present.",
        "Language": "English",
        "Country": "Canada, Finland, United States",
        "Awards": "4 nominations",
        "Poster": "https://m.media-amazon.com/images/M/MV5BYjU5NmY4MjUtYjA3NC00M2NmLTlmNmYtNThlY2E4MzgwMmJmXkEyXkFqcGc@._V1_SX300.jpg",
        "Ratings": [
            {
                "Source": "Internet Movie Database",
                "Value": "6.7/10"
            },
            {
                "Source": "Rotten Tomatoes",
                "Value": "76%"
            }
        ],
        "Metascore": "N/A",
        "imdbRating": "6.7",
        "imdbVotes": "236",
        "imdbID": "tt26671415",
        "Type": "movie",
        "DVD": "N/A",
        "BoxOffice": "N/A",
        "Production": "N/A",
        "Website": "N/A",
        "Response": "True"
    }
}