{
    "tmdb": {
        "adult": false,
        "backdrop_path": "/s3FDBLH4qc1IcjexB05Qvbn3wxO.jpg",
        "belongs_to_collection": {
            "id": 933989,
            "name": "Den of Thieves Collection",
            "poster_path": "/fjSGBXMLhXlZOOlmgzOHkOBEYRO.jpg",
            "backdrop_path": "/oCjCDF4LoBK0YtFhBEPpjE8FdcT.jpg"
        },
        "budget": 30000000,
        "genres": [
            {
                "id": 28,
                "name": "Action"
            },
            {
                "id": 80,
                "name": "Crime"
            },
            {
                "id": 53,
                "name": "Thriller"
            }
        ],
        "homepage": "http://stxfilms.com/denofthieves/",
        "id": 449443,
        "imdb_id": "tt1259528",
        "origin_country": [
            "US"
        ],
        "original_language": "en",
        "original_title": "Den of Thieves",
        "overview": "A gritty crime saga which follows the lives of an elite unit of the LA County Sheriff's Dept. and the state's most successful bank robbery crew as the outlaws plan a seemingly impossible heist on the Federal Reserve Bank.",
        "popularity": 19.2385,
        "poster_path": "/dAP5NpkrMMczir5dUPjRR6ywqgz.jpg",
        "production_companies": [
            {
                "id": 2995,
                "logo_path": "/drzD5Yq9aQuDEbNxlTAhmlL2izx.png",
                "name": "Atmosphere Entertainment MM",
                "origin_country": "US"
            },
            {
                "id": 103330,
                "logo_path": null,
                "name": "Diamond Film Productions",
                "origin_country": "US"
            },
            {
                "id": 103331,
                "logo_path": "/nxkmGpo1Ym74DkBzNtoMz5cl6DJ.png",
                "name": "G-BASE",
                "origin_country": "US"
            },
            {
                "id": 100033,
                "logo_path": "/74LDJbOFdya1ijNT11uh0mM5eg0.png",
                "name": "Tucker Tooley Entertainment",
                "origin_country": "US"
            },
            {
                "id": 47729,
                "logo_path": "/bAxh897TGgdR0Py6wdd0UuE147Z.png",
                "name": "STXfilms",
                "origin_country": "US"
            },
            {
                "id": 33,
                "logo_path": "/3wwjVpkZtnog6lSKzWDjvw2Yi00.png",
                "name": "Universal Pictures",
                "origin_country": "US"
            }
        ],
        "production_countries": [
            {
                "iso_3166_1": "US",
                "name": "United States of America"
            }
        ],
        "release_date": "2018-01-18",
        "revenue": 80509622,
        "runtime": 140,
        "spoken_languages": [
            {
                "english_name": "English",
                "iso_639_1": "en",
                "name": "English"
            }
        ],
        "status": "Released",
        "tagline": "Cops without limits. Thieves without fear.",
        "title": "Den of Thieves",
        "video": false,
        "vote_average": 6.844,
        "vote_count": 3085
    },
    "omdb": {
        "Title": "Den of Thieves",
        "Year": "2018",
        "Rated": "R",
        "Released": "19 Jan 2018",
        "Runtime": "140 min",
        "Genre": "Action, Crime, Drama",
        "Director": "Christian Gudegast",
        "Writer": "Christian Gudegast, Paul T. Scheuring",
        "Actors": "Gerard Butler, Pablo Schreiber, O'Shea Jackson Jr.",
        "Plot": "An elite unit of the LA County Sheriff's Dept. and the state's most successful bank robbery crew clash as the outlaws plan a seemingly impossible heist on the Federal Reserve Bank.",
        "Language": "English, Polynesian, Spanish",
        "Country": "United States",
        "Awards": "1 nomination total",
        "Poster": "https://m.media-amazon.com/images/M/MV5BMzYyODcwMDAyM15BMl5BanBnXkFtZTgwOTA4MjIwNDI@._V1_SX300.jpg",
        "Ratings": [
            {
                "Source": "Internet Movie Database",
                "Value": "7.0/10"
            },
            {
                "Source": "Rotten Tomatoes",
                "Value": "42%"
            },
            {
                "Source": "Metacritic",
                "Value": "49/100"
            }
        ],
        "Metascore": "49",
        "imdbRating": "7.0",
        "imdbVotes": "141,259",
        "imdbID": "tt1259528",
        "Type": "movie",
        "DVD": "N/A",
        "BoxOffice": "$44,947,622",
        "Production": "N/A",
        "Website": "N/A",
        "Response": "True"
    }
}