{
    "tmdb": {
        "adult": false,
        "backdrop_path": "/zDIievPXqjfjLogXFqnnopU0OkK.jpg",
        "belongs_to_collection": {
            "id": 427084,
            "name": "The Secret Life of Pets Collection",
            "poster_path": "/d83LVydlQonKdshwQyLYx48D3LH.jpg",
            "backdrop_path": "/fAibj0DIT8gk5jQtsEor66QKCsR.jpg"
        },
        "budget": 80000000,
        "genres": [
            {
                "id": 12,
                "name": "Adventure"
            },
            {
                "id": 16,
                "name": "Animation"
            },
            {
                "id": 35,
                "name": "Comedy"
            },
            {
                "id": 10751,
                "name": "Family"
            }
        ],
        "homepage": "http://www.thesecretlifeofpets.com",
        "id": 412117,
        "imdb_id": "tt5113040",
        "origin_country": [
            "US"
        ],
        "original_language": "en",
        "original_title": "The Secret Life of Pets 2",
        "overview": "Max the terrier must cope with some major life changes when his owner gets married and has a baby. When the family takes a trip to the countryside, nervous Max has numerous run-ins with canine-intolerant cows, hostile foxes and a scary turkey. Luckily for Max, he soon catches a break when he meets Rooster, a gruff farm dog who tries to cure the lovable pooch of his neuroses.",
        "popularity": 15.7459,
        "poster_path": "/s9xg4V5EDKiphgIksVJ9gewBM11.jpg",
        "production_companies": [
            {
                "id": 33,
                "logo_path": "/3wwjVpkZtnog6lSKzWDjvw2Yi00.png",
                "name": "Universal Pictures",
                "origin_country": "US"
            },
            {
                "id": 6704,
                "logo_path": "/fOG2oY4m1YuYTQh4bMqqZkmgOAI.png",
                "name": "Illumination",
                "origin_country": "US"
            }
        ],
        "production_countries": [
            {
                "iso_3166_1": "US",
                "name": "United States of America"
            }
        ],
        "release_date": "2019-05-24",
        "revenue": 429434163,
        "runtime": 86,
        "spoken_languages": [
            {
                "english_name": "English",
                "iso_639_1": "en",
                "name": "English"
            }
        ],
        "status": "Released",
        "tagline": "They still have their secrets.",
        "title": "The Secret Life of Pets 2",
        "video": false,
        "vote_average": 7.0,
        "vote_count": 3127
    },
    "omdb": {
        "Title": "The Secret Life of Pets 2",
        "Year": "2019",
        "Rated": "PG",
        "Released": "07 Jun 2019",
        "Runtime": "86 min",
        "Genre": "Animation, Adventure, Comedy",
        "Director": "Chris Renaud, Jonathan del Val",
        "Writer": "Brian Lynch, Ken Daurio, Cinco Paul",
        "Actors": "Patton Oswalt, Kevin Hart, Harrison Ford",
        "Plot": "Continuing the story of Max and his pet friends, following their secret lives after their owners leave them for work or school each day.",
        "Language": "English",
        "Country": "United States, Japan, France",
        "Awards": "1 win & 11 nominations total",
        "Poster": "https://m.media-amazon.com/images/M/MV5BN2VhMDVjNWUtZGQyMC00Mjg4LWEyMDgtZjg5ZjQ5MDk2NGFlXkEyXkFqcGc@._V1_SX300.jpg",
        "Ratings": [
            {
                "Source": "Internet Movie Database",
                "Value": "6.4/10"
            },
            {
                "Source": "Rotten Tomatoes",
                "Value": "60%"
            },
            {
                "Source": "Metacritic",
                "Value": "55/100"
            }
        ],
        "Metascore": "55",
        "imdbRating": "6.4",
        "imdbVotes": "73,152",
        "imdbID": "tt5113040",
        "Type": "movie",
        "DVD": "N/A",
        "BoxOffice": "$158,980,250",
        "Production": "N/A",
        "Website": "N/A",
        "Response": "True"
    }
}