{
    "tmdb": {
        "adult": false,
        "backdrop_path": "/cq9N64ucEtfIc3eMxNr1VzY9LH9.jpg",
        "belongs_to_collection": null,
        "budget": 40000000,
        "genres": [
            {
                "id": 18,
                "name": "Drama"
            }
        ],
        "homepage": "https://www.sonypictures.com/movies/thesocialnetwork",
        "id": 37799,
        "imdb_id": "tt1285016",
        "origin_country": [
            "US"
        ],
        "original_language": "en",
        "original_title": "The Social Network",
        "overview": "In 2003, Harvard undergrad and computer programmer Mark Zuckerberg begins work on a new concept that eventually turns into the global social network known as Facebook. Six years later, Mark is one of the youngest billionaires ever, but his unprecedented success leads to both personal and legal complications when he ends up on the receiving end of two lawsuits, one involving his former friend.",
        "popularity": 63.7868,
        "poster_path": "/n0ybibhJtQ5icDqTp8eRytcIHJx.jpg",
        "production_companies": [
            {
                "id": 5,
                "logo_path": "/71BqEFAF4V3qjjMPCpLuyJFB9A.png",
                "name": "Columbia Pictures",
                "origin_country": "US"
            },
            {
                "id": 7295,
                "logo_path": "/5MYE96QiE5a5oFhXxFb4y8ILSpw.png",
                "name": "Relativity Media",
                "origin_country": "US"
            },
            {
                "id": 258,
                "logo_path": "/tMI4xPwgxfNaNId3h9dOcHGU1NI.png",
                "name": "Scott Rudin Productions",
                "origin_country": "US"
            },
            {
                "id": 11370,
                "logo_path": null,
                "name": "Michael De Luca Productions",
                "origin_country": "US"
            },
            {
                "id": 7626,
                "logo_path": "/4839MGss4pPAalhqqYH1AD1CnEj.png",
                "name": "Trigger Street Productions",
                "origin_country": "US"
            }
        ],
        "production_countries": [
            {
                "iso_3166_1": "US",
                "name": "United States of America"
            }
        ],
        "release_date": "2010-10-01",
        "revenue": 224920315,
        "runtime": 121,
        "spoken_languages": [
            {
                "english_name": "English",
                "iso_639_1": "en",
                "name": "English"
            }
        ],
        "status": "Released",
        "tagline": "You don't get to 500 million friends without making a few enemies.",
        "title": "The Social Network",
        "video": false,
        "vote_average": 7.369,
        "vote_count": 12398
    },
    "omdb": {
        "Title": "The Social Network",
        "Year": "2010",
        "Rated": "PG-13",
        "Released": "01 Oct 2010",
        "Runtime": "120 min",
        "Genre": "Biography, Drama",
        "Director": "David Fincher",
        "Writer": "Aaron Sorkin, Ben Mezrich",
        "Actors": "Jesse Eisenberg, Andrew Garfield, Justin Timberlake",
        "Plot": "As Harvard student Mark Zuckerberg creates the social networking site that would become known as Facebook, he is sued by the twins who claimed he stole their idea and by the co-founder who was later squeezed out of the business.",
        "Language": "English, French",
        "Country": "United States",
        "Awards": "Won 3 Oscars. 174 wins & 188 nominations total",
        "Poster": "https://m.media-amazon.com/images/M/MV5BMjlkNTE5ZTUtNGEwNy00MGVhLThmZjMtZjU1NDE5Zjk1NDZkXkEyXkFqcGc@._V1_SX300.jpg",
        "Ratings": [
            {
                "Source": "Internet Movie Database",
                "Value": "7.8/10"
            },
            {
                "Source": "Rotten Tomatoes",
                "Value": "96%"
            },
            {
                "Source": "Metacritic",
                "Value": "95/100"
            }
        ],
        "Metascore": "95",
        "imdbRating": "7.8",
        "imdbVotes": "786,061",
        "imdbID": "tt1285016",
        "Type": "movie",
        "DVD": "N/A",
        "BoxOffice": "$96,962,694",
        "Production": "N/A",
        "Website": "N/A",
        "Response": "True"
    }
}