{
    "tmdb": {
        "adult": false,
        "backdrop_path": "/vIgyYkXkg6NC2whRbYjBD7eb3Er.jpg",
        "belongs_to_collection": {
            "id": 558216,
            "name": "Venom Collection",
            "poster_path": "/670x9sf0Ru8y6ezBggmYudx61yB.jpg",
            "backdrop_path": "/vq340s8DxA5Q209FT8PHA6CXYOx.jpg"
        },
        "budget": 110000000,
        "genres": [
            {
                "id": 878,
                "name": "Science Fiction"
            },
            {
                "id": 28,
                "name": "Action"
            },
            {
                "id": 12,
                "name": "Adventure"
            }
        ],
        "homepage": "https://www.venom.movie",
        "id": 580489,
        "imdb_id": "tt7097896",
        "origin_country": [
            "US"
        ],
        "original_language": "en",
        "original_title": "Venom: Let There Be Carnage",
        "overview": "After finding a host body in investigative reporter Eddie Brock, the alien symbiote must face a new enemy, Carnage, the alter ego of serial killer Cletus Kasady.",
        "popularity": 21.2056,
        "poster_path": "/pzKsRuKLFmYrW5Q0q8E8G78Tcgo.jpg",
        "production_companies": [
            {
                "id": 5,
                "logo_path": "/71BqEFAF4V3qjjMPCpLuyJFB9A.png",
                "name": "Columbia Pictures",
                "origin_country": "US"
            },
            {
                "id": 84041,
                "logo_path": "/nw4kyc29QRpNtFbdsBHkRSFavvt.png",
                "name": "Pascal Pictures",
                "origin_country": "US"
            },
            {
                "id": 53462,
                "logo_path": "/nx8B3Phlcse02w86RW4CJqzCnfL.png",
                "name": "Matt Tolmach Productions",
                "origin_country": "US"
            },
            {
                "id": 14439,
                "logo_path": null,
                "name": "Arad Productions",
                "origin_country": "US"
            }
        ],
        "production_countries": [
            {
                "iso_3166_1": "US",
                "name": "United States of America"
            }
        ],
        "release_date": "2021-09-30",
        "revenue": 506863592,
        "runtime": 97,
        "spoken_languages": [
            {
                "english_name": "English",
                "iso_639_1": "en",
                "name": "English"
            },
            {
                "english_name": "Spanish",
                "iso_639_1": "es",
                "name": "Español"
            }
        ],
        "status": "Released",
        "tagline": "You are what you eat.",
        "title": "Venom: Let There Be Carnage",
        "video": false,
        "vote_average": 6.775,
        "vote_count": 10620
    },
    "omdb": {
        "Title": "Venom: Let There Be Carnage",
        "Year": "2021",
        "Rated": "PG-13",
        "Released": "01 Oct 2021",
        "Runtime": "97 min",
        "Genre": "Action, Sci-Fi, Thriller",
        "Director": "Andy Serkis",
        "Writer": "Kelly Marcel, Tom Hardy",
        "Actors": "Tom Hardy, Woody Harrelson, Michelle Williams",
        "Plot": "Eddie Brock attempts to reignite his career by interviewing serial killer Cletus Kasady, who becomes the host of the symbiote Carnage and escapes prison after a failed execution.",
        "Language": "English, Spanish, Mandarin, Japanese",
        "Country": "United States",
        "Awards": "1 win & 6 nominations",
        "Poster": "https://m.media-amazon.com/images/M/MV5BZGIxMTU1MjItM2FmMi00YmFiLTgwNDMtMTczYmVjYTBhNGZhXkEyXkFqcGc@._V1_SX300.jpg",
        "Ratings": [
            {
                "Source": "Internet Movie Database",
                "Value": "5.9/10"
            },
            {
                "Source": "Rotten Tomatoes",
                "Value": "58%"
            },
            {
                "Source": "Metacritic",
                "Value": "49/100"
            }
        ],
        "Metascore": "49",
        "imdbRating": "5.9",
        "imdbVotes": "275,707",
        "imdbID": "tt7097896",
        "Type": "movie",
        "DVD": "N/A",
        "BoxOffice": "$213,550,366",
        "Production": "N/A",
        "Website": "N/A",
        "Response": "True"
    }
}