{
    "tmdb": {
        "adult": false,
        "backdrop_path": "/9o9ci7ZH9chSy8B7YXCBYih8Kkd.jpg",
        "belongs_to_collection": null,
        "budget": 8575000,
        "genres": [
            {
                "id": 53,
                "name": "Thriller"
            },
            {
                "id": 18,
                "name": "Drama"
            },
            {
                "id": 10749,
                "name": "Romance"
            }
        ],
        "homepage": "",
        "id": 290098,
        "imdb_id": "tt4016934",
        "origin_country": [
            "KR"
        ],
        "original_language": "ko",
        "original_title": "아가씨",
        "overview": "1930s Korea, in the period of Japanese occupation, a new girl, Sookee, is hired as a handmaiden to a Japanese heiress, Hideko, who lives a secluded life on a large countryside estate with her domineering Uncle Kouzuki. But the maid has a secret. She is a pickpocket recruited by a swindler posing as a Japanese Count to help him seduce the Lady to elope with him, rob her of her fortune, and lock her up in a madhouse. The plan seems to proceed according to plan until Sookee and Hideko discover some unexpected emotions.",
        "popularity": 17.446,
        "poster_path": "/dLlH4aNHdnmf62umnInL8xPlPzw.jpg",
        "production_companies": [
            {
                "id": 34725,
                "logo_path": "/cRqXC6Dy6AvTGS2wiMt26yGJgZA.png",
                "name": "Moho Film",
                "origin_country": "KR"
            },
            {
                "id": 49096,
                "logo_path": "/dj9VQ8Tqw4OTP8h5JkSOQGpEeMR.png",
                "name": "Yong Film",
                "origin_country": "KR"
            },
            {
                "id": 7036,
                "logo_path": "/javbyY0ZCvlFJtly3tpZqf2NwLX.png",
                "name": "CJ Entertainment",
                "origin_country": "KR"
            }
        ],
        "production_countries": [
            {
                "iso_3166_1": "KR",
                "name": "South Korea"
            }
        ],
        "release_date": "2016-06-01",
        "revenue": 38600000,
        "runtime": 145,
        "spoken_languages": [
            {
                "english_name": "Japanese",
                "iso_639_1": "ja",
                "name": "日本語"
            },
            {
                "english_name": "Korean",
                "iso_639_1": "ko",
                "name": "한국어/조선말"
            }
        ],
        "status": "Released",
        "tagline": "",
        "title": "The Handmaiden",
        "video": false,
        "vote_average": 8.206,
        "vote_count": 3903
    },
    "omdb": {
        "Title": "The Handmaiden",
        "Year": "2016",
        "Rated": "Not Rated",
        "Released": "02 Sep 2017",
        "Runtime": "145 min",
        "Genre": "Drama, Romance, Thriller",
        "Director": "Park Chan-wook",
        "Writer": "Sarah Waters, Chung Seo-kyung, Park Chan-wook",
        "Actors": "Kim Min-hee, Ha Jung-woo, Cho Jin-woong",
        "Plot": "In 1930s Korea, a girl is hired as a handmaiden to a Japanese heiress who lives a secluded life on a countryside estate. But the maid has a secret: She is a pickpocket recruited by a swindler to help seduce the Lady and steal her ...",
        "Language": "Korean, Japanese",
        "Country": "South Korea",
        "Awards": "Won 1 BAFTA Award69 wins & 104 nominations total",
        "Poster": "https://m.media-amazon.com/images/M/MV5BOTllZDI1OGItOGUxNS00OGZhLWIzMjAtYzllZTY1YTA0ZmYwXkEyXkFqcGc@._V1_SX300.jpg",
        "Ratings": [
            {
                "Source": "Internet Movie Database",
                "Value": "8.1/10"
            },
            {
                "Source": "Rotten Tomatoes",
                "Value": "96%"
            },
            {
                "Source": "Metacritic",
                "Value": "85/100"
            }
        ],
        "Metascore": "85",
        "imdbRating": "8.1",
        "imdbVotes": "185,830",
        "imdbID": "tt4016934",
        "Type": "movie",
        "DVD": "N/A",
        "BoxOffice": "$2,006,788",
        "Production": "N/A",
        "Website": "N/A",
        "Response": "True"
    }
}