{
    "tmdb": {
        "adult": false,
        "backdrop_path": "/vKzbIoHhk1z9DWYi8kyFe9Gg0HF.jpg",
        "belongs_to_collection": {
            "id": 647077,
            "name": "Coming to America Collection",
            "poster_path": "/iIXHsGpnNxnujFMRwOQSLoxr7U5.jpg",
            "backdrop_path": "/mgfXpEAnmuWCdSslqeoyTE7iqU9.jpg"
        },
        "budget": 60000000,
        "genres": [
            {
                "id": 35,
                "name": "Comedy"
            }
        ],
        "homepage": "https://www.amazon.com/dp/B08R114191",
        "id": 484718,
        "imdb_id": "tt6802400",
        "origin_country": [
            "US"
        ],
        "original_language": "en",
        "original_title": "Coming 2 America",
        "overview": "Prince Akeem Joffer is set to become King of Zamunda when he discovers he has a son he never knew about in America – a street savvy Queens native named Lavelle. Honoring his royal father's dying wish to groom this son as the crown prince, Akeem and Semmi set off to America once again.",
        "popularity": 13.4945,
        "poster_path": "/nWBPLkqNApY5pgrJFMiI9joSI30.jpg",
        "production_companies": [
            {
                "id": 4,
                "logo_path": "/gz66EfNoYPqHTYI4q9UEN4CbHRc.png",
                "name": "Paramount Pictures",
                "origin_country": "US"
            },
            {
                "id": 114732,
                "logo_path": "/tNCbisMxO5mX2X2bOQxHHQZVYnT.png",
                "name": "New Republic Pictures",
                "origin_country": "US"
            },
            {
                "id": 30,
                "logo_path": null,
                "name": "Eddie Murphy Productions",
                "origin_country": "US"
            },
            {
                "id": 11581,
                "logo_path": "/yIORcWTFHtbXvWjqXAqFuMxx0K0.png",
                "name": "Misher Films",
                "origin_country": "US"
            }
        ],
        "production_countries": [
            {
                "iso_3166_1": "US",
                "name": "United States of America"
            }
        ],
        "release_date": "2021-03-04",
        "revenue": 0,
        "runtime": 110,
        "spoken_languages": [
            {
                "english_name": "English",
                "iso_639_1": "en",
                "name": "English"
            }
        ],
        "status": "Released",
        "tagline": "A sequel is in the heir.",
        "title": "Coming 2 America",
        "video": false,
        "vote_average": 6.388,
        "vote_count": 2267
    },
    "omdb": {
        "Title": "Coming 2 America",
        "Year": "2021",
        "Rated": "PG-13",
        "Released": "05 Mar 2021",
        "Runtime": "110 min",
        "Genre": "Comedy, Music",
        "Director": "Craig Brewer",
        "Writer": "Eddie Murphy, Barry W. Blaustein, David Sheffield",
        "Actors": "Eddie Murphy, Arsenio Hall, Shari Headley",
        "Plot": "The African monarch Akeem learns he has a long-lost son in the United States and must return to America to meet this unexpected heir and build a relationship with his son.",
        "Language": "English",
        "Country": "United States",
        "Awards": "Nominated for 1 Oscar. 6 wins & 11 nominations total",
        "Poster": "https://m.media-amazon.com/images/M/MV5BN2NhODZjMTktOGNmOC00OTllLTk3NWItYzNiNmRlNTYwMTcxXkEyXkFqcGc@._V1_SX300.jpg",
        "Ratings": [
            {
                "Source": "Internet Movie Database",
                "Value": "5.3/10"
            },
            {
                "Source": "Rotten Tomatoes",
                "Value": "49%"
            },
            {
                "Source": "Metacritic",
                "Value": "52/100"
            }
        ],
        "Metascore": "52",
        "imdbRating": "5.3",
        "imdbVotes": "78,160",
        "imdbID": "tt6802400",
        "Type": "movie",
        "DVD": "N/A",
        "BoxOffice": "N/A",
        "Production": "N/A",
        "Website": "N/A",
        "Response": "True"
    }
}