{
    "tmdb": {
        "adult": false,
        "backdrop_path": "/lsgT602GYV8ts97sKH1gWFtQs1k.jpg",
        "belongs_to_collection": null,
        "budget": 0,
        "genres": [
            {
                "id": 16,
                "name": "Animation"
            },
            {
                "id": 12,
                "name": "Adventure"
            },
            {
                "id": 35,
                "name": "Comedy"
            },
            {
                "id": 10751,
                "name": "Family"
            },
            {
                "id": 14,
                "name": "Fantasy"
            }
        ],
        "homepage": "https://www.netflix.com/title/81221337",
        "id": 1104845,
        "imdb_id": "tt32560777",
        "origin_country": [
            "US"
        ],
        "original_language": "en",
        "original_title": "Plankton: The Movie",
        "overview": "Plankton's tangled love story with his sentient computer wife goes sideways when she takes a stand — and decides to destroy the world without him.",
        "popularity": 47.6842,
        "poster_path": "/hGaUNLF5VZbg9ovPTyjm9Rv5xWz.jpg",
        "production_companies": [
            {
                "id": 2348,
                "logo_path": "/m31fQvZJuUvAgxoqTiCGYFBfZYe.png",
                "name": "Nickelodeon Movies",
                "origin_country": "US"
            }
        ],
        "production_countries": [
            {
                "iso_3166_1": "US",
                "name": "United States of America"
            }
        ],
        "release_date": "2025-03-08",
        "revenue": 0,
        "runtime": 83,
        "spoken_languages": [
            {
                "english_name": "English",
                "iso_639_1": "en",
                "name": "English"
            }
        ],
        "status": "Released",
        "tagline": "They needed a hero. They got a villain.",
        "title": "Plankton: The Movie",
        "video": false,
        "vote_average": 6.715,
        "vote_count": 93
    },
    "omdb": {
        "Title": "Plankton: The Movie",
        "Year": "2025",
        "Rated": "TV-PG",
        "Released": "07 Mar 2025",
        "Runtime": "87 min",
        "Genre": "Animation, Adventure, Comedy",
        "Director": "Dave Needham",
        "Writer": "Mr. Lawrence, Kaz, Chris Viscardi",
        "Actors": "Mr. Lawrence, Jill Talley, Tom Kenny",
        "Plot": "When Karen the Computer decides to take over the world, it's up to Plankton to stop her - with a little help from SpongeBob and the Gal Pals (Pearl, Sandy, and Mrs. Puff).",
        "Language": "English",
        "Country": "United States",
        "Awards": "N/A",
        "Poster": "https://m.media-amazon.com/images/M/MV5BYmYyZjUzYjgtY2U1My00MTA4LTllNWEtNWU3ZThkOWRmMTY1XkEyXkFqcGc@._V1_SX300.jpg",
        "Ratings": [
            {
                "Source": "Internet Movie Database",
                "Value": "5.3/10"
            },
            {
                "Source": "Rotten Tomatoes",
                "Value": "71%"
            },
            {
                "Source": "Metacritic",
                "Value": "61/100"
            }
        ],
        "Metascore": "61",
        "imdbRating": "5.3",
        "imdbVotes": "2,832",
        "imdbID": "tt32560777",
        "Type": "movie",
        "DVD": "N/A",
        "BoxOffice": "N/A",
        "Production": "N/A",
        "Website": "N/A",
        "Response": "True"
    }
}