{
    "tmdb": {
        "adult": false,
        "backdrop_path": "/AeGcldwZf1MN6680cx6HU6MVwjV.jpg",
        "belongs_to_collection": {
            "id": 180546,
            "name": "Grown Ups Collection",
            "poster_path": "/d01vbn7o3JwjgCvvmGSVGoYoPBn.jpg",
            "backdrop_path": "/ahlmYgIHI6oye76bgoUtC01mcrC.jpg"
        },
        "budget": 80000000,
        "genres": [
            {
                "id": 35,
                "name": "Comedy"
            }
        ],
        "homepage": "http://www.grownups-movie.com/",
        "id": 38365,
        "imdb_id": "tt1375670",
        "origin_country": [
            "US"
        ],
        "original_language": "en",
        "original_title": "Grown Ups",
        "overview": "After their high school basketball coach passes away, five good friends and former teammates reunite for a Fourth of July holiday weekend.",
        "popularity": 23.4539,
        "poster_path": "/ys0LscDFAuZxfUcpH5moiPeFfXs.jpg",
        "production_companies": [
            {
                "id": 5,
                "logo_path": "/71BqEFAF4V3qjjMPCpLuyJFB9A.png",
                "name": "Columbia Pictures",
                "origin_country": "US"
            },
            {
                "id": 7295,
                "logo_path": "/5MYE96QiE5a5oFhXxFb4y8ILSpw.png",
                "name": "Relativity Media",
                "origin_country": "US"
            },
            {
                "id": 878,
                "logo_path": "/e2AZdsQdkhN0qJhoN4TMYiVPLyb.png",
                "name": "Happy Madison Productions",
                "origin_country": "US"
            }
        ],
        "production_countries": [
            {
                "iso_3166_1": "US",
                "name": "United States of America"
            }
        ],
        "release_date": "2010-06-24",
        "revenue": 271430189,
        "runtime": 102,
        "spoken_languages": [
            {
                "english_name": "English",
                "iso_639_1": "en",
                "name": "English"
            }
        ],
        "status": "Released",
        "tagline": "Boys will be boys. . . some longer than others.",
        "title": "Grown Ups",
        "video": false,
        "vote_average": 6.391,
        "vote_count": 6271
    },
    "omdb": {
        "Title": "Grown Ups",
        "Year": "2010",
        "Rated": "PG-13",
        "Released": "25 Jun 2010",
        "Runtime": "102 min",
        "Genre": "Comedy",
        "Director": "Dennis Dugan",
        "Writer": "Adam Sandler, Fred Wolf",
        "Actors": "Adam Sandler, Salma Hayek, Kevin James",
        "Plot": "After their high school basketball coach passes away, five good friends and former teammates reunite for a Fourth of July holiday weekend.",
        "Language": "English, Spanish",
        "Country": "United States",
        "Awards": "3 wins & 4 nominations total",
        "Poster": "https://m.media-amazon.com/images/M/MV5BMjA0ODYwNzU5Nl5BMl5BanBnXkFtZTcwNTI1MTgxMw@@._V1_SX300.jpg",
        "Ratings": [
            {
                "Source": "Internet Movie Database",
                "Value": "6.0/10"
            },
            {
                "Source": "Rotten Tomatoes",
                "Value": "10%"
            },
            {
                "Source": "Metacritic",
                "Value": "30/100"
            }
        ],
        "Metascore": "30",
        "imdbRating": "6.0",
        "imdbVotes": "293,554",
        "imdbID": "tt1375670",
        "Type": "movie",
        "DVD": "N/A",
        "BoxOffice": "$162,001,186",
        "Production": "N/A",
        "Website": "N/A",
        "Response": "True"
    }
}