{
    "tmdb": {
        "adult": false,
        "backdrop_path": "/5fX1oSGuYdKgwWmUTAN5MNSQGzr.jpg",
        "belongs_to_collection": {
            "id": 209131,
            "name": "Man of Steel Collection",
            "poster_path": "/rNnIW6xSPeTiIUtsfEhFeIRiJVv.jpg",
            "backdrop_path": "/rPaqhsSMCky0UXVW4qmNOJq5Orp.jpg"
        },
        "budget": 250000000,
        "genres": [
            {
                "id": 28,
                "name": "Action"
            },
            {
                "id": 12,
                "name": "Adventure"
            },
            {
                "id": 14,
                "name": "Fantasy"
            }
        ],
        "homepage": "https://www.warnerbros.com/movies/batman-v-superman-dawn-justice",
        "id": 209112,
        "imdb_id": "tt2975590",
        "origin_country": [
            "US"
        ],
        "original_language": "en",
        "original_title": "Batman v Superman: Dawn of Justice",
        "overview": "Fearing the actions of a god-like Super Hero left unchecked, Gotham City’s own formidable, forceful vigilante takes on Metropolis’s most revered, modern-day savior, while the world wrestles with what sort of hero it really needs. And with Batman and Superman at war with one another, a new threat quickly arises, putting mankind in greater danger than it’s ever known before.",
        "popularity": 65.07,
        "poster_path": "/5UsK3grJvtQrtzEgqNlDljJW96w.jpg",
        "production_companies": [
            {
                "id": 174,
                "logo_path": "/zhD3hhtKB5qyv7ZeL4uLpNxgMVU.png",
                "name": "Warner Bros. Pictures",
                "origin_country": "US"
            },
            {
                "id": 41624,
                "logo_path": "/wzKxIeQKlMP0y5CaAw25MD6EQmf.png",
                "name": "RatPac Entertainment",
                "origin_country": "US"
            },
            {
                "id": 507,
                "logo_path": "/aRmHe6GWxYMRCQljF75rn2B9Gv8.png",
                "name": "Atlas Entertainment",
                "origin_country": "US"
            },
            {
                "id": 9993,
                "logo_path": "/2Tc1P3Ac8M479naPp1kYT3izLS5.png",
                "name": "DC Entertainment",
                "origin_country": "US"
            },
            {
                "id": 9995,
                "logo_path": "/mAIGhOYhN4N2N0F7p4dbKhgXf3l.png",
                "name": "Cruel & Unusual Films",
                "origin_country": "US"
            }
        ],
        "production_countries": [
            {
                "iso_3166_1": "US",
                "name": "United States of America"
            }
        ],
        "release_date": "2016-03-23",
        "revenue": 874362803,
        "runtime": 152,
        "spoken_languages": [
            {
                "english_name": "English",
                "iso_639_1": "en",
                "name": "English"
            }
        ],
        "status": "Released",
        "tagline": "A hero will fall.",
        "title": "Batman v Superman: Dawn of Justice",
        "video": false,
        "vote_average": 5.977,
        "vote_count": 18231
    },
    "omdb": {
        "Title": "Batman v Superman: Dawn of Justice",
        "Year": "2016",
        "Rated": "R",
        "Released": "25 Mar 2016",
        "Runtime": "151 min",
        "Genre": "Action, Adventure, Sci-Fi",
        "Director": "Zack Snyder",
        "Writer": "Bob Kane, Bill Finger, Jerry Siegel",
        "Actors": "Ben Affleck, Henry Cavill, Amy Adams",
        "Plot": "Batman is manipulated by Lex Luthor to fear Superman. Superman´s existence is meanwhile dividing the world and he is framed for murder during an international crisis. The heroes clash and force the neutral Wonder Woman to reemerge.",
        "Language": "English",
        "Country": "United States, Morocco",
        "Awards": "14 wins & 33 nominations total",
        "Poster": "https://m.media-amazon.com/images/M/MV5BZTJkYjdmYjYtOGMyNC00ZGU1LThkY2ItYTc1OTVlMmE2YWY1XkEyXkFqcGc@._V1_SX300.jpg",
        "Ratings": [
            {
                "Source": "Internet Movie Database",
                "Value": "6.5/10"
            },
            {
                "Source": "Rotten Tomatoes",
                "Value": "29%"
            },
            {
                "Source": "Metacritic",
                "Value": "44/100"
            }
        ],
        "Metascore": "44",
        "imdbRating": "6.5",
        "imdbVotes": "769,911",
        "imdbID": "tt2975590",
        "Type": "movie",
        "DVD": "N/A",
        "BoxOffice": "$330,360,194",
        "Production": "N/A",
        "Website": "N/A",
        "Response": "True"
    }
}