{
    "tmdb": {
        "adult": false,
        "backdrop_path": "/csQSGH0QU8D3Ov5YLEYuHep8ihA.jpg",
        "belongs_to_collection": null,
        "budget": 5270000,
        "genres": [
            {
                "id": 878,
                "name": "Science Fiction"
            },
            {
                "id": 53,
                "name": "Thriller"
            },
            {
                "id": 12,
                "name": "Adventure"
            },
            {
                "id": 28,
                "name": "Action"
            }
        ],
        "homepage": "https://amzn.to/3ZPDLly",
        "id": 1196470,
        "imdb_id": "tt27032708",
        "origin_country": [
            "FR"
        ],
        "original_language": "fr",
        "original_title": "Survivre",
        "overview": "A couple celebrates their son’s birthday in the middle of the ocean on their boat. A violent storm hits and it brings up hungry creatures from the depths and they fight for their survival.",
        "popularity": 24.3401,
        "poster_path": "/7fR3KxswtY8OHHZuOUB9td58CRX.jpg",
        "production_companies": [
            {
                "id": 58668,
                "logo_path": "/fQuxB2LBtBXObebsSWA17sW8zFT.png",
                "name": "M.E.S. Productions",
                "origin_country": "FR"
            },
            {
                "id": 8906,
                "logo_path": "/c5MDqS2UYtK0pTQqtYow7LSBLcS.png",
                "name": "Monkey Pack Films",
                "origin_country": "FR"
            },
            {
                "id": 91532,
                "logo_path": "/3iJXFTBvVAvJ2l7oZfwpNO5zhGa.png",
                "name": "C8 Films",
                "origin_country": "FR"
            }
        ],
        "production_countries": [
            {
                "iso_3166_1": "FR",
                "name": "France"
            }
        ],
        "release_date": "2024-06-19",
        "revenue": 0,
        "runtime": 90,
        "spoken_languages": [
            {
                "english_name": "French",
                "iso_639_1": "fr",
                "name": "Français"
            }
        ],
        "status": "Released",
        "tagline": "The world has gone sideways.",
        "title": "Survive",
        "video": false,
        "vote_average": 5.8,
        "vote_count": 217
    },
    "omdb": {
        "Title": "Survive",
        "Year": "2024",
        "Rated": "N/A",
        "Released": "10 Jan 2025",
        "Runtime": "90 min",
        "Genre": "Action, Adventure, Sci-Fi",
        "Director": "Frédéric Jardin",
        "Writer": "Alexandre Coquelle, Mathieu Oullion",
        "Actors": "Émilie Dequenne, Andreas Pietschmann, Lisa Delamar",
        "Plot": "A couple celebrates their son's birthday in the middle of the ocean on their boat . A violent storm hits and it brings up hungry creatures from the depths and they fight for their survival.",
        "Language": "French, English",
        "Country": "France, Belgium",
        "Awards": "N/A",
        "Poster": "https://m.media-amazon.com/images/M/MV5BNGMwNGVkYTMtYThlNS00OTlhLTk1YjAtYjcyNDg2YjNlNjhkXkEyXkFqcGc@._V1_SX300.jpg",
        "Ratings": [
            {
                "Source": "Internet Movie Database",
                "Value": "4.6/10"
            },
            {
                "Source": "Rotten Tomatoes",
                "Value": "71%"
            }
        ],
        "Metascore": "N/A",
        "imdbRating": "4.6",
        "imdbVotes": "1,667",
        "imdbID": "tt27032708",
        "Type": "movie",
        "DVD": "N/A",
        "BoxOffice": "N/A",
        "Production": "N/A",
        "Website": "N/A",
        "Response": "True"
    }
}