{
    "tmdb": {
        "adult": false,
        "backdrop_path": "/YfGn3fRHqswQXJaIZs5yYO9OWI.jpg",
        "belongs_to_collection": {
            "id": 96665,
            "name": "Dumb and Dumber Collection",
            "poster_path": "/wKvLzAIHnOl1sc93osfb6uawX7z.jpg",
            "backdrop_path": "/saUnj5K6buVafDfLfTozDH2eqdC.jpg"
        },
        "budget": 16000000,
        "genres": [
            {
                "id": 35,
                "name": "Comedy"
            }
        ],
        "homepage": "",
        "id": 8467,
        "imdb_id": "tt0109686",
        "origin_country": [
            "US"
        ],
        "original_language": "en",
        "original_title": "Dumb and Dumber",
        "overview": "Lloyd and Harry are two men whose stupidity is really indescribable. When Mary, a beautiful woman, loses an important suitcase with money before she leaves for Aspen, the two friends (who have found the suitcase) decide to return it to her. After some \"adventures\" they finally get to Aspen where, using the lost money they live it up and fight for Mary's heart.",
        "popularity": 14.7914,
        "poster_path": "/4LdpBXiCyGKkR8FGHgjKlphrfUc.jpg",
        "production_companies": [
            {
                "id": 12,
                "logo_path": "/2ycs64eqV5rqKYHyQK0GVoKGvfX.png",
                "name": "New Line Cinema",
                "origin_country": "US"
            },
            {
                "id": 2090,
                "logo_path": "/jYlUttNqcN5u1pzMQrh5AEhZ27t.png",
                "name": "Motion Picture Corporation of America",
                "origin_country": "US"
            }
        ],
        "production_countries": [
            {
                "iso_3166_1": "US",
                "name": "United States of America"
            }
        ],
        "release_date": "1994-12-16",
        "revenue": 247275374,
        "runtime": 107,
        "spoken_languages": [
            {
                "english_name": "English",
                "iso_639_1": "en",
                "name": "English"
            }
        ],
        "status": "Released",
        "tagline": "For Harry and Lloyd, every day is a no-brainer.",
        "title": "Dumb and Dumber",
        "video": false,
        "vote_average": 6.635,
        "vote_count": 6266
    },
    "omdb": {
        "Title": "Dumb and Dumber",
        "Year": "1994",
        "Rated": "PG-13",
        "Released": "16 Dec 1994",
        "Runtime": "107 min",
        "Genre": "Comedy",
        "Director": "Peter Farrelly, Bobby Farrelly",
        "Writer": "Peter Farrelly, Bennett Yellin, Bobby Farrelly",
        "Actors": "Jim Carrey, Jeff Daniels, Lauren Holly",
        "Plot": "After a woman leaves a briefcase at the airport terminal, a dumb limo driver and his dumber friend set out on a hilarious cross-country road trip to Aspen to return it.",
        "Language": "English, Swedish, German",
        "Country": "United States",
        "Awards": "5 wins & 3 nominations total",
        "Poster": "https://m.media-amazon.com/images/M/MV5BNGQxZDA1MmMtYWQ1Ni00NTJmLTljMjgtZWVmODllODVhMzgyXkEyXkFqcGc@._V1_SX300.jpg",
        "Ratings": [
            {
                "Source": "Internet Movie Database",
                "Value": "7.3/10"
            },
            {
                "Source": "Rotten Tomatoes",
                "Value": "67%"
            },
            {
                "Source": "Metacritic",
                "Value": "41/100"
            }
        ],
        "Metascore": "41",
        "imdbRating": "7.3",
        "imdbVotes": "424,576",
        "imdbID": "tt0109686",
        "Type": "movie",
        "DVD": "N/A",
        "BoxOffice": "$127,190,327",
        "Production": "N/A",
        "Website": "N/A",
        "Response": "True"
    }
}