{
    "tmdb": {
        "adult": false,
        "backdrop_path": "/4s2d3xdyqotiVNHTlTlJjrr3q0H.jpg",
        "belongs_to_collection": null,
        "budget": 165000000,
        "genres": [
            {
                "id": 12,
                "name": "Adventure"
            },
            {
                "id": 10751,
                "name": "Family"
            },
            {
                "id": 16,
                "name": "Animation"
            },
            {
                "id": 28,
                "name": "Action"
            },
            {
                "id": 35,
                "name": "Comedy"
            }
        ],
        "homepage": "http://movies.disney.com/big-hero-6",
        "id": 177572,
        "imdb_id": "tt2245084",
        "origin_country": [
            "US"
        ],
        "original_language": "en",
        "original_title": "Big Hero 6",
        "overview": "A special bond develops between plus-sized inflatable robot Baymax, and prodigy Hiro Hamada, who team up with a group of friends to form a band of high-tech heroes.",
        "popularity": 18.9175,
        "poster_path": "/2mxS4wUimwlLmI1xp6QW6NSU361.jpg",
        "production_companies": [
            {
                "id": 2,
                "logo_path": "/wdrCwmRnLFJhEoH8GSfymY85KHT.png",
                "name": "Walt Disney Pictures",
                "origin_country": "US"
            },
            {
                "id": 6125,
                "logo_path": "/tzsMJBJZINu7GHzrpYzpReWhh66.png",
                "name": "Walt Disney Animation Studios",
                "origin_country": "US"
            }
        ],
        "production_countries": [
            {
                "iso_3166_1": "US",
                "name": "United States of America"
            }
        ],
        "release_date": "2014-10-24",
        "revenue": 657870525,
        "runtime": 102,
        "spoken_languages": [
            {
                "english_name": "English",
                "iso_639_1": "en",
                "name": "English"
            }
        ],
        "status": "Released",
        "tagline": "Drop everything. Save the world.",
        "title": "Big Hero 6",
        "video": false,
        "vote_average": 7.728,
        "vote_count": 15867
    },
    "omdb": {
        "Title": "Big Hero 6",
        "Year": "2014",
        "Rated": "PG",
        "Released": "07 Nov 2014",
        "Runtime": "102 min",
        "Genre": "Animation, Action, Adventure",
        "Director": "Don Hall, Chris Williams",
        "Writer": "Jordan Roberts, Robert L. Baird, Daniel Gerson",
        "Actors": "Ryan Potter, Scott Adsit, Jamie Chung",
        "Plot": "A special bond develops between plus-sized inflatable robot Baymax and prodigy Hiro Hamada, who together team up with a group of friends to form a band of high-tech heroes.",
        "Language": "English",
        "Country": "United States",
        "Awards": "Won 1 Oscar. 17 wins & 58 nominations total",
        "Poster": "https://m.media-amazon.com/images/M/MV5BYjQ3YzUyOGQtNjdlYS00YmRhLWIyOWYtMGQ3YjkwMjJiYzRjXkEyXkFqcGc@._V1_SX300.jpg",
        "Ratings": [
            {
                "Source": "Internet Movie Database",
                "Value": "7.8/10"
            },
            {
                "Source": "Rotten Tomatoes",
                "Value": "90%"
            },
            {
                "Source": "Metacritic",
                "Value": "74/100"
            }
        ],
        "Metascore": "74",
        "imdbRating": "7.8",
        "imdbVotes": "527,175",
        "imdbID": "tt2245084",
        "Type": "movie",
        "DVD": "N/A",
        "BoxOffice": "$222,527,828",
        "Production": "N/A",
        "Website": "N/A",
        "Response": "True"
    }
}