{
    "tmdb": {
        "adult": false,
        "backdrop_path": "/gLQoJ9P79g501oEEtrN8zMlCPpx.jpg",
        "belongs_to_collection": null,
        "budget": 14000000,
        "genres": [
            {
                "id": 36,
                "name": "History"
            },
            {
                "id": 18,
                "name": "Drama"
            },
            {
                "id": 53,
                "name": "Thriller"
            },
            {
                "id": 10752,
                "name": "War"
            }
        ],
        "homepage": "",
        "id": 205596,
        "imdb_id": "tt2084970",
        "origin_country": [
            "US"
        ],
        "original_language": "en",
        "original_title": "The Imitation Game",
        "overview": "Based on the real life story of legendary cryptanalyst Alan Turing, the film portrays the nail-biting race against time by Turing and his brilliant team of code-breakers at Britain's top-secret Government Code and Cypher School at Bletchley Park, during the darkest days of World War II.",
        "popularity": 15.2023,
        "poster_path": "/zSqJ1qFq8NXFfi7JeIYMlzyR0dx.jpg",
        "production_companies": [
            {
                "id": 38145,
                "logo_path": null,
                "name": "Bristol Automotive",
                "origin_country": "US"
            },
            {
                "id": 22146,
                "logo_path": "/v37N1mFeXNQfvPankg3feBhVvM7.png",
                "name": "Black Bear Pictures",
                "origin_country": "US"
            },
            {
                "id": 7493,
                "logo_path": "/fHitYiGUCkRafgt6VPYQlXWLkdp.png",
                "name": "FilmNation Entertainment",
                "origin_country": "US"
            }
        ],
        "production_countries": [
            {
                "iso_3166_1": "US",
                "name": "United States of America"
            }
        ],
        "release_date": "2014-11-14",
        "revenue": 233555708,
        "runtime": 113,
        "spoken_languages": [
            {
                "english_name": "English",
                "iso_639_1": "en",
                "name": "English"
            }
        ],
        "status": "Released",
        "tagline": "The true enigma was the man who cracked the code.",
        "title": "The Imitation Game",
        "video": false,
        "vote_average": 7.994,
        "vote_count": 17310
    },
    "omdb": {
        "Title": "The Imitation Game",
        "Year": "2014",
        "Rated": "PG-13",
        "Released": "25 Dec 2014",
        "Runtime": "114 min",
        "Genre": "Biography, Drama, Thriller",
        "Director": "Morten Tyldum",
        "Writer": "Graham Moore, Andrew Hodges",
        "Actors": "Benedict Cumberbatch, Keira Knightley, Matthew Goode",
        "Plot": "During World War II, the English mathematical genius Alan Turing tries to crack the German Enigma code with help from fellow mathematicians while attempting to come to terms with his troubled private life.",
        "Language": "English, German",
        "Country": "United States",
        "Awards": "Won 1 Oscar. 49 wins & 165 nominations total",
        "Poster": "https://m.media-amazon.com/images/M/MV5BNjI3NjY1Mjg3MV5BMl5BanBnXkFtZTgwMzk5MDQ3MjE@._V1_SX300.jpg",
        "Ratings": [
            {
                "Source": "Internet Movie Database",
                "Value": "8.0/10"
            },
            {
                "Source": "Rotten Tomatoes",
                "Value": "90%"
            },
            {
                "Source": "Metacritic",
                "Value": "71/100"
            }
        ],
        "Metascore": "71",
        "imdbRating": "8.0",
        "imdbVotes": "842,688",
        "imdbID": "tt2084970",
        "Type": "movie",
        "DVD": "N/A",
        "BoxOffice": "$91,125,683",
        "Production": "N/A",
        "Website": "N/A",
        "Response": "True"
    }
}