{
    "tmdb": {
        "adult": false,
        "backdrop_path": "/urDWNffjwmNi5IQaezw9GwqkUXa.jpg",
        "belongs_to_collection": {
            "id": 1241,
            "name": "Harry Potter Collection",
            "poster_path": "/s4hXqX1VyWMc2ctJRuNBDB7YNJ3.jpg",
            "backdrop_path": "/kmEsQL2vOTA0jnM28fXS45Ky8kX.jpg"
        },
        "budget": 250000000,
        "genres": [
            {
                "id": 12,
                "name": "Adventure"
            },
            {
                "id": 14,
                "name": "Fantasy"
            }
        ],
        "homepage": "https://www.warnerbros.com/movies/harry-potter-and-half-blood-prince/",
        "id": 767,
        "imdb_id": "tt0417741",
        "origin_country": [
            "GB"
        ],
        "original_language": "en",
        "original_title": "Harry Potter and the Half-Blood Prince",
        "overview": "As Lord Voldemort tightens his grip on both the Muggle and wizarding worlds, Hogwarts is no longer a safe haven. Harry suspects perils may even lie within the castle, but Dumbledore is more intent upon preparing him for the final battle fast approaching. Together they work to find the key to unlock Voldemorts defenses and to this end, Dumbledore recruits his old friend and colleague Horace Slughorn, whom he believes holds crucial information. Even as the decisive showdown looms, romance blossoms for Harry, Ron, Hermione and their classmates. Love is in the air, but danger lies ahead and Hogwarts may never be the same again.",
        "popularity": 26.3929,
        "poster_path": "/z7uo9zmQdQwU5ZJHFpv2Upl30i1.jpg",
        "production_companies": [
            {
                "id": 174,
                "logo_path": "/zhD3hhtKB5qyv7ZeL4uLpNxgMVU.png",
                "name": "Warner Bros. Pictures",
                "origin_country": "US"
            },
            {
                "id": 437,
                "logo_path": "/nu20mtwbEIhUNnQ5NXVhHsNknZj.png",
                "name": "Heyday Films",
                "origin_country": "GB"
            }
        ],
        "production_countries": [
            {
                "iso_3166_1": "GB",
                "name": "United Kingdom"
            },
            {
                "iso_3166_1": "US",
                "name": "United States of America"
            }
        ],
        "release_date": "2009-07-15",
        "revenue": 933959197,
        "runtime": 153,
        "spoken_languages": [
            {
                "english_name": "English",
                "iso_639_1": "en",
                "name": "English"
            }
        ],
        "status": "Released",
        "tagline": "Dark secrets revealed.",
        "title": "Harry Potter and the Half-Blood Prince",
        "video": false,
        "vote_average": 7.684,
        "vote_count": 19836
    },
    "omdb": {
        "Title": "Harry Potter and the Half-Blood Prince",
        "Year": "2009",
        "Rated": "PG",
        "Released": "15 Jul 2009",
        "Runtime": "153 min",
        "Genre": "Action, Adventure, Family",
        "Director": "David Yates",
        "Writer": "Steve Kloves, J.K. Rowling",
        "Actors": "Daniel Radcliffe, Emma Watson, Rupert Grint",
        "Plot": "As Harry Potter begins his sixth year at Hogwarts, he discovers an old book marked as \"the property of the Half-Blood Prince\" and begins to learn more about Lord Voldemort's dark past.",
        "Language": "English, Latin",
        "Country": "United Kingdom, United States",
        "Awards": "Nominated for 1 Oscar. 9 wins & 39 nominations total",
        "Poster": "https://m.media-amazon.com/images/M/MV5BNzU3NDg4NTAyNV5BMl5BanBnXkFtZTcwOTg2ODg1Mg@@._V1_SX300.jpg",
        "Ratings": [
            {
                "Source": "Internet Movie Database",
                "Value": "7.6/10"
            },
            {
                "Source": "Rotten Tomatoes",
                "Value": "83%"
            },
            {
                "Source": "Metacritic",
                "Value": "78/100"
            }
        ],
        "Metascore": "78",
        "imdbRating": "7.6",
        "imdbVotes": "616,702",
        "imdbID": "tt0417741",
        "Type": "movie",
        "DVD": "N/A",
        "BoxOffice": "$302,334,374",
        "Production": "N/A",
        "Website": "N/A",
        "Response": "True"
    }
}