{
    "tmdb": {
        "adult": false,
        "backdrop_path": "/eVzCqwLk806hU6RN8sv9l1ilVL8.jpg",
        "belongs_to_collection": null,
        "budget": 0,
        "genres": [
            {
                "id": 80,
                "name": "Crime"
            },
            {
                "id": 53,
                "name": "Thriller"
            }
        ],
        "homepage": "",
        "id": 22112,
        "imdb_id": "tt0041268",
        "origin_country": [
            "US"
        ],
        "original_language": "en",
        "original_title": "Criss Cross",
        "overview": "An armored-car guard must join a robbery after being caught with his ex-wife by her gangster husband.",
        "popularity": 29.1031,
        "poster_path": "/AwmyVw6h3nZWvkZUuNpZYDA2Dly.jpg",
        "production_companies": [
            {
                "id": 10330,
                "logo_path": "/vevakirICdmHxRPeZUdbjFqcFLM.png",
                "name": "Universal International Pictures",
                "origin_country": "US"
            }
        ],
        "production_countries": [
            {
                "iso_3166_1": "US",
                "name": "United States of America"
            }
        ],
        "release_date": "1949-02-04",
        "revenue": 0,
        "runtime": 88,
        "spoken_languages": [
            {
                "english_name": "English",
                "iso_639_1": "en",
                "name": "English"
            }
        ],
        "status": "Released",
        "tagline": "When you Double-Cross a Double-Crosser... It's a Criss Cross!",
        "title": "Criss Cross",
        "video": false,
        "vote_average": 7.142,
        "vote_count": 158
    },
    "omdb": {
        "Title": "Criss Cross",
        "Year": "1949",
        "Rated": "Approved",
        "Released": "04 Feb 1949",
        "Runtime": "84 min",
        "Genre": "Crime, Drama, Film-Noir",
        "Director": "Robert Siodmak",
        "Writer": "Daniel Fuchs, Don Tracy, William Bowers",
        "Actors": "Burt Lancaster, Yvonne De Carlo, Dan Duryea",
        "Plot": "An armored truck driver and his ex-wife conspire with a gang to have his own truck robbed on the route.",
        "Language": "English",
        "Country": "United States",
        "Awards": "1 nomination total",
        "Poster": "https://m.media-amazon.com/images/M/MV5BNmYyYzg0OGEtMDcyMS00MTMzLTgzMGYtM2M2MzBlY2Y1ZTViXkEyXkFqcGc@._V1_SX300.jpg",
        "Ratings": [
            {
                "Source": "Internet Movie Database",
                "Value": "7.4/10"
            },
            {
                "Source": "Rotten Tomatoes",
                "Value": "86%"
            }
        ],
        "Metascore": "N/A",
        "imdbRating": "7.4",
        "imdbVotes": "10,070",
        "imdbID": "tt0041268",
        "Type": "movie",
        "DVD": "N/A",
        "BoxOffice": "N/A",
        "Production": "N/A",
        "Website": "N/A",
        "Response": "True"
    }
}