{
    "tmdb": {
        "adult": false,
        "backdrop_path": "/sFEYsEfzTx7hhjetlNrme8B5OUo.jpg",
        "belongs_to_collection": null,
        "budget": 54000000,
        "genres": [
            {
                "id": 28,
                "name": "Action"
            },
            {
                "id": 53,
                "name": "Thriller"
            },
            {
                "id": 878,
                "name": "Science Fiction"
            }
        ],
        "homepage": "http://vforvendetta.warnerbros.com/",
        "id": 752,
        "imdb_id": "tt0434409",
        "origin_country": [
            "US"
        ],
        "original_language": "en",
        "original_title": "V for Vendetta",
        "overview": "In a world in which Great Britain has become a fascist state, a masked vigilante known only as “V” conducts guerrilla warfare against the oppressive British government. When V rescues a young woman from the secret police, he finds in her an ally with whom he can continue his fight to free the people of Britain.",
        "popularity": 15.876,
        "poster_path": "/1avD1JeaRiJX5M4ahPdZPypGoGN.jpg",
        "production_companies": [
            {
                "id": 449,
                "logo_path": "/fV3x8bowlRCXKtkWDovLYco7cOK.png",
                "name": "Virtual Studios",
                "origin_country": "US"
            },
            {
                "id": 450,
                "logo_path": "/5SQqMrfCZPWdVE0q25DISvKwToE.png",
                "name": "Anarchos Productions",
                "origin_country": "US"
            },
            {
                "id": 1885,
                "logo_path": "/xlvoOZr4s1PygosrwZyolIFe5xs.png",
                "name": "Silver Pictures",
                "origin_country": "US"
            },
            {
                "id": 23889,
                "logo_path": null,
                "name": "Fünfte Babelsberg Film",
                "origin_country": ""
            },
            {
                "id": 213688,
                "logo_path": null,
                "name": "Warner Bros. Productions",
                "origin_country": "GB"
            },
            {
                "id": 165407,
                "logo_path": "/5fnvtywvYSkskSJr99VcR3x9RTE.png",
                "name": "DC Vertigo",
                "origin_country": "US"
            }
        ],
        "production_countries": [
            {
                "iso_3166_1": "DE",
                "name": "Germany"
            },
            {
                "iso_3166_1": "GB",
                "name": "United Kingdom"
            },
            {
                "iso_3166_1": "US",
                "name": "United States of America"
            }
        ],
        "release_date": "2006-02-23",
        "revenue": 134686457,
        "runtime": 132,
        "spoken_languages": [
            {
                "english_name": "English",
                "iso_639_1": "en",
                "name": "English"
            }
        ],
        "status": "Released",
        "tagline": "People should not be afraid of their governments. Governments should be afraid of their people.",
        "title": "V for Vendetta",
        "video": false,
        "vote_average": 7.898,
        "vote_count": 14771
    },
    "omdb": {
        "Title": "V for Vendetta",
        "Year": "2005",
        "Rated": "R",
        "Released": "17 Mar 2006",
        "Runtime": "132 min",
        "Genre": "Action, Drama, Sci-Fi",
        "Director": "James McTeigue",
        "Writer": "Lilly Wachowski, Lana Wachowski, David Lloyd",
        "Actors": "Hugo Weaving, Natalie Portman, Rupert Graves",
        "Plot": "In a future British dystopian society, a shadowy freedom fighter, known only by the alias of \"V\", plots to overthrow the tyrannical government - with the help of a young woman.",
        "Language": "English, French, Latin, Spanish",
        "Country": "United States, United Kingdom, Germany",
        "Awards": "7 wins & 29 nominations total",
        "Poster": "https://m.media-amazon.com/images/M/MV5BOTI5ODc3NzExNV5BMl5BanBnXkFtZTcwNzYxNzQzMw@@._V1_SX300.jpg",
        "Ratings": [
            {
                "Source": "Internet Movie Database",
                "Value": "8.1/10"
            },
            {
                "Source": "Rotten Tomatoes",
                "Value": "73%"
            },
            {
                "Source": "Metacritic",
                "Value": "62/100"
            }
        ],
        "Metascore": "62",
        "imdbRating": "8.1",
        "imdbVotes": "1,212,835",
        "imdbID": "tt0434409",
        "Type": "movie",
        "DVD": "N/A",
        "BoxOffice": "$70,511,035",
        "Production": "N/A",
        "Website": "N/A",
        "Response": "True"
    }
}