{
    "tmdb": {
        "adult": false,
        "backdrop_path": "/70AV2Xx5FQYj20labp0EGdbjI6E.jpg",
        "belongs_to_collection": null,
        "budget": 40000000,
        "genres": [
            {
                "id": 28,
                "name": "Action"
            },
            {
                "id": 80,
                "name": "Crime"
            },
            {
                "id": 53,
                "name": "Thriller"
            }
        ],
        "homepage": "https://www.miramax.com/movie/wrath-of-man",
        "id": 637649,
        "imdb_id": "tt11083552",
        "origin_country": [
            "US"
        ],
        "original_language": "en",
        "original_title": "Wrath of Man",
        "overview": "A cold and mysterious new security guard for a Los Angeles cash truck company surprises his co-workers when he unleashes precision skills during a heist. The crew is left wondering who he is and where he came from. Soon, the marksman's ultimate motive becomes clear as he takes dramatic and irrevocable steps to settle a score.",
        "popularity": 26.202,
        "poster_path": "/M7SUK85sKjaStg4TKhlAVyGlz3.jpg",
        "production_companies": [
            {
                "id": 14,
                "logo_path": "/m6AHu84oZQxvq7n1rsvMNJIAsMu.png",
                "name": "Miramax",
                "origin_country": "US"
            },
            {
                "id": 2900,
                "logo_path": null,
                "name": "Toff Guy Films",
                "origin_country": "GB"
            },
            {
                "id": 175813,
                "logo_path": null,
                "name": "Flic Films",
                "origin_country": "GB"
            }
        ],
        "production_countries": [
            {
                "iso_3166_1": "GB",
                "name": "United Kingdom"
            },
            {
                "iso_3166_1": "US",
                "name": "United States of America"
            }
        ],
        "release_date": "2021-04-22",
        "revenue": 103966489,
        "runtime": 118,
        "spoken_languages": [
            {
                "english_name": "English",
                "iso_639_1": "en",
                "name": "English"
            }
        ],
        "status": "Released",
        "tagline": "A Dark Spirit.",
        "title": "Wrath of Man",
        "video": false,
        "vote_average": 7.615,
        "vote_count": 5553
    },
    "omdb": {
        "Title": "Wrath of Man",
        "Year": "2021",
        "Rated": "R",
        "Released": "07 May 2021",
        "Runtime": "119 min",
        "Genre": "Action, Crime, Thriller",
        "Director": "Guy Ritchie",
        "Writer": "Nicolas Boukhrief, Éric Besnard, Guy Ritchie",
        "Actors": "Jason Statham, Holt McCallany, Josh Hartnett",
        "Plot": "A mysteriously stoic character is hired as a security guard by a cash truck company responsible for transporting a lot of money around Los Angeles each week.",
        "Language": "English, Spanish, Arabic",
        "Country": "United Kingdom, United States",
        "Awards": "1 nomination total",
        "Poster": "https://m.media-amazon.com/images/M/MV5BODE4ZGY4OTktNDBjMy00NGVkLTk5YWUtNjA3NGU3MTA5NzM0XkEyXkFqcGc@._V1_SX300.jpg",
        "Ratings": [
            {
                "Source": "Internet Movie Database",
                "Value": "7.1/10"
            },
            {
                "Source": "Rotten Tomatoes",
                "Value": "68%"
            },
            {
                "Source": "Metacritic",
                "Value": "57/100"
            }
        ],
        "Metascore": "57",
        "imdbRating": "7.1",
        "imdbVotes": "221,884",
        "imdbID": "tt11083552",
        "Type": "movie",
        "DVD": "N/A",
        "BoxOffice": "$27,466,489",
        "Production": "N/A",
        "Website": "N/A",
        "Response": "True"
    }
}