{
    "tmdb": {
        "adult": false,
        "backdrop_path": "/neeNHeXjMF5fXoCJRsOmkNGC7q.jpg",
        "belongs_to_collection": null,
        "budget": 100000000,
        "genres": [
            {
                "id": 18,
                "name": "Drama"
            },
            {
                "id": 36,
                "name": "History"
            }
        ],
        "homepage": "https://www.universalpictures.com/movies/oppenheimer",
        "id": 872585,
        "imdb_id": "tt15398776",
        "origin_country": [
            "US"
        ],
        "original_language": "en",
        "original_title": "Oppenheimer",
        "overview": "The story of J. Robert Oppenheimer's role in the development of the atomic bomb during World War II.",
        "popularity": 32.0938,
        "poster_path": "/8Gxv8gSFCU0XGDykEGv7zR1n2ua.jpg",
        "production_companies": [
            {
                "id": 9996,
                "logo_path": "/3tvBqYsBhxWeHlu62SIJ1el93O7.png",
                "name": "Syncopy",
                "origin_country": "GB"
            },
            {
                "id": 33,
                "logo_path": "/3wwjVpkZtnog6lSKzWDjvw2Yi00.png",
                "name": "Universal Pictures",
                "origin_country": "US"
            },
            {
                "id": 507,
                "logo_path": "/aRmHe6GWxYMRCQljF75rn2B9Gv8.png",
                "name": "Atlas Entertainment",
                "origin_country": "US"
            },
            {
                "id": 15123,
                "logo_path": null,
                "name": "Breakheart Films",
                "origin_country": "US"
            },
            {
                "id": 239215,
                "logo_path": null,
                "name": "Peters Creek Entertainment",
                "origin_country": "US"
            }
        ],
        "production_countries": [
            {
                "iso_3166_1": "GB",
                "name": "United Kingdom"
            },
            {
                "iso_3166_1": "US",
                "name": "United States of America"
            }
        ],
        "release_date": "2023-07-19",
        "revenue": 952000000,
        "runtime": 181,
        "spoken_languages": [
            {
                "english_name": "Dutch",
                "iso_639_1": "nl",
                "name": "Nederlands"
            },
            {
                "english_name": "English",
                "iso_639_1": "en",
                "name": "English"
            }
        ],
        "status": "Released",
        "tagline": "The man who moved the earth",
        "title": "Oppenheimer",
        "video": false,
        "vote_average": 8.061,
        "vote_count": 10166
    },
    "omdb": {
        "Title": "Oppenheimer",
        "Year": "2023",
        "Rated": "R",
        "Released": "21 Jul 2023",
        "Runtime": "180 min",
        "Genre": "Biography, Drama, History",
        "Director": "Christopher Nolan",
        "Writer": "Christopher Nolan, Kai Bird, Martin Sherwin",
        "Actors": "Cillian Murphy, Emily Blunt, Matt Damon",
        "Plot": "A dramatization of the life story of J. Robert Oppenheimer, the physicist who had a large hand in the development of the atomic bombs that brought an end to World War II.",
        "Language": "English, German, Italian, Dutch",
        "Country": "United States, United Kingdom",
        "Awards": "Won 7 Oscars. 361 wins & 371 nominations total",
        "Poster": "https://m.media-amazon.com/images/M/MV5BN2JkMDc5MGQtZjg3YS00NmFiLWIyZmQtZTJmNTM5MjVmYTQ4XkEyXkFqcGc@._V1_SX300.jpg",
        "Ratings": [
            {
                "Source": "Internet Movie Database",
                "Value": "8.3/10"
            },
            {
                "Source": "Rotten Tomatoes",
                "Value": "93%"
            },
            {
                "Source": "Metacritic",
                "Value": "90/100"
            }
        ],
        "Metascore": "90",
        "imdbRating": "8.3",
        "imdbVotes": "878,936",
        "imdbID": "tt15398776",
        "Type": "movie",
        "DVD": "N/A",
        "BoxOffice": "$330,078,895",
        "Production": "N/A",
        "Website": "N/A",
        "Response": "True"
    }
}