{
    "tmdb": {
        "adult": false,
        "backdrop_path": "/AeDS2MKGFy6QcjgWbJBde0Ga6Hd.jpg",
        "belongs_to_collection": null,
        "budget": 87500000,
        "genres": [
            {
                "id": 878,
                "name": "Science Fiction"
            },
            {
                "id": 18,
                "name": "Drama"
            }
        ],
        "homepage": "https://www.foxmovies.com/movies/ad-astra",
        "id": 419704,
        "imdb_id": "tt2935510",
        "origin_country": [
            "US"
        ],
        "original_language": "en",
        "original_title": "Ad Astra",
        "overview": "The near future, a time when both hope and hardships drive humanity to look to the stars and beyond. While a mysterious phenomenon menaces to destroy life on planet Earth, astronaut Roy McBride undertakes a mission across the immensity of space and its many perils to uncover the truth about a lost expedition that decades before boldly faced emptiness and silence in search of the unknown.",
        "popularity": 18.3543,
        "poster_path": "/xBHvZcjRiWyobQ9kxBhO6B2dtRI.jpg",
        "production_companies": [
            {
                "id": 490,
                "logo_path": "/80tMio7Jn0Zd0kOrLG5CKfq4G5i.png",
                "name": "New Regency Productions",
                "origin_country": "US"
            },
            {
                "id": 73492,
                "logo_path": "/bQzrYnomE5hIRJMxEy7e2SCYew3.png",
                "name": "MadRiver Pictures",
                "origin_country": "US"
            },
            {
                "id": 81,
                "logo_path": "/8wOfUhA7vwU2gbPjQy7Vv3EiF0o.png",
                "name": "Plan B Entertainment",
                "origin_country": "US"
            },
            {
                "id": 30666,
                "logo_path": "/g8LmDZVFWDRJW72sj0nAj1gh8ac.png",
                "name": "RT Features",
                "origin_country": "BR"
            },
            {
                "id": 30148,
                "logo_path": "/zerhOenUD6CkH8SMgZUhrDkOs4w.png",
                "name": "Bona Film Group",
                "origin_country": "CN"
            },
            {
                "id": 22213,
                "logo_path": "/qx9K6bFWJupwde0xQDwOvXkOaL8.png",
                "name": "TSG Entertainment",
                "origin_country": "US"
            },
            {
                "id": 19671,
                "logo_path": "/8g2hBphdYM8Fc5r4o0hfGXBnquv.png",
                "name": "Keep Your Head Productions",
                "origin_country": "US"
            },
            {
                "id": 25,
                "logo_path": "/qZCc1lty5FzX30aOCVRBLzaVmcp.png",
                "name": "20th Century Fox",
                "origin_country": "US"
            }
        ],
        "production_countries": [
            {
                "iso_3166_1": "BR",
                "name": "Brazil"
            },
            {
                "iso_3166_1": "CN",
                "name": "China"
            },
            {
                "iso_3166_1": "US",
                "name": "United States of America"
            }
        ],
        "release_date": "2019-09-17",
        "revenue": 127461872,
        "runtime": 123,
        "spoken_languages": [
            {
                "english_name": "English",
                "iso_639_1": "en",
                "name": "English"
            },
            {
                "english_name": "Norwegian",
                "iso_639_1": "no",
                "name": "Norsk"
            }
        ],
        "status": "Released",
        "tagline": "The answers we seek are just outside our reach.",
        "title": "Ad Astra",
        "video": false,
        "vote_average": 6.113,
        "vote_count": 6772
    },
    "omdb": {
        "Title": "Ad Astra",
        "Year": "2019",
        "Rated": "PG-13",
        "Released": "20 Sep 2019",
        "Runtime": "123 min",
        "Genre": "Adventure, Drama, Mystery",
        "Director": "James Gray",
        "Writer": "James Gray, Ethan Gross",
        "Actors": "Brad Pitt, Tommy Lee Jones, Ruth Negga",
        "Plot": "Astronaut Roy McBride undertakes a mission across an unforgiving solar system to uncover the truth about his missing father and his doomed expedition that now, 30 years later, threatens the universe.",
        "Language": "English, Norwegian",
        "Country": "United States, China, Brazil",
        "Awards": "Nominated for 1 Oscar. 13 wins & 76 nominations total",
        "Poster": "https://m.media-amazon.com/images/M/MV5BOGRhOGNjZjEtNTU2Ni00MDlmLWI3MWEtNzc1OGE2ZmEwZGNhXkEyXkFqcGc@._V1_SX300.jpg",
        "Ratings": [
            {
                "Source": "Internet Movie Database",
                "Value": "6.5/10"
            },
            {
                "Source": "Rotten Tomatoes",
                "Value": "83%"
            },
            {
                "Source": "Metacritic",
                "Value": "80/100"
            }
        ],
        "Metascore": "80",
        "imdbRating": "6.5",
        "imdbVotes": "269,636",
        "imdbID": "tt2935510",
        "Type": "movie",
        "DVD": "N/A",
        "BoxOffice": "$50,188,370",
        "Production": "N/A",
        "Website": "N/A",
        "Response": "True"
    }
}