{
    "tmdb": {
        "adult": false,
        "backdrop_path": "/icmmSD4vTTDKOq2vvdulafOGw93.jpg",
        "belongs_to_collection": {
            "id": 2344,
            "name": "The Matrix Collection",
            "poster_path": "/bV9qTVHTVf0gkW0j7p7M0ILD4pG.jpg",
            "backdrop_path": "/bRm2DEgUiYciDw3myHuYFInD7la.jpg"
        },
        "budget": 63000000,
        "genres": [
            {
                "id": 28,
                "name": "Action"
            },
            {
                "id": 878,
                "name": "Science Fiction"
            }
        ],
        "homepage": "http://www.warnerbros.com/matrix",
        "id": 603,
        "imdb_id": "tt0133093",
        "origin_country": [
            "US"
        ],
        "original_language": "en",
        "original_title": "The Matrix",
        "overview": "Set in the 22nd century, The Matrix tells the story of a computer hacker who joins a group of underground insurgents fighting the vast and powerful computers who now rule the earth.",
        "popularity": 32.7892,
        "poster_path": "/dXNAPwY7VrqMAo51EKhhCJfaGb5.jpg",
        "production_companies": [
            {
                "id": 79,
                "logo_path": "/at4uYdwAAgNRKhZuuFX8ShKSybw.png",
                "name": "Village Roadshow Pictures",
                "origin_country": "US"
            },
            {
                "id": 372,
                "logo_path": null,
                "name": "Groucho II Film Partnership",
                "origin_country": ""
            },
            {
                "id": 1885,
                "logo_path": "/xlvoOZr4s1PygosrwZyolIFe5xs.png",
                "name": "Silver Pictures",
                "origin_country": "US"
            },
            {
                "id": 174,
                "logo_path": "/zhD3hhtKB5qyv7ZeL4uLpNxgMVU.png",
                "name": "Warner Bros. Pictures",
                "origin_country": "US"
            }
        ],
        "production_countries": [
            {
                "iso_3166_1": "US",
                "name": "United States of America"
            }
        ],
        "release_date": "1999-03-31",
        "revenue": 463517383,
        "runtime": 136,
        "spoken_languages": [
            {
                "english_name": "English",
                "iso_639_1": "en",
                "name": "English"
            }
        ],
        "status": "Released",
        "tagline": "Believe the unbelievable.",
        "title": "The Matrix",
        "video": false,
        "vote_average": 8.224,
        "vote_count": 26315
    },
    "omdb": {
        "Title": "The Matrix",
        "Year": "1999",
        "Rated": "R",
        "Released": "31 Mar 1999",
        "Runtime": "136 min",
        "Genre": "Action, Sci-Fi",
        "Director": "Lana Wachowski, Lilly Wachowski",
        "Writer": "Lilly Wachowski, Lana Wachowski",
        "Actors": "Keanu Reeves, Laurence Fishburne, Carrie-Anne Moss",
        "Plot": "When a beautiful stranger leads computer hacker Neo to a forbidding underworld, he discovers the shocking truth--the life he knows is the elaborate deception of an evil cyber-intelligence.",
        "Language": "English",
        "Country": "United States, Australia",
        "Awards": "Won 4 Oscars. 42 wins & 52 nominations total",
        "Poster": "https://m.media-amazon.com/images/M/MV5BN2NmN2VhMTQtMDNiOS00NDlhLTliMjgtODE2ZTY0ODQyNDRhXkEyXkFqcGc@._V1_SX300.jpg",
        "Ratings": [
            {
                "Source": "Internet Movie Database",
                "Value": "8.7/10"
            },
            {
                "Source": "Rotten Tomatoes",
                "Value": "83%"
            },
            {
                "Source": "Metacritic",
                "Value": "73/100"
            }
        ],
        "Metascore": "73",
        "imdbRating": "8.7",
        "imdbVotes": "2,147,060",
        "imdbID": "tt0133093",
        "Type": "movie",
        "DVD": "N/A",
        "BoxOffice": "$172,076,928",
        "Production": "N/A",
        "Website": "N/A",
        "Response": "True"
    }
}