{
    "tmdb": {
        "adult": false,
        "backdrop_path": "/517uHmTS9Z9nUWBe0gcFaoehNk6.jpg",
        "belongs_to_collection": null,
        "budget": 3000000,
        "genres": [
            {
                "id": 27,
                "name": "Horror"
            },
            {
                "id": 35,
                "name": "Comedy"
            },
            {
                "id": 9648,
                "name": "Mystery"
            }
        ],
        "homepage": "https://neonrated.com/films/hell-of-a-summer",
        "id": 999243,
        "imdb_id": "tt21267296",
        "origin_country": [
            "US"
        ],
        "original_language": "en",
        "original_title": "Hell of a Summer",
        "overview": "When 24-year-old Jason Hochberg arrives for counsellor weekend at his beloved Camp Pineway, his biggest problem is feeling out of touch with his teenage co-workers. Little does he know; a masked killer has murdered camp owners John and Kathy and is preparing to strike again.",
        "popularity": 14.3015,
        "poster_path": "/wmSCSKUI15Q2pApB5f3oEl0EQuE.jpg",
        "production_companies": [
            {
                "id": 104363,
                "logo_path": "/tKIimrvYUH02D4km00lCEDUYvIF.png",
                "name": "30WEST",
                "origin_country": "US"
            },
            {
                "id": 37361,
                "logo_path": "/xpbUNXnrMeEK1ynbqVnHp8ZOVKW.png",
                "name": "Aggregate Films",
                "origin_country": "US"
            },
            {
                "id": 257848,
                "logo_path": null,
                "name": "Kid Brother Productions",
                "origin_country": ""
            }
        ],
        "production_countries": [
            {
                "iso_3166_1": "US",
                "name": "United States of America"
            }
        ],
        "release_date": "2025-04-03",
        "revenue": 3182680,
        "runtime": 88,
        "spoken_languages": [
            {
                "english_name": "English",
                "iso_639_1": "en",
                "name": "English"
            }
        ],
        "status": "Released",
        "tagline": "Pack your body bags.",
        "title": "Hell of a Summer",
        "video": false,
        "vote_average": 5.4,
        "vote_count": 21
    },
    "omdb": {
        "Title": "Hell of a Summer",
        "Year": "2023",
        "Rated": "N/A",
        "Released": "10 Sep 2023",
        "Runtime": "88 min",
        "Genre": "Comedy, Horror",
        "Director": "Billy Bryk, Finn Wolfhard",
        "Writer": "Billy Bryk, Finn Wolfhard",
        "Actors": "Finn Wolfhard, Fred Hechinger, Pardis Saremi",
        "Plot": "The counselors of a summer camp are terrorized by a masked killer.",
        "Language": "English",
        "Country": "United States, Canada",
        "Awards": "1 nomination",
        "Poster": "https://m.media-amazon.com/images/M/MV5BYmUzNTBjMjEtOTI5NC00ODZjLTgxNDYtYzJmYTA3MjRkMmRjXkEyXkFqcGc@._V1_SX300.jpg",
        "Ratings": [
            {
                "Source": "Internet Movie Database",
                "Value": "5.9/10"
            },
            {
                "Source": "Rotten Tomatoes",
                "Value": "54%"
            }
        ],
        "Metascore": "N/A",
        "imdbRating": "5.9",
        "imdbVotes": "121",
        "imdbID": "tt21267296",
        "Type": "movie",
        "DVD": "N/A",
        "BoxOffice": "N/A",
        "Production": "N/A",
        "Website": "N/A",
        "Response": "True"
    }
}