{
    "tmdb": {
        "adult": false,
        "backdrop_path": "/nP3y0TkR6XniFs9J53qQkg4Bnnk.jpg",
        "belongs_to_collection": {
            "id": 99606,
            "name": "Mean Girls Collection",
            "poster_path": "/b0aOhsIeoDQoVhq0BuooXuMaVXI.jpg",
            "backdrop_path": "/qCyRzC5EibFNCL8gzLVqgSvYvsB.jpg"
        },
        "budget": 17000000,
        "genres": [
            {
                "id": 18,
                "name": "Drama"
            },
            {
                "id": 35,
                "name": "Comedy"
            }
        ],
        "homepage": "http://www.meangirls.com/",
        "id": 10625,
        "imdb_id": "tt0377092",
        "origin_country": [
            "US"
        ],
        "original_language": "en",
        "original_title": "Mean Girls",
        "overview": "Cady Heron is a hit with The Plastics, the A-list girl clique at her new school, until she makes the mistake of falling for Aaron Samuels, the ex-boyfriend of alpha Plastic Regina George.",
        "popularity": 15.8905,
        "poster_path": "/alKvY5LuVcXraRBfi5UtVV8Ii6Y.jpg",
        "production_companies": [
            {
                "id": 1756,
                "logo_path": "/d7YyNzysIF0lSb4lJRf1ar6MHxi.png",
                "name": "Broadway Video",
                "origin_country": "US"
            },
            {
                "id": 4,
                "logo_path": "/gz66EfNoYPqHTYI4q9UEN4CbHRc.png",
                "name": "Paramount Pictures",
                "origin_country": "US"
            },
            {
                "id": 89094,
                "logo_path": null,
                "name": "M.G. Films",
                "origin_country": ""
            }
        ],
        "production_countries": [
            {
                "iso_3166_1": "US",
                "name": "United States of America"
            }
        ],
        "release_date": "2004-04-30",
        "revenue": 130161094,
        "runtime": 97,
        "spoken_languages": [
            {
                "english_name": "Swahili",
                "iso_639_1": "sw",
                "name": "Kiswahili"
            },
            {
                "english_name": "English",
                "iso_639_1": "en",
                "name": "English"
            },
            {
                "english_name": "German",
                "iso_639_1": "de",
                "name": "Deutsch"
            },
            {
                "english_name": "Vietnamese",
                "iso_639_1": "vi",
                "name": "Tiếng Việt"
            }
        ],
        "status": "Released",
        "tagline": "Watch your back.",
        "title": "Mean Girls",
        "video": false,
        "vote_average": 7.217,
        "vote_count": 8982
    },
    "omdb": {
        "Title": "Mean Girls",
        "Year": "2004",
        "Rated": "PG-13",
        "Released": "30 Apr 2004",
        "Runtime": "97 min",
        "Genre": "Comedy",
        "Director": "Mark Waters",
        "Writer": "Rosalind Wiseman, Tina Fey",
        "Actors": "Lindsay Lohan, Jonathan Bennett, Rachel McAdams",
        "Plot": "Cady Heron is a hit with The Plastics, the A-list girl clique at her new school, until she makes the mistake of falling for Aaron Samuels, the ex-boyfriend of alpha Plastic Regina George.",
        "Language": "English, German, Vietnamese, Swahili",
        "Country": "United States, Canada",
        "Awards": "7 wins & 25 nominations total",
        "Poster": "https://m.media-amazon.com/images/M/MV5BMjE1MDQ4MjI1OV5BMl5BanBnXkFtZTcwNzcwODAzMw@@._V1_SX300.jpg",
        "Ratings": [
            {
                "Source": "Internet Movie Database",
                "Value": "7.1/10"
            },
            {
                "Source": "Rotten Tomatoes",
                "Value": "84%"
            },
            {
                "Source": "Metacritic",
                "Value": "66/100"
            }
        ],
        "Metascore": "66",
        "imdbRating": "7.1",
        "imdbVotes": "456,237",
        "imdbID": "tt0377092",
        "Type": "movie",
        "DVD": "N/A",
        "BoxOffice": "$86,058,055",
        "Production": "N/A",
        "Website": "N/A",
        "Response": "True"
    }
}