{
    "tmdb": {
        "adult": false,
        "backdrop_path": "/9nhjGaFLKtddDPtPaX5EmKqsWdH.jpg",
        "belongs_to_collection": null,
        "budget": 70000000,
        "genres": [
            {
                "id": 10749,
                "name": "Romance"
            },
            {
                "id": 878,
                "name": "Science Fiction"
            },
            {
                "id": 53,
                "name": "Thriller"
            }
        ],
        "homepage": "https://tv.apple.com/movie/umc.cmc.26o403koqo2klixc0jtqy6tmc",
        "id": 950396,
        "imdb_id": "tt13654226",
        "origin_country": [
            "US"
        ],
        "original_language": "en",
        "original_title": "The Gorge",
        "overview": "Two highly-trained operatives are appointed to posts in guard towers on opposite sides of a vast and highly classified gorge, protecting the world from an undisclosed, mysterious evil that lurks within. They bond from a distance while trying to stay vigilant in defending against an unseen enemy. When the cataclysmic threat to humanity is revealed to them, they must work together in a test of both their physical and mental strength to keep the secret in the gorge before it’s too late.",
        "popularity": 71.9994,
        "poster_path": "/7iMBZzVZtG0oBug4TfqDb9ZxAOa.jpg",
        "production_companies": [
            {
                "id": 82819,
                "logo_path": "/gXfFl9pRPaoaq14jybEn1pHeldr.png",
                "name": "Skydance Media",
                "origin_country": "US"
            },
            {
                "id": 162439,
                "logo_path": "/h9hG1svKeylr9KqUOGmO4i3wRP0.png",
                "name": "Crooked Highway",
                "origin_country": "US"
            },
            {
                "id": 194232,
                "logo_path": "/oE7H93u8sy5vvW5EH3fpCp68vvB.png",
                "name": "Apple Studios",
                "origin_country": "US"
            }
        ],
        "production_countries": [
            {
                "iso_3166_1": "US",
                "name": "United States of America"
            }
        ],
        "release_date": "2025-02-13",
        "revenue": 0,
        "runtime": 127,
        "spoken_languages": [
            {
                "english_name": "English",
                "iso_639_1": "en",
                "name": "English"
            },
            {
                "english_name": "Lithuanian",
                "iso_639_1": "lt",
                "name": "Lietuvių"
            }
        ],
        "status": "Released",
        "tagline": "The world's most dangerous secret lies between them.",
        "title": "The Gorge",
        "video": false,
        "vote_average": 7.73,
        "vote_count": 2476
    },
    "omdb": {
        "Title": "The Gorge",
        "Year": "2025",
        "Rated": "PG-13",
        "Released": "14 Feb 2025",
        "Runtime": "127 min",
        "Genre": "Action, Adventure, Horror",
        "Director": "Scott Derrickson",
        "Writer": "Zach Dean",
        "Actors": "Miles Teller, Anya Taylor-Joy, Sigourney Weaver",
        "Plot": "Two highly-trained operatives become close after being sent to protect opposite sides of a mysterious gorge. When an evil emerges, they must work together to survive what lies within.",
        "Language": "English, Lithuanian",
        "Country": "United Kingdom, United States",
        "Awards": "N/A",
        "Poster": "https://m.media-amazon.com/images/M/MV5BOTQ5Y2QyYTktYmFmZi00NWJlLWE0MzgtYTA4M2I0ZjQwZjcxXkEyXkFqcGc@._V1_SX300.jpg",
        "Ratings": [
            {
                "Source": "Internet Movie Database",
                "Value": "6.7/10"
            },
            {
                "Source": "Rotten Tomatoes",
                "Value": "63%"
            },
            {
                "Source": "Metacritic",
                "Value": "57/100"
            }
        ],
        "Metascore": "57",
        "imdbRating": "6.7",
        "imdbVotes": "105,571",
        "imdbID": "tt13654226",
        "Type": "movie",
        "DVD": "N/A",
        "BoxOffice": "N/A",
        "Production": "N/A",
        "Website": "N/A",
        "Response": "True"
    }
}