{
    "tmdb": {
        "adult": false,
        "backdrop_path": "/8I9nnpZNjjP9J2ZPpg3DP94mX2U.jpg",
        "belongs_to_collection": null,
        "budget": 0,
        "genres": [
            {
                "id": 16,
                "name": "Animation"
            },
            {
                "id": 18,
                "name": "Drama"
            },
            {
                "id": 10749,
                "name": "Romance"
            },
            {
                "id": 14,
                "name": "Fantasy"
            },
            {
                "id": 878,
                "name": "Science Fiction"
            }
        ],
        "homepage": "https://tunneltosummerfilm.co.uk",
        "id": 916192,
        "imdb_id": "tt17382524",
        "origin_country": [
            "JP"
        ],
        "original_language": "ja",
        "original_title": "夏へのトンネル、さよならの出口",
        "overview": "Urashima Tunnel – Once you enter that tunnel, you can get whatever you want, but at a price. Kaoru Tohno, who seems to have an elusive personality and traumatic past, and Anzu Hanashiro, who is struggling to reconcile her ideal image and true-to-heart attitude, team up to investigate the Urashima Tunnel and get what they want. This is an unforgettable summer story of nostalgia and sprinting in a remote countryside.",
        "popularity": 16.0815,
        "poster_path": "/5AGA6pbBKXZTI8k1c6odx30JuQR.jpg",
        "production_companies": [
            {
                "id": 129814,
                "logo_path": "/3XwDAcqR8U7f2IxY6a9Fl3Zz3Sp.png",
                "name": "CLAP",
                "origin_country": "JP"
            },
            {
                "id": 9148,
                "logo_path": "/rtW3NadfF4kR5mTW00ahiFxw6k7.png",
                "name": "Pony Canyon",
                "origin_country": "JP"
            },
            {
                "id": 9149,
                "logo_path": "/isLUpud9N56ifftJZ4XvzwBBpoG.png",
                "name": "Shogakukan",
                "origin_country": "JP"
            },
            {
                "id": 4719,
                "logo_path": "/b3smsDQQ2UEwqToJbVTlT4kgXBk.png",
                "name": "Sotsu",
                "origin_country": "JP"
            },
            {
                "id": 91520,
                "logo_path": "/wdcFLdFVOPEm3uEp6Hb9OXgi5Zd.png",
                "name": "STUDIO MAUSU",
                "origin_country": "JP"
            },
            {
                "id": 7549,
                "logo_path": "/bXc1vp0lER6PDHtsVe12pSPwNkv.png",
                "name": "Kansai Television",
                "origin_country": "JP"
            }
        ],
        "production_countries": [
            {
                "iso_3166_1": "JP",
                "name": "Japan"
            }
        ],
        "release_date": "2022-09-09",
        "revenue": 872000,
        "runtime": 83,
        "spoken_languages": [
            {
                "english_name": "Japanese",
                "iso_639_1": "ja",
                "name": "日本語"
            }
        ],
        "status": "Released",
        "tagline": "A mysterious tunnel can grant your fondest wish... but at a price.",
        "title": "The Tunnel to Summer, the Exit of Goodbyes",
        "video": false,
        "vote_average": 7.726,
        "vote_count": 208
    },
    "omdb": {
        "Title": "The Tunnel to Summer, the Exit of Goodbyes",
        "Year": "2022",
        "Rated": "TV-14",
        "Released": "09 Sep 2022",
        "Runtime": "85 min",
        "Genre": "Animation, Drama, Fantasy",
        "Director": "Tomohisa Taguchi",
        "Writer": "Mei Hachimoku, Tomohisa Taguchi",
        "Actors": "Oji Suzuka, Marie Iitoyo, Tasuku Hatanaka",
        "Plot": "In a sleepy country town, a traumatized boy and a transfer student from Tokyo stumble upon a time-bending tunnel that may grant them their every wish.",
        "Language": "Japanese, English",
        "Country": "Japan",
        "Awards": "2 wins & 2 nominations total",
        "Poster": "https://m.media-amazon.com/images/M/MV5BZDc2MzgxZGItYzBmNi00YjM2LWI2NTQtODg4OWFjNDZkM2E3XkEyXkFqcGc@._V1_SX300.jpg",
        "Ratings": [
            {
                "Source": "Internet Movie Database",
                "Value": "7.0/10"
            },
            {
                "Source": "Rotten Tomatoes",
                "Value": "92%"
            }
        ],
        "Metascore": "N/A",
        "imdbRating": "7.0",
        "imdbVotes": "4,196",
        "imdbID": "tt17382524",
        "Type": "movie",
        "DVD": "N/A",
        "BoxOffice": "$125,067",
        "Production": "N/A",
        "Website": "N/A",
        "Response": "True"
    }
}