{
    "tmdb": {
        "adult": false,
        "backdrop_path": "/pgG6tzJzC8mjGqhaT8IWwEk00xf.jpg",
        "belongs_to_collection": {
            "id": 2883,
            "name": "Kill Bill Collection",
            "poster_path": "/tf1nUtw3LJGUGv1EFFi23iz6ngr.jpg",
            "backdrop_path": "/voSMLsbi3f0YMGuC8DvflOEB3lo.jpg"
        },
        "budget": 30000000,
        "genres": [
            {
                "id": 28,
                "name": "Action"
            },
            {
                "id": 80,
                "name": "Crime"
            },
            {
                "id": 53,
                "name": "Thriller"
            }
        ],
        "homepage": "",
        "id": 393,
        "imdb_id": "tt0378194",
        "origin_country": [
            "US"
        ],
        "original_language": "en",
        "original_title": "Kill Bill: Vol. 2",
        "overview": "The Bride unwaveringly continues on her roaring rampage of revenge against the band of assassins who had tried to kill her and her unborn child. She visits each of her former associates one-by-one, checking off the victims on her Death List Five until there's nothing left to do … but kill Bill.",
        "popularity": 14.7198,
        "poster_path": "/2yhg0mZQMhDyvUQ4rG1IZ4oIA8L.jpg",
        "production_companies": [
            {
                "id": 39121,
                "logo_path": null,
                "name": "Super Cool ManChu",
                "origin_country": "US"
            },
            {
                "id": 14,
                "logo_path": "/m6AHu84oZQxvq7n1rsvMNJIAsMu.png",
                "name": "Miramax",
                "origin_country": "US"
            },
            {
                "id": 59,
                "logo_path": "/b1tj5EWcFQLYaQrw1D9V4s8kUgN.png",
                "name": "A Band Apart",
                "origin_country": "US"
            }
        ],
        "production_countries": [
            {
                "iso_3166_1": "US",
                "name": "United States of America"
            }
        ],
        "release_date": "2004-04-16",
        "revenue": 152159461,
        "runtime": 136,
        "spoken_languages": [
            {
                "english_name": "English",
                "iso_639_1": "en",
                "name": "English"
            },
            {
                "english_name": "Mandarin",
                "iso_639_1": "zh",
                "name": "普通话"
            },
            {
                "english_name": "Spanish",
                "iso_639_1": "es",
                "name": "Español"
            },
            {
                "english_name": "Cantonese",
                "iso_639_1": "cn",
                "name": "广州话 / 廣州話"
            }
        ],
        "status": "Released",
        "tagline": "The bride is back for the final cut.",
        "title": "Kill Bill: Vol. 2",
        "video": false,
        "vote_average": 7.875,
        "vote_count": 14210
    },
    "omdb": {
        "Title": "Kill Bill: Vol. 2",
        "Year": "2004",
        "Rated": "R",
        "Released": "16 Apr 2004",
        "Runtime": "137 min",
        "Genre": "Action, Crime, Thriller",
        "Director": "Quentin Tarantino",
        "Writer": "Quentin Tarantino, Uma Thurman",
        "Actors": "Uma Thurman, David Carradine, Michael Madsen",
        "Plot": "The Bride continues her quest of vengeance against her former boss and lover Bill, the reclusive bouncer Budd, and the treacherous, one-eyed Elle.",
        "Language": "English, Cantonese, Mandarin, Spanish",
        "Country": "United States",
        "Awards": "23 wins & 84 nominations total",
        "Poster": "https://m.media-amazon.com/images/M/MV5BY2FiNzhiZTctNzU1Mi00NDkwLWExNDMtZTg0MjYyNzhkNWNkXkEyXkFqcGc@._V1_SX300.jpg",
        "Ratings": [
            {
                "Source": "Internet Movie Database",
                "Value": "8.0/10"
            },
            {
                "Source": "Rotten Tomatoes",
                "Value": "84%"
            },
            {
                "Source": "Metacritic",
                "Value": "83/100"
            }
        ],
        "Metascore": "83",
        "imdbRating": "8.0",
        "imdbVotes": "830,801",
        "imdbID": "tt0378194",
        "Type": "movie",
        "DVD": "N/A",
        "BoxOffice": "$66,208,183",
        "Production": "N/A",
        "Website": "N/A",
        "Response": "True"
    }
}