{
    "tmdb": {
        "adult": false,
        "backdrop_path": "/i1gu3Pz0neavRcPs6XVmnEb1elS.jpg",
        "belongs_to_collection": {
            "id": 607112,
            "name": "Hell House LLC Collection",
            "poster_path": "/i2asszAuJlGyy7XSMadETGdMLB0.jpg",
            "backdrop_path": "/8gB33KsBBxfaBBzrbWtm79ygbp1.jpg"
        },
        "budget": 0,
        "genres": [
            {
                "id": 27,
                "name": "Horror"
            },
            {
                "id": 9648,
                "name": "Mystery"
            },
            {
                "id": 53,
                "name": "Thriller"
            }
        ],
        "homepage": "http://www.hellhousellc.com/",
        "id": 359246,
        "imdb_id": "tt4267026",
        "origin_country": [
            "US"
        ],
        "original_language": "en",
        "original_title": "Hell House LLC",
        "overview": "Five years after an unexplained malfunction causes the death of 15 tour-goers and staff on the opening night of a Halloween haunted house tour, a documentary crew travels back to the scene of the tragedy to find out what really happened.",
        "popularity": 65.4273,
        "poster_path": "/cWVsgCuLaPub8wD5cMBVIxFZaVc.jpg",
        "production_companies": [
            {
                "id": 62981,
                "logo_path": null,
                "name": "Cognetti Films",
                "origin_country": ""
            },
            {
                "id": 209454,
                "logo_path": null,
                "name": "Marlyous' Boys",
                "origin_country": ""
            }
        ],
        "production_countries": [
            {
                "iso_3166_1": "US",
                "name": "United States of America"
            }
        ],
        "release_date": "2015-10-16",
        "revenue": 0,
        "runtime": 93,
        "spoken_languages": [
            {
                "english_name": "English",
                "iso_639_1": "en",
                "name": "English"
            }
        ],
        "status": "Released",
        "tagline": "New York's Scariest Haunted House Tour.",
        "title": "Hell House LLC",
        "video": false,
        "vote_average": 6.476,
        "vote_count": 512
    },
    "omdb": {
        "Title": "Hell House LLC",
        "Year": "2015",
        "Rated": "Not Rated",
        "Released": "01 Nov 2016",
        "Runtime": "93 min",
        "Genre": "Horror, Mystery",
        "Director": "Stephen Cognetti",
        "Writer": "Stephen Cognetti",
        "Actors": "Gore Abrams, Alice Bahlke, Danny Bellini",
        "Plot": "Five years after an unexplained malfunction causes the death of 15 tour-goers and staff on the opening night of a Halloween haunted house tour, a documentary crew travels back to the scene of the tragedy to find out what really ha...",
        "Language": "English",
        "Country": "United States",
        "Awards": "N/A",
        "Poster": "https://m.media-amazon.com/images/M/MV5BNDU2YTZhZTEtNjQ2Mi00ZTlkLWFhNTctNDAyNGNjNTVlYzdkXkEyXkFqcGc@._V1_SX300.jpg",
        "Ratings": [
            {
                "Source": "Internet Movie Database",
                "Value": "6.4/10"
            },
            {
                "Source": "Rotten Tomatoes",
                "Value": "70%"
            }
        ],
        "Metascore": "N/A",
        "imdbRating": "6.4",
        "imdbVotes": "29,854",
        "imdbID": "tt4267026",
        "Type": "movie",
        "DVD": "N/A",
        "BoxOffice": "N/A",
        "Production": "N/A",
        "Website": "N/A",
        "Response": "True"
    }
}