{
    "tmdb": {
        "adult": false,
        "backdrop_path": "/zViRwl3ySscZnbXZJ2Q9wq3SeUG.jpg",
        "belongs_to_collection": null,
        "budget": 75000000,
        "genres": [
            {
                "id": 16,
                "name": "Animation"
            },
            {
                "id": 878,
                "name": "Science Fiction"
            },
            {
                "id": 12,
                "name": "Adventure"
            },
            {
                "id": 10751,
                "name": "Family"
            }
        ],
        "homepage": "https://www.transformersmovie.com",
        "id": 698687,
        "imdb_id": "tt8864596",
        "origin_country": [
            "US"
        ],
        "original_language": "en",
        "original_title": "Transformers One",
        "overview": "The untold origin story of Optimus Prime and Megatron, better known as sworn enemies, but once were friends bonded like brothers who changed the fate of Cybertron forever.",
        "popularity": 30.6759,
        "poster_path": "/iRCgqpdVE4wyLQvGYU3ZP7pAtUc.jpg",
        "production_companies": [
            {
                "id": 24955,
                "logo_path": "/pUZAeCMZlLBBUItAl11Ip2XikdD.png",
                "name": "Paramount Animation",
                "origin_country": "US"
            },
            {
                "id": 435,
                "logo_path": "/AjzK0s2w1GtLfR4hqCjVSYi0Sr8.png",
                "name": "di Bonaventura Pictures",
                "origin_country": "US"
            },
            {
                "id": 38831,
                "logo_path": null,
                "name": "DeSanto/Murphy Productions",
                "origin_country": "US"
            },
            {
                "id": 6734,
                "logo_path": "/u55FhlG6vFNzSVKLcmnFFwLb2cc.png",
                "name": "Bay Films",
                "origin_country": "US"
            },
            {
                "id": 114732,
                "logo_path": "/tNCbisMxO5mX2X2bOQxHHQZVYnT.png",
                "name": "New Republic Pictures",
                "origin_country": "US"
            },
            {
                "id": 207846,
                "logo_path": "/1Qep9fdnqCjWFKYpwNvwy2zoRNQ.png",
                "name": "Hasbro Entertainment",
                "origin_country": "US"
            }
        ],
        "production_countries": [
            {
                "iso_3166_1": "US",
                "name": "United States of America"
            }
        ],
        "release_date": "2024-09-11",
        "revenue": 128888103,
        "runtime": 104,
        "spoken_languages": [
            {
                "english_name": "English",
                "iso_639_1": "en",
                "name": "English"
            }
        ],
        "status": "Released",
        "tagline": "Witness the origin.",
        "title": "Transformers One",
        "video": false,
        "vote_average": 8.1,
        "vote_count": 1206
    },
    "omdb": {
        "Title": "Transformers One",
        "Year": "2024",
        "Rated": "PG",
        "Released": "20 Sep 2024",
        "Runtime": "104 min",
        "Genre": "Animation, Action, Adventure",
        "Director": "Josh Cooley",
        "Writer": "Eric Pearson, Andrew Barrer, Gabriel Ferrari",
        "Actors": "Chris Hemsworth, Brian Tyree Henry, Scarlett Johansson",
        "Plot": "The untold origin story of Optimus Prime and Megatron, better known as sworn enemies, but who once were friends bonded like brothers who changed the fate of Cybertron forever.",
        "Language": "English",
        "Country": "United States",
        "Awards": "22 nominations total",
        "Poster": "https://m.media-amazon.com/images/M/MV5BZWI1ZDY1YTQtMjRkNy00ZDZhLWE3OTItMTIwNzliY2Y1MTZhXkEyXkFqcGc@._V1_SX300.jpg",
        "Ratings": [
            {
                "Source": "Internet Movie Database",
                "Value": "7.6/10"
            },
            {
                "Source": "Rotten Tomatoes",
                "Value": "89%"
            },
            {
                "Source": "Metacritic",
                "Value": "65/100"
            }
        ],
        "Metascore": "65",
        "imdbRating": "7.6",
        "imdbVotes": "50,415",
        "imdbID": "tt8864596",
        "Type": "movie",
        "DVD": "N/A",
        "BoxOffice": "$59,098,421",
        "Production": "N/A",
        "Website": "N/A",
        "Response": "True"
    }
}