{
    "tmdb": {
        "adult": false,
        "backdrop_path": "/y8Mabq84N0d5fm83CWb9Zkltkwr.jpg",
        "belongs_to_collection": {
            "id": 1234824,
            "name": "The Polar Express Collection",
            "poster_path": "/a3WAqOvRUCmeWmdCakbAHBxu4a7.jpg",
            "backdrop_path": null
        },
        "budget": 165000000,
        "genres": [
            {
                "id": 16,
                "name": "Animation"
            },
            {
                "id": 12,
                "name": "Adventure"
            },
            {
                "id": 10751,
                "name": "Family"
            },
            {
                "id": 14,
                "name": "Fantasy"
            }
        ],
        "homepage": "",
        "id": 5255,
        "imdb_id": "tt0338348",
        "origin_country": [
            "US"
        ],
        "original_language": "en",
        "original_title": "The Polar Express",
        "overview": "When a doubting young boy takes an extraordinary train ride to the North Pole, he embarks on a journey of self-discovery that shows him that the wonder of life never fades for those who believe.",
        "popularity": 13.5035,
        "poster_path": "/e2UJ2Y67txlNVGSRU04emZ3GDQw.jpg",
        "production_companies": [
            {
                "id": 1867,
                "logo_path": "/j5HFzFmRrjOEpJg6jySl9z2QfLm.png",
                "name": "Golden Mean",
                "origin_country": ""
            },
            {
                "id": 4171,
                "logo_path": "/cdwjRVcXP9zws9gkiim0KkBNs9N.png",
                "name": "Playtone",
                "origin_country": "US"
            },
            {
                "id": 11395,
                "logo_path": "/5vSBzUwnCcaF90ZTchG3LwRKQ2M.png",
                "name": "ImageMovers",
                "origin_country": "US"
            },
            {
                "id": 97,
                "logo_path": "/7znWcbDd4PcJzJUlJxYqAlPPykp.png",
                "name": "Castle Rock Entertainment",
                "origin_country": "US"
            },
            {
                "id": 2265,
                "logo_path": "/Pt0geXD3kQs2H5WSTreYV8MzRe.png",
                "name": "Shangri-La Entertainment",
                "origin_country": "US"
            }
        ],
        "production_countries": [
            {
                "iso_3166_1": "US",
                "name": "United States of America"
            }
        ],
        "release_date": "2004-11-10",
        "revenue": 318432432,
        "runtime": 100,
        "spoken_languages": [
            {
                "english_name": "English",
                "iso_639_1": "en",
                "name": "English"
            }
        ],
        "status": "Released",
        "tagline": "This holiday season... believe.",
        "title": "The Polar Express",
        "video": false,
        "vote_average": 6.719,
        "vote_count": 6482
    },
    "omdb": {
        "Title": "The Polar Express",
        "Year": "2004",
        "Rated": "G",
        "Released": "10 Nov 2004",
        "Runtime": "100 min",
        "Genre": "Animation, Adventure, Comedy",
        "Director": "Robert Zemeckis",
        "Writer": "Chris Van Allsburg, Robert Zemeckis, William Broyles Jr.",
        "Actors": "Tom Hanks, Chris Coppola, Michael Jeter",
        "Plot": "On Christmas Eve, a young boy embarks on a magical adventure to the North Pole on the Polar Express, while learning about friendship, bravery, and the spirit of Christmas.",
        "Language": "English",
        "Country": "United States, Australia",
        "Awards": "Nominated for 3 Oscars. 5 wins & 26 nominations total",
        "Poster": "https://m.media-amazon.com/images/M/MV5BMTM1NTU0NTE4MV5BMl5BanBnXkFtZTcwMTQ0MjEzMw@@._V1_SX300.jpg",
        "Ratings": [
            {
                "Source": "Internet Movie Database",
                "Value": "6.6/10"
            },
            {
                "Source": "Rotten Tomatoes",
                "Value": "55%"
            },
            {
                "Source": "Metacritic",
                "Value": "61/100"
            }
        ],
        "Metascore": "61",
        "imdbRating": "6.6",
        "imdbVotes": "255,844",
        "imdbID": "tt0338348",
        "Type": "movie",
        "DVD": "N/A",
        "BoxOffice": "$189,528,738",
        "Production": "N/A",
        "Website": "N/A",
        "Response": "True"
    }
}