{
    "tmdb": {
        "adult": false,
        "backdrop_path": "/tzddIzMgudpGQmD3mPkcOBgf5yf.jpg",
        "belongs_to_collection": null,
        "budget": 0,
        "genres": [
            {
                "id": 18,
                "name": "Drama"
            }
        ],
        "homepage": "",
        "id": 1056108,
        "imdb_id": "tt28696706",
        "origin_country": [
            "BD"
        ],
        "original_language": "bn",
        "original_title": "Aam Kathaler Chhuti",
        "overview": "An eight-year-old city boy Shuvo is restricted from mixing with others. He goes to spend the summer holiday in the village with his grandmother and enjoys freedom for the first time. Here, Shuvo meets Moinna whom everybody believes is a \"bee fated\" boy that gets attacked by the bees wherever he goes. Bitten by honey bees, recently Moinna has been captivated at home under the strict surveillance of his mother. Feeling claustrophobic, Moinna conspires with his younger brother Anaira to get out of home exploiting Shuvo. Wandering around the village with Moinna, Shuvo starts discovering a new world but suddenly Moinna is found missing.",
        "popularity": 24.593,
        "poster_path": "/l2C23kj92Wcq57cpAaVDaiIN5pm.jpg",
        "production_companies": [
            {
                "id": 187509,
                "logo_path": null,
                "name": "Cine Maker",
                "origin_country": ""
            }
        ],
        "production_countries": [
            {
                "iso_3166_1": "BD",
                "name": "Bangladesh"
            }
        ],
        "release_date": "2023-08-18",
        "revenue": 0,
        "runtime": 97,
        "spoken_languages": [
            {
                "english_name": "Bengali",
                "iso_639_1": "bn",
                "name": "বাংলা"
            }
        ],
        "status": "Released",
        "tagline": "",
        "title": "Summer Holiday",
        "video": false,
        "vote_average": 7.0,
        "vote_count": 1
    },
    "omdb": {
        "Title": "Aam Kathaler Chhuti",
        "Year": "2023",
        "Rated": "N/A",
        "Released": "18 Aug 2023",
        "Runtime": "N/A",
        "Genre": "Drama",
        "Director": "Mohammad Nuruzzaman",
        "Writer": "N/A",
        "Actors": "Arif, Lion, Zubayar",
        "Plot": "The film tells the story of how an outcast eight-year-old city boy discovers a new world, finds friendship and a taste of adventure when he visits the village on a summer vacation.",
        "Language": "Bengali",
        "Country": "Bangladesh",
        "Awards": "N/A",
        "Poster": "https://m.media-amazon.com/images/M/MV5BYmYxNzQ0NjYtYWQyMi00YjIwLWIzZjMtNDI4NWQ5OTBiNTEwXkEyXkFqcGdeQXVyOTc5MjUzNjg@._V1_SX300.jpg",
        "Ratings": [],
        "Metascore": "N/A",
        "imdbRating": "N/A",
        "imdbVotes": "5",
        "imdbID": "tt28696706",
        "Type": "movie",
        "DVD": "N/A",
        "BoxOffice": "N/A",
        "Production": "N/A",
        "Website": "N/A",
        "Response": "True"
    }
}