{
    "tmdb": {
        "adult": false,
        "backdrop_path": "/is9bmV6uYXu7LjZGJczxrjJDlv8.jpg",
        "belongs_to_collection": null,
        "budget": 0,
        "genres": [
            {
                "id": 28,
                "name": "Action"
            },
            {
                "id": 12,
                "name": "Adventure"
            }
        ],
        "homepage": "https://www.amazon.com/gp/video/detail/B0DCYJL1GN",
        "id": 1229730,
        "imdb_id": "tt35683795",
        "origin_country": [
            "FR"
        ],
        "original_language": "fr",
        "original_title": "Carjackers",
        "overview": "By day, they're invisible—valets, hostesses, and bartenders at a luxury hotel. By night, they're the Carjackers, a crew of skilled drivers who track and rob wealthy clients on the road. As they plan their ultimate heist, the hotel director hires a ruthless hitman, to stop them at all costs. With danger closing in, can Nora, Zoe, Steve, and Prestance pull off their biggest score yet?",
        "popularity": 74.8012,
        "poster_path": "/wbkPMTz2vVai7Ujyp0ag7AM9SrO.jpg",
        "production_companies": [
            {
                "id": 9,
                "logo_path": "/nda3dTUYdDrJ6rZqBpYvY865aDv.png",
                "name": "Gaumont",
                "origin_country": "FR"
            }
        ],
        "production_countries": [
            {
                "iso_3166_1": "FR",
                "name": "France"
            }
        ],
        "release_date": "2025-03-27",
        "revenue": 0,
        "runtime": 97,
        "spoken_languages": [
            {
                "english_name": "French",
                "iso_639_1": "fr",
                "name": "Français"
            }
        ],
        "status": "Released",
        "tagline": "",
        "title": "Carjackers",
        "video": false,
        "vote_average": 6.135,
        "vote_count": 163
    },
    "omdb": {
        "Title": "Carjackers",
        "Year": "2025",
        "Rated": "N/A",
        "Released": "N/A",
        "Runtime": "N/A",
        "Genre": "Action",
        "Director": "Kamel Guemra",
        "Writer": "Morade Aissaoui, Sledge Bidounga, Kamel Guemra",
        "Actors": "Zoé Marchal, Franck Gastambide, Bosh",
        "Plot": "N/A",
        "Language": "French",
        "Country": "France",
        "Awards": "N/A",
        "Poster": "N/A",
        "Ratings": [],
        "Metascore": "N/A",
        "imdbRating": "N/A",
        "imdbVotes": "N/A",
        "imdbID": "tt35683795",
        "Type": "movie",
        "DVD": "N/A",
        "BoxOffice": "N/A",
        "Production": "N/A",
        "Website": "N/A",
        "Response": "True"
    }
}