{
    "tmdb": {
        "adult": false,
        "backdrop_path": "/n4R5Ad6rwf87lmllFNuYR3io30V.jpg",
        "belongs_to_collection": null,
        "budget": 11000000,
        "genres": [
            {
                "id": 9648,
                "name": "Mystery"
            },
            {
                "id": 53,
                "name": "Thriller"
            },
            {
                "id": 27,
                "name": "Horror"
            }
        ],
        "homepage": "https://www.dropthemovie.com",
        "id": 1249213,
        "imdb_id": "tt32149847",
        "origin_country": [
            "US"
        ],
        "original_language": "en",
        "original_title": "Drop",
        "overview": "Violet, a widowed mother on her first date in years, arrives at an upscale restaurant where she is relieved that her date, Henry, is more charming and handsome than she expected. But their chemistry begins to curdle as Violet begins being irritated and then terrorized by a series of anonymous drops to her phone.",
        "popularity": 19.0888,
        "poster_path": "/dS2S5lpfgRIRQOb7LDCjNsQqKjp.jpg",
        "production_companies": [
            {
                "id": 3172,
                "logo_path": "/rzKluDcRkIwHZK2pHsiT667A2Kw.png",
                "name": "Blumhouse Productions",
                "origin_country": "US"
            },
            {
                "id": 2481,
                "logo_path": "/vOQg26GjR0LnkN1Ph9uyog1UuOE.png",
                "name": "Platinum Dunes",
                "origin_country": "US"
            }
        ],
        "production_countries": [
            {
                "iso_3166_1": "US",
                "name": "United States of America"
            }
        ],
        "release_date": "2025-04-10",
        "revenue": 26064210,
        "runtime": 95,
        "spoken_languages": [
            {
                "english_name": "English",
                "iso_639_1": "en",
                "name": "English"
            }
        ],
        "status": "Released",
        "tagline": "Everyone's a suspect.",
        "title": "Drop",
        "video": false,
        "vote_average": 6.5,
        "vote_count": 127
    },
    "omdb": {
        "Title": "Drop",
        "Year": "2025",
        "Rated": "PG-13",
        "Released": "11 Apr 2025",
        "Runtime": "95 min",
        "Genre": "Drama, Mystery, Thriller",
        "Director": "Christopher Landon",
        "Writer": "Jillian Jacobs, Chris Roach",
        "Actors": "Meghann Fahy, Brandon Sklenar, Violett Beane",
        "Plot": "A widowed mother's first date in years takes a terrifying turn when she's bombarded with anonymous threatening messages on her phone during their upscale dinner, leaving her questioning if her charming date is behind the harassment.",
        "Language": "English",
        "Country": "United States",
        "Awards": "1 nomination total",
        "Poster": "https://m.media-amazon.com/images/M/MV5BOWUyOTNlMjItNWUyZC00ZGJiLTg3MDMtODJmMGQyMGY3NzU3XkEyXkFqcGc@._V1_SX300.jpg",
        "Ratings": [
            {
                "Source": "Internet Movie Database",
                "Value": "6.5/10"
            },
            {
                "Source": "Rotten Tomatoes",
                "Value": "89%"
            },
            {
                "Source": "Metacritic",
                "Value": "63/100"
            }
        ],
        "Metascore": "63",
        "imdbRating": "6.5",
        "imdbVotes": "1,430",
        "imdbID": "tt32149847",
        "Type": "movie",
        "DVD": "N/A",
        "BoxOffice": "N/A",
        "Production": "N/A",
        "Website": "N/A",
        "Response": "True"
    }
}