{
    "tmdb": {
        "adult": false,
        "backdrop_path": "/2YJOXPl4QtCskixYA58ToyCXEW0.jpg",
        "belongs_to_collection": null,
        "budget": 110000000,
        "genres": [
            {
                "id": 28,
                "name": "Action"
            },
            {
                "id": 35,
                "name": "Comedy"
            },
            {
                "id": 18,
                "name": "Drama"
            },
            {
                "id": 53,
                "name": "Thriller"
            }
        ],
        "homepage": "",
        "id": 787,
        "imdb_id": "tt0356910",
        "origin_country": [
            "US"
        ],
        "original_language": "en",
        "original_title": "Mr. & Mrs. Smith",
        "overview": "After five (or six) years of vanilla-wedded bliss, ordinary suburbanites John and Jane Smith are stuck in a huge rut. Unbeknownst to each other, they are both coolly lethal, highly-paid assassins working for rival organisations. When they discover they're each other's next target, their secret lives collide in a spicy, explosive mix of wicked comedy, pent-up passion, nonstop action and high-tech weaponry.",
        "popularity": 17.8658,
        "poster_path": "/kjD700RtyhveN3ZbOnSvUSne0Qj.jpg",
        "production_companies": [
            {
                "id": 508,
                "logo_path": "/7cxRWzi4LsVm4Utfpr1hfARNurT.png",
                "name": "Regency Enterprises",
                "origin_country": "US"
            },
            {
                "id": 10104,
                "logo_path": "/4sGWXoboEkWPphI6es6rTmqkCBh.png",
                "name": "New Regency Pictures",
                "origin_country": "US"
            },
            {
                "id": 491,
                "logo_path": "/5LvDUt3KmvRnXQ4NrdWJYHeuA8J.png",
                "name": "Summit Entertainment",
                "origin_country": "US"
            },
            {
                "id": 433,
                "logo_path": "/iafkKMpcRfEXq9a4sQf0h6tg2E2.png",
                "name": "Weed Road Pictures",
                "origin_country": "US"
            },
            {
                "id": 1171,
                "logo_path": "/wp7NwsxxHT8sqPaek6SlxnXlkP4.png",
                "name": "Epsilon Motion Pictures",
                "origin_country": "CH"
            }
        ],
        "production_countries": [
            {
                "iso_3166_1": "CH",
                "name": "Switzerland"
            },
            {
                "iso_3166_1": "US",
                "name": "United States of America"
            }
        ],
        "release_date": "2005-06-07",
        "revenue": 487300000,
        "runtime": 119,
        "spoken_languages": [
            {
                "english_name": "English",
                "iso_639_1": "en",
                "name": "English"
            },
            {
                "english_name": "Spanish",
                "iso_639_1": "es",
                "name": "Español"
            }
        ],
        "status": "Released",
        "tagline": "'Til death do us part.",
        "title": "Mr. & Mrs. Smith",
        "video": false,
        "vote_average": 6.689,
        "vote_count": 10605
    },
    "omdb": {
        "Title": "Mr. & Mrs. Smith",
        "Year": "2005",
        "Rated": "PG-13",
        "Released": "10 Jun 2005",
        "Runtime": "120 min",
        "Genre": "Action, Comedy, Crime",
        "Director": "Doug Liman",
        "Writer": "Simon Kinberg",
        "Actors": "Brad Pitt, Angelina Jolie, Adam Brody",
        "Plot": "A husband and wife struggle to keep their marriage alive until they realize they are both secretly working as assassins. Now, their respective assignments require them to kill each other.",
        "Language": "English, Spanish, French",
        "Country": "United States",
        "Awards": "9 wins & 18 nominations total",
        "Poster": "https://m.media-amazon.com/images/M/MV5BMTUxMzcxNzQzOF5BMl5BanBnXkFtZTcwMzQxNjUyMw@@._V1_SX300.jpg",
        "Ratings": [
            {
                "Source": "Internet Movie Database",
                "Value": "6.5/10"
            },
            {
                "Source": "Rotten Tomatoes",
                "Value": "60%"
            },
            {
                "Source": "Metacritic",
                "Value": "55/100"
            }
        ],
        "Metascore": "55",
        "imdbRating": "6.5",
        "imdbVotes": "566,148",
        "imdbID": "tt0356910",
        "Type": "movie",
        "DVD": "N/A",
        "BoxOffice": "$186,336,279",
        "Production": "N/A",
        "Website": "N/A",
        "Response": "True"
    }
}