{
    "tmdb": {
        "adult": false,
        "backdrop_path": "/y5PH2cM3mHt2Q74lMzhuqQi93sh.jpg",
        "belongs_to_collection": null,
        "budget": 50000000,
        "genres": [
            {
                "id": 18,
                "name": "Drama"
            }
        ],
        "homepage": "http://www.moneyball-movie.com",
        "id": 60308,
        "imdb_id": "tt1210166",
        "origin_country": [
            "US"
        ],
        "original_language": "en",
        "original_title": "Moneyball",
        "overview": "The story of Oakland Athletics general manager Billy Beane's successful attempt to put together a baseball team on a budget, by employing computer-generated analysis to draft his players.",
        "popularity": 14.0667,
        "poster_path": "/4yIQq1e6iOcaZ5rLDG3lZBP3j7a.jpg",
        "production_companies": [
            {
                "id": 5,
                "logo_path": "/71BqEFAF4V3qjjMPCpLuyJFB9A.png",
                "name": "Columbia Pictures",
                "origin_country": "US"
            },
            {
                "id": 11370,
                "logo_path": null,
                "name": "Michael De Luca Productions",
                "origin_country": "US"
            },
            {
                "id": 737,
                "logo_path": "/dK1GZ1u4our8sJW0Sts1JHeNSLn.png",
                "name": "Sidney Kimmel Entertainment",
                "origin_country": "US"
            },
            {
                "id": 6403,
                "logo_path": null,
                "name": "Specialty Films",
                "origin_country": ""
            }
        ],
        "production_countries": [
            {
                "iso_3166_1": "US",
                "name": "United States of America"
            }
        ],
        "release_date": "2011-09-23",
        "revenue": 110206216,
        "runtime": 134,
        "spoken_languages": [
            {
                "english_name": "English",
                "iso_639_1": "en",
                "name": "English"
            }
        ],
        "status": "Released",
        "tagline": "What are you really worth?",
        "title": "Moneyball",
        "video": false,
        "vote_average": 7.281,
        "vote_count": 5312
    },
    "omdb": {
        "Title": "Moneyball",
        "Year": "2011",
        "Rated": "PG-13",
        "Released": "23 Sep 2011",
        "Runtime": "133 min",
        "Genre": "Biography, Drama, Sport",
        "Director": "Bennett Miller",
        "Writer": "Steven Zaillian, Aaron Sorkin, Stan Chervin",
        "Actors": "Brad Pitt, Robin Wright, Jonah Hill",
        "Plot": "Oakland A's general manager Billy Beane's successful attempt to assemble a baseball team on a lean budget by employing computer-generated analysis to acquire new players.",
        "Language": "English",
        "Country": "United States",
        "Awards": "Nominated for 6 Oscars. 29 wins & 82 nominations total",
        "Poster": "https://m.media-amazon.com/images/M/MV5BMjAxOTU3Mzc1M15BMl5BanBnXkFtZTcwMzk1ODUzNg@@._V1_SX300.jpg",
        "Ratings": [
            {
                "Source": "Internet Movie Database",
                "Value": "7.6/10"
            },
            {
                "Source": "Rotten Tomatoes",
                "Value": "94%"
            },
            {
                "Source": "Metacritic",
                "Value": "87/100"
            }
        ],
        "Metascore": "87",
        "imdbRating": "7.6",
        "imdbVotes": "485,155",
        "imdbID": "tt1210166",
        "Type": "movie",
        "DVD": "N/A",
        "BoxOffice": "$75,605,492",
        "Production": "N/A",
        "Website": "N/A",
        "Response": "True"
    }
}