{
    "tmdb": {
        "adult": false,
        "backdrop_path": "/pp3QUzMXfP7q0ocmE1b15FH6PQ6.jpg",
        "belongs_to_collection": null,
        "budget": 40000000,
        "genres": [
            {
                "id": 28,
                "name": "Action"
            },
            {
                "id": 35,
                "name": "Comedy"
            },
            {
                "id": 10749,
                "name": "Romance"
            }
        ],
        "homepage": "https://tv.apple.com/movie/umc.cmc.6nodv9rf3ltfk2ar3pfc8hced",
        "id": 868759,
        "imdb_id": "tt15326988",
        "origin_country": [
            "US"
        ],
        "original_language": "en",
        "original_title": "Ghosted",
        "overview": "Salt-of-the-earth Cole falls head over heels for enigmatic Sadie—but then makes the shocking discovery that she's a secret agent. Before they can decide on a second date, Cole and Sadie are swept away on an international adventure to save the world.",
        "popularity": 21.6218,
        "poster_path": "/liLN69YgoovHVgmlHJ876PKi5Yi.jpg",
        "production_companies": [
            {
                "id": 82819,
                "logo_path": "/gXfFl9pRPaoaq14jybEn1pHeldr.png",
                "name": "Skydance Media",
                "origin_country": "US"
            }
        ],
        "production_countries": [
            {
                "iso_3166_1": "US",
                "name": "United States of America"
            }
        ],
        "release_date": "2023-04-18",
        "revenue": 0,
        "runtime": 117,
        "spoken_languages": [
            {
                "english_name": "English",
                "iso_639_1": "en",
                "name": "English"
            }
        ],
        "status": "Released",
        "tagline": "Meeting that special someone can be a real adventure.",
        "title": "Ghosted",
        "video": false,
        "vote_average": 6.94,
        "vote_count": 1912
    },
    "omdb": {
        "Title": "Ghosted",
        "Year": "2023",
        "Rated": "PG-13",
        "Released": "21 Apr 2023",
        "Runtime": "116 min",
        "Genre": "Action, Adventure, Comedy",
        "Director": "Dexter Fletcher",
        "Writer": "Rhett Reese, Paul Wernick, Chris McKenna",
        "Actors": "Chris Evans, Ana de Armas, Adrien Brody",
        "Plot": "Cole falls head over heels for enigmatic Sadie, but then makes the shocking discovery that she's a secret agent. Before they can decide on a second date, Cole and Sadie are swept away on an international adventure to save the world.",
        "Language": "English",
        "Country": "United States",
        "Awards": "1 win & 4 nominations total",
        "Poster": "https://m.media-amazon.com/images/M/MV5BZDI0YzJjZTctNjU0MS00Y2Y3LThkNDgtNWMxYWVlZjVkYzYwXkEyXkFqcGc@._V1_SX300.jpg",
        "Ratings": [
            {
                "Source": "Internet Movie Database",
                "Value": "5.8/10"
            },
            {
                "Source": "Metacritic",
                "Value": "34/100"
            }
        ],
        "Metascore": "34",
        "imdbRating": "5.8",
        "imdbVotes": "72,308",
        "imdbID": "tt15326988",
        "Type": "movie",
        "DVD": "N/A",
        "BoxOffice": "N/A",
        "Production": "N/A",
        "Website": "N/A",
        "Response": "True"
    }
}