{
    "tmdb": {
        "adult": false,
        "backdrop_path": "/1GJvBE7UWU1WOVi0XREl4JQc7f8.jpg",
        "belongs_to_collection": {
            "id": 86055,
            "name": "Men In Black Collection",
            "poster_path": "/rWcgZaoJ0nxTFRn0H6w9bdtoDUI.jpg",
            "backdrop_path": "/xKz6YaOvmnIJQ3MYIpnaa7FBaAB.jpg"
        },
        "budget": 90000000,
        "genres": [
            {
                "id": 28,
                "name": "Action"
            },
            {
                "id": 12,
                "name": "Adventure"
            },
            {
                "id": 35,
                "name": "Comedy"
            },
            {
                "id": 878,
                "name": "Science Fiction"
            }
        ],
        "homepage": "https://www.sonypictures.com/movies/meninblack",
        "id": 607,
        "imdb_id": "tt0119654",
        "origin_country": [
            "US"
        ],
        "original_language": "en",
        "original_title": "Men in Black",
        "overview": "After a police chase with an otherworldly being, a New York City cop is recruited as an agent in a top-secret organization established to monitor and police alien activity on Earth: the Men in Black. Agent K and new recruit Agent J find themselves in the middle of a deadly plot by an intergalactic terrorist who has arrived on Earth to assassinate two ambassadors from opposing galaxies.",
        "popularity": 21.6415,
        "poster_path": "/uLOmOF5IzWoyrgIF5MfUnh5pa1X.jpg",
        "production_companies": [
            {
                "id": 5,
                "logo_path": "/71BqEFAF4V3qjjMPCpLuyJFB9A.png",
                "name": "Columbia Pictures",
                "origin_country": "US"
            },
            {
                "id": 56,
                "logo_path": "/cEaxANEisCqeEoRvODv2dO1I0iI.png",
                "name": "Amblin Entertainment",
                "origin_country": "US"
            },
            {
                "id": 384,
                "logo_path": null,
                "name": "MacDonald/Parkes Productions",
                "origin_country": ""
            }
        ],
        "production_countries": [
            {
                "iso_3166_1": "US",
                "name": "United States of America"
            }
        ],
        "release_date": "1997-07-02",
        "revenue": 589400000,
        "runtime": 98,
        "spoken_languages": [
            {
                "english_name": "English",
                "iso_639_1": "en",
                "name": "English"
            },
            {
                "english_name": "Spanish",
                "iso_639_1": "es",
                "name": "Español"
            }
        ],
        "status": "Released",
        "tagline": "Protecting the Earth from the scum of the universe.",
        "title": "Men in Black",
        "video": false,
        "vote_average": 7.206,
        "vote_count": 14040
    },
    "omdb": {
        "Title": "Men in Black",
        "Year": "1997",
        "Rated": "PG-13",
        "Released": "02 Jul 1997",
        "Runtime": "98 min",
        "Genre": "Action, Adventure, Comedy",
        "Director": "Barry Sonnenfeld",
        "Writer": "Lowell Cunningham, Ed Solomon",
        "Actors": "Tommy Lee Jones, Will Smith, Linda Fiorentino",
        "Plot": "James, an NYC cop, is hired by Agent K of a secret government agency that monitors extraterrestrial life on Earth. Together, they must recover an item that has been stolen by an intergalactic villain.",
        "Language": "English, Spanish",
        "Country": "United States",
        "Awards": "Won 1 Oscar. 22 wins & 39 nominations total",
        "Poster": "https://m.media-amazon.com/images/M/MV5BZmQ0YTdhYzEtMjIxZC00MGFiLTlmNjktZmFlOWE2M2QxOTRhXkEyXkFqcGc@._V1_SX300.jpg",
        "Ratings": [
            {
                "Source": "Internet Movie Database",
                "Value": "7.3/10"
            },
            {
                "Source": "Rotten Tomatoes",
                "Value": "91%"
            },
            {
                "Source": "Metacritic",
                "Value": "72/100"
            }
        ],
        "Metascore": "72",
        "imdbRating": "7.3",
        "imdbVotes": "634,436",
        "imdbID": "tt0119654",
        "Type": "movie",
        "DVD": "N/A",
        "BoxOffice": "$250,690,539",
        "Production": "N/A",
        "Website": "N/A",
        "Response": "True"
    }
}