{
    "tmdb": {
        "adult": false,
        "backdrop_path": "/svLj9iyRmmeNVRsMreANn7DPPZE.jpg",
        "belongs_to_collection": null,
        "budget": 0,
        "genres": [
            {
                "id": 27,
                "name": "Horror"
            }
        ],
        "homepage": "",
        "id": 1356236,
        "imdb_id": "tt33319706",
        "origin_country": [
            "AR",
            "NZ"
        ],
        "original_language": "en",
        "original_title": "Saint Catherine",
        "overview": "An orphaned girl is rescued from a satanic ritual and taken to Saint Catherine Institute for homeless youth. There she will learn new skills while facing demons that stalk her.",
        "popularity": 65.8949,
        "poster_path": "/hBJdzKPeDaC96AzlrtMWBomYSZV.jpg",
        "production_companies": [
            {
                "id": 97315,
                "logo_path": null,
                "name": "Black Mandala",
                "origin_country": "NZ"
            }
        ],
        "production_countries": [
            {
                "iso_3166_1": "NZ",
                "name": "New Zealand"
            }
        ],
        "release_date": "2025-04-11",
        "revenue": 0,
        "runtime": 0,
        "spoken_languages": [
            {
                "english_name": "English",
                "iso_639_1": "en",
                "name": "English"
            }
        ],
        "status": "Released",
        "tagline": "",
        "title": "Saint Catherine",
        "video": false,
        "vote_average": 6.0,
        "vote_count": 1
    },
    "omdb": {
        "Title": "Saint Catherine",
        "Year": "2024",
        "Rated": "N/A",
        "Released": "24 Sep 2024",
        "Runtime": "86 min",
        "Genre": "Horror",
        "Director": "Michael Escobedo, Juan de Dios Garduño, Hana Kazim",
        "Writer": "Gonzalo Mellid",
        "Actors": "Valentina Mas, Raymond E. Lee, Pachi Lucas",
        "Plot": "An orphaned girl is rescued from a satanic ritual and taken to Saint Catherine Institute for homeless youth. There she will learn new skills while facing demons that stalk her.",
        "Language": "English",
        "Country": "Argentina, New Zealand",
        "Awards": "N/A",
        "Poster": "https://m.media-amazon.com/images/M/MV5BNDYwYWVhYjEtYTgwZC00ZDI3LThlYzAtMzY2YmMyYzIxOTYyXkEyXkFqcGc@._V1_SX300.jpg",
        "Ratings": [],
        "Metascore": "N/A",
        "imdbRating": "N/A",
        "imdbVotes": "N/A",
        "imdbID": "tt33319706",
        "Type": "movie",
        "DVD": "N/A",
        "BoxOffice": "N/A",
        "Production": "N/A",
        "Website": "N/A",
        "Response": "True"
    }
}