{
    "tmdb": {
        "adult": false,
        "backdrop_path": "/vQGo5VjJcHxpzIa8lMBFzpAth1w.jpg",
        "belongs_to_collection": null,
        "budget": 27000000,
        "genres": [
            {
                "id": 53,
                "name": "Thriller"
            },
            {
                "id": 9648,
                "name": "Mystery"
            },
            {
                "id": 878,
                "name": "Science Fiction"
            }
        ],
        "homepage": "",
        "id": 51876,
        "imdb_id": "tt1219289",
        "origin_country": [
            "US"
        ],
        "original_language": "en",
        "original_title": "Limitless",
        "overview": "The life of an unsuccessful writer is transformed by a top-secret 'smart drug' that allows him to use 100% of his brain and become a perfect version of himself. His enhanced abilities soon attract shadowy forces that threaten his new life.",
        "popularity": 16.397,
        "poster_path": "/un0a2U7KLjMH77N6EhqYh7ZOlVx.jpg",
        "production_companies": [
            {
                "id": 7295,
                "logo_path": "/5MYE96QiE5a5oFhXxFb4y8ILSpw.png",
                "name": "Relativity Media",
                "origin_country": "US"
            },
            {
                "id": 8852,
                "logo_path": null,
                "name": "Virgin Produced",
                "origin_country": ""
            },
            {
                "id": 8854,
                "logo_path": null,
                "name": "Many Rivers Productions",
                "origin_country": "US"
            },
            {
                "id": 8855,
                "logo_path": null,
                "name": "Boy of the Year",
                "origin_country": ""
            },
            {
                "id": 134,
                "logo_path": "/2uKAP9aAAhVMpfSqa4wtlIHod5g.png",
                "name": "Rogue Pictures",
                "origin_country": "US"
            },
            {
                "id": 181992,
                "logo_path": null,
                "name": "Mandate International",
                "origin_country": "US"
            }
        ],
        "production_countries": [
            {
                "iso_3166_1": "US",
                "name": "United States of America"
            }
        ],
        "release_date": "2011-03-17",
        "revenue": 161900000,
        "runtime": 105,
        "spoken_languages": [
            {
                "english_name": "English",
                "iso_639_1": "en",
                "name": "English"
            },
            {
                "english_name": "Italian",
                "iso_639_1": "it",
                "name": "Italiano"
            },
            {
                "english_name": "Russian",
                "iso_639_1": "ru",
                "name": "Pусский"
            },
            {
                "english_name": "Mandarin",
                "iso_639_1": "zh",
                "name": "普通话"
            },
            {
                "english_name": "French",
                "iso_639_1": "fr",
                "name": "Français"
            }
        ],
        "status": "Released",
        "tagline": "Everything is possible when you open your mind.",
        "title": "Limitless",
        "video": false,
        "vote_average": 7.193,
        "vote_count": 10825
    },
    "omdb": {
        "Title": "Limitless",
        "Year": "2011",
        "Rated": "PG-13",
        "Released": "18 Mar 2011",
        "Runtime": "105 min",
        "Genre": "Sci-Fi, Thriller",
        "Director": "Neil Burger",
        "Writer": "Leslie Dixon, Alan Glynn",
        "Actors": "Bradley Cooper, Anna Friel, Abbie Cornish",
        "Plot": "A mysterious pill that enables the user to access 100% of his brain's abilities transforms a struggling writer into a financial wizard, but it also puts him in a new world with many dangers.",
        "Language": "English, Russian, Italian, Mandarin, French",
        "Country": "United States",
        "Awards": "2 wins & 8 nominations total",
        "Poster": "https://m.media-amazon.com/images/M/MV5BMWQ4OTQ4YzYtODlmMi00ZjA0LTg5M2QtZWUzNjA5N2NmODE5XkEyXkFqcGc@._V1_SX300.jpg",
        "Ratings": [
            {
                "Source": "Internet Movie Database",
                "Value": "7.4/10"
            },
            {
                "Source": "Rotten Tomatoes",
                "Value": "68%"
            },
            {
                "Source": "Metacritic",
                "Value": "59/100"
            }
        ],
        "Metascore": "59",
        "imdbRating": "7.4",
        "imdbVotes": "628,391",
        "imdbID": "tt1219289",
        "Type": "movie",
        "DVD": "N/A",
        "BoxOffice": "$79,249,455",
        "Production": "N/A",
        "Website": "N/A",
        "Response": "True"
    }
}