{
    "tmdb": {
        "adult": false,
        "backdrop_path": "/yVb5Fu5Dtwy2CRVMpFkwjySPGRx.jpg",
        "belongs_to_collection": null,
        "budget": 12000000,
        "genres": [
            {
                "id": 35,
                "name": "Comedy"
            }
        ],
        "homepage": "https://www.warnerbros.com/movies/project-x",
        "id": 57214,
        "imdb_id": "tt1636826",
        "origin_country": [
            "US"
        ],
        "original_language": "en",
        "original_title": "Project X",
        "overview": "Three high school seniors throw a party to make a name for themselves. As the night progresses, things spiral out of control as word of the party spreads.",
        "popularity": 14.8816,
        "poster_path": "/lUPDGT3lyRrq8SvWuNWG2DP64bR.jpg",
        "production_companies": [
            {
                "id": 1885,
                "logo_path": "/xlvoOZr4s1PygosrwZyolIFe5xs.png",
                "name": "Silver Pictures",
                "origin_country": "US"
            },
            {
                "id": 3527,
                "logo_path": null,
                "name": "Green Hat Films",
                "origin_country": "US"
            }
        ],
        "production_countries": [
            {
                "iso_3166_1": "US",
                "name": "United States of America"
            }
        ],
        "release_date": "2012-03-01",
        "revenue": 102731865,
        "runtime": 88,
        "spoken_languages": [
            {
                "english_name": "English",
                "iso_639_1": "en",
                "name": "English"
            }
        ],
        "status": "Released",
        "tagline": "The party you've only dreamed about.",
        "title": "Project X",
        "video": false,
        "vote_average": 6.885,
        "vote_count": 6471
    },
    "omdb": {
        "Title": "Project X",
        "Year": "2012",
        "Rated": "R",
        "Released": "02 Mar 2012",
        "Runtime": "88 min",
        "Genre": "Comedy",
        "Director": "Nima Nourizadeh",
        "Writer": "Matt Drake, Michael Bacall",
        "Actors": "Thomas Mann, Oliver Cooper, Jonathan Daniel Brown",
        "Plot": "Three high-school seniors throw a birthday party to make a name for themselves. As the night progresses, things spiral out of control as word of the party spreads.",
        "Language": "English",
        "Country": "United States",
        "Awards": "5 nominations total",
        "Poster": "https://m.media-amazon.com/images/M/MV5BMTc1MTk0Njg4OF5BMl5BanBnXkFtZTcwODc0ODkyNw@@._V1_SX300.jpg",
        "Ratings": [
            {
                "Source": "Internet Movie Database",
                "Value": "6.7/10"
            },
            {
                "Source": "Rotten Tomatoes",
                "Value": "28%"
            },
            {
                "Source": "Metacritic",
                "Value": "46/100"
            }
        ],
        "Metascore": "46",
        "imdbRating": "6.7",
        "imdbVotes": "244,066",
        "imdbID": "tt1636826",
        "Type": "movie",
        "DVD": "N/A",
        "BoxOffice": "$54,731,865",
        "Production": "N/A",
        "Website": "N/A",
        "Response": "True"
    }
}