{
    "tmdb": {
        "adult": false,
        "backdrop_path": "/5vDuLrjJXFS9PTF7Q1xzobmYKR9.jpg",
        "belongs_to_collection": {
            "id": 10,
            "name": "Star Wars Collection",
            "poster_path": "/aSrMJYmQX8kpF26LijkCsYhBMvm.jpg",
            "backdrop_path": "/zZDkgOmFMVYpGAkR9Tkxw0CRnxX.jpg"
        },
        "budget": 113000000,
        "genres": [
            {
                "id": 12,
                "name": "Adventure"
            },
            {
                "id": 28,
                "name": "Action"
            },
            {
                "id": 878,
                "name": "Science Fiction"
            }
        ],
        "homepage": "http://www.starwars.com/films/star-wars-episode-iii-revenge-of-the-sith",
        "id": 1895,
        "imdb_id": "tt0121766",
        "origin_country": [
            "US"
        ],
        "original_language": "en",
        "original_title": "Star Wars: Episode III - Revenge of the Sith",
        "overview": "The evil Darth Sidious enacts his final plan for unlimited power -- and the heroic Jedi Anakin Skywalker must choose a side.",
        "popularity": 31.799,
        "poster_path": "/xfSAoBEm9MNBjmlNcDYLvLSMlnq.jpg",
        "production_companies": [
            {
                "id": 1,
                "logo_path": "/tlVSws0RvvtPBwViUyOFAO0vcQS.png",
                "name": "Lucasfilm Ltd.",
                "origin_country": "US"
            }
        ],
        "production_countries": [
            {
                "iso_3166_1": "US",
                "name": "United States of America"
            }
        ],
        "release_date": "2005-05-17",
        "revenue": 850000000,
        "runtime": 140,
        "spoken_languages": [
            {
                "english_name": "English",
                "iso_639_1": "en",
                "name": "English"
            }
        ],
        "status": "Released",
        "tagline": "Every story has a hero. Every hero has a destiny. Every saga has an end.",
        "title": "Star Wars: Episode III - Revenge of the Sith",
        "video": false,
        "vote_average": 7.439,
        "vote_count": 14056
    },
    "omdb": {
        "Title": "Star Wars: Episode III - Revenge of the Sith",
        "Year": "2005",
        "Rated": "PG-13",
        "Released": "19 May 2005",
        "Runtime": "140 min",
        "Genre": "Action, Adventure, Fantasy",
        "Director": "George Lucas",
        "Writer": "George Lucas",
        "Actors": "Hayden Christensen, Natalie Portman, Ewan McGregor",
        "Plot": "As the Clone Wars nears its end, Obi-Wan Kenobi pursues a new threat, while Anakin Skywalker is lured by Chancellor Palpatine into a sinister plot for galactic domination.",
        "Language": "English",
        "Country": "United States, Italy, Switzerland, Thailand, United Kingdom",
        "Awards": "Nominated for 1 Oscar. 29 wins & 64 nominations total",
        "Poster": "https://m.media-amazon.com/images/M/MV5BNTc4MTc3NTQ5OF5BMl5BanBnXkFtZTcwOTg0NjI4NA@@._V1_SX300.jpg",
        "Ratings": [
            {
                "Source": "Internet Movie Database",
                "Value": "7.6/10"
            },
            {
                "Source": "Rotten Tomatoes",
                "Value": "79%"
            },
            {
                "Source": "Metacritic",
                "Value": "68/100"
            }
        ],
        "Metascore": "68",
        "imdbRating": "7.6",
        "imdbVotes": "876,026",
        "imdbID": "tt0121766",
        "Type": "movie",
        "DVD": "N/A",
        "BoxOffice": "$380,270,577",
        "Production": "N/A",
        "Website": "N/A",
        "Response": "True"
    }
}