{
    "tmdb": {
        "adult": false,
        "backdrop_path": "/1w8kutrRucTd3wlYyu5QlUDMiG1.jpg",
        "belongs_to_collection": {
            "id": 762512,
            "name": "The Lion King (Reboot) Collection",
            "poster_path": "/dGpIRn4Nqi63JO1RlKxjcPbQSAw.jpg",
            "backdrop_path": "/1KeXF239BkqLChcAcF8gKl1stZz.jpg"
        },
        "budget": 200000000,
        "genres": [
            {
                "id": 12,
                "name": "Adventure"
            },
            {
                "id": 10751,
                "name": "Family"
            },
            {
                "id": 16,
                "name": "Animation"
            }
        ],
        "homepage": "https://movies.disney.com/mufasa-the-lion-king",
        "id": 762509,
        "imdb_id": "tt13186482",
        "origin_country": [
            "US"
        ],
        "original_language": "en",
        "original_title": "Mufasa: The Lion King",
        "overview": "Mufasa, a cub lost and alone, meets a sympathetic lion named Taka, the heir to a royal bloodline. The chance meeting sets in motion an expansive journey of a group of misfits searching for their destiny.",
        "popularity": 131.332,
        "poster_path": "/lurEK87kukWNaHd0zYnsi3yzJrs.jpg",
        "production_companies": [
            {
                "id": 2,
                "logo_path": "/wdrCwmRnLFJhEoH8GSfymY85KHT.png",
                "name": "Walt Disney Pictures",
                "origin_country": "US"
            }
        ],
        "production_countries": [
            {
                "iso_3166_1": "US",
                "name": "United States of America"
            }
        ],
        "release_date": "2024-12-18",
        "revenue": 721046090,
        "runtime": 118,
        "spoken_languages": [
            {
                "english_name": "English",
                "iso_639_1": "en",
                "name": "English"
            }
        ],
        "status": "Released",
        "tagline": "The story of an orphan who would be king.",
        "title": "Mufasa: The Lion King",
        "video": false,
        "vote_average": 7.413,
        "vote_count": 2033
    },
    "omdb": {
        "Title": "Mufasa: The Lion King",
        "Year": "2024",
        "Rated": "PG",
        "Released": "20 Dec 2024",
        "Runtime": "118 min",
        "Genre": "Animation, Adventure, Drama",
        "Director": "Barry Jenkins",
        "Writer": "Jeff Nathanson",
        "Actors": "Aaron Pierre, Kelvin Harrison Jr., Tiffany Boone",
        "Plot": "Mufasa, a cub lost and alone, meets a sympathetic lion named Taka, the heir to a royal bloodline. The chance meeting sets in motion an expansive journey of a group of misfits searching for their destiny.",
        "Language": "English, Swahili",
        "Country": "United States, Canada",
        "Awards": "15 nominations total",
        "Poster": "https://m.media-amazon.com/images/M/MV5BYjBkOWUwODYtYWI3YS00N2I0LWEyYTktOTJjM2YzOTc3ZDNlXkEyXkFqcGc@._V1_SX300.jpg",
        "Ratings": [
            {
                "Source": "Internet Movie Database",
                "Value": "6.6/10"
            },
            {
                "Source": "Rotten Tomatoes",
                "Value": "56%"
            },
            {
                "Source": "Metacritic",
                "Value": "56/100"
            }
        ],
        "Metascore": "56",
        "imdbRating": "6.6",
        "imdbVotes": "60,431",
        "imdbID": "tt13186482",
        "Type": "movie",
        "DVD": "N/A",
        "BoxOffice": "$254,564,553",
        "Production": "N/A",
        "Website": "N/A",
        "Response": "True"
    }
}