{
    "tmdb": {
        "adult": false,
        "backdrop_path": "/xyAvU9WrfQLCCU2VxLF4t7EMXEF.jpg",
        "belongs_to_collection": {
            "id": 328,
            "name": "Jurassic Park Collection",
            "poster_path": "/qIm2nHXLpBBdMxi8dvfrnDkBUDh.jpg",
            "backdrop_path": "/njFixYzIxX8jsn6KMSEtAzi4avi.jpg"
        },
        "budget": 0,
        "genres": [
            {
                "id": 878,
                "name": "Science Fiction"
            },
            {
                "id": 12,
                "name": "Adventure"
            },
            {
                "id": 53,
                "name": "Thriller"
            }
        ],
        "homepage": "https://www.jurassicworld.com",
        "id": 1234821,
        "imdb_id": "tt31036941",
        "origin_country": [
            "US"
        ],
        "original_language": "en",
        "original_title": "Jurassic World Rebirth",
        "overview": "Five years after the events of Jurassic World Dominion, covert operations expert Zora Bennett is contracted to lead a skilled team on a top-secret mission to secure genetic material from the world's three most massive dinosaurs. When Zora's operation intersects with a civilian family whose boating expedition was capsized, they all find themselves stranded on an island where they come face-to-face with a sinister, shocking discovery that's been hidden from the world for decades.",
        "popularity": 19.82,
        "poster_path": "/swEdh3KluED3a4oyfaHCpetjtEL.jpg",
        "production_companies": [
            {
                "id": 33,
                "logo_path": "/3wwjVpkZtnog6lSKzWDjvw2Yi00.png",
                "name": "Universal Pictures",
                "origin_country": "US"
            },
            {
                "id": 56,
                "logo_path": "/cEaxANEisCqeEoRvODv2dO1I0iI.png",
                "name": "Amblin Entertainment",
                "origin_country": "US"
            },
            {
                "id": 862,
                "logo_path": "/vdK6ZhC2CSW36j0VPEavRxOpbEg.png",
                "name": "The Kennedy/Marshall Company",
                "origin_country": "US"
            }
        ],
        "production_countries": [
            {
                "iso_3166_1": "US",
                "name": "United States of America"
            }
        ],
        "release_date": "2025-07-01",
        "revenue": 0,
        "runtime": 134,
        "spoken_languages": [
            {
                "english_name": "English",
                "iso_639_1": "en",
                "name": "English"
            }
        ],
        "status": "Post Production",
        "tagline": "A new era is born.",
        "title": "Jurassic World Rebirth",
        "video": false,
        "vote_average": 0.0,
        "vote_count": 0
    },
    "omdb": {
        "Title": "Jurassic World: Rebirth",
        "Year": "2025",
        "Rated": "N/A",
        "Released": "02 Jul 2025",
        "Runtime": "N/A",
        "Genre": "Action, Adventure, Sci-Fi",
        "Director": "Gareth Edwards",
        "Writer": "Michael Crichton, David Koepp",
        "Actors": "Scarlett Johansson, Jonathan Bailey, Rupert Friend",
        "Plot": "Five years post-Jurassic World Dominion, an expedition braves isolated equatorial regions to extract DNA from three massive prehistoric creatures for a groundbreaking medical breakthrough.",
        "Language": "English",
        "Country": "United States",
        "Awards": "1 nomination total",
        "Poster": "https://m.media-amazon.com/images/M/MV5BYjlmODRkM2YtMDAxOS00ZTA5LTgyYWYtZWI2NjRjMzRkODU0XkEyXkFqcGc@._V1_SX300.jpg",
        "Ratings": [],
        "Metascore": "N/A",
        "imdbRating": "N/A",
        "imdbVotes": "N/A",
        "imdbID": "tt31036941",
        "Type": "movie",
        "DVD": "N/A",
        "BoxOffice": "N/A",
        "Production": "N/A",
        "Website": "N/A",
        "Response": "True"
    }
}