{
    "tmdb": {
        "adult": false,
        "backdrop_path": "/3q01ACG0MWm0DekhvkPFCXyPZSu.jpg",
        "belongs_to_collection": {
            "id": 14890,
            "name": "Bad Boys Collection",
            "poster_path": "/iB59poJBofg1ciKlu6LzZakf11m.jpg",
            "backdrop_path": "/r8kZJbi6UNhilLhM5WhauYELIR8.jpg"
        },
        "budget": 100000000,
        "genres": [
            {
                "id": 28,
                "name": "Action"
            },
            {
                "id": 35,
                "name": "Comedy"
            },
            {
                "id": 80,
                "name": "Crime"
            },
            {
                "id": 53,
                "name": "Thriller"
            },
            {
                "id": 12,
                "name": "Adventure"
            }
        ],
        "homepage": "https://www.badboys.movie",
        "id": 573435,
        "imdb_id": "tt4919268",
        "origin_country": [
            "US"
        ],
        "original_language": "en",
        "original_title": "Bad Boys: Ride or Die",
        "overview": "After their late former Captain is framed, Lowrey and Burnett try to clear his name, only to end up on the run themselves.",
        "popularity": 36.328,
        "poster_path": "/oGythE98MYleE6mZlGs5oBGkux1.jpg",
        "production_companies": [
            {
                "id": 122771,
                "logo_path": "/bYRqVEAuaC1QWmt3hGo0PMdK7EX.png",
                "name": "Westbrook",
                "origin_country": "US"
            },
            {
                "id": 5,
                "logo_path": "/71BqEFAF4V3qjjMPCpLuyJFB9A.png",
                "name": "Columbia Pictures",
                "origin_country": "US"
            },
            {
                "id": 10288,
                "logo_path": "/Aszf09kIVXR6cwG9lwjZIawbYVS.png",
                "name": "Don Simpson/Jerry Bruckheimer Films",
                "origin_country": "US"
            },
            {
                "id": 84792,
                "logo_path": "/7Rfr3Zu6QnHpXW2VdSEzUminAQd.png",
                "name": "2.0 Entertainment",
                "origin_country": "US"
            }
        ],
        "production_countries": [
            {
                "iso_3166_1": "US",
                "name": "United States of America"
            }
        ],
        "release_date": "2024-06-05",
        "revenue": 404547819,
        "runtime": 115,
        "spoken_languages": [
            {
                "english_name": "English",
                "iso_639_1": "en",
                "name": "English"
            }
        ],
        "status": "Released",
        "tagline": "Miami's finest are now its most wanted.",
        "title": "Bad Boys: Ride or Die",
        "video": false,
        "vote_average": 7.385,
        "vote_count": 2866
    },
    "omdb": {
        "Title": "Bad Boys: Ride or Die",
        "Year": "2024",
        "Rated": "R",
        "Released": "07 Jun 2024",
        "Runtime": "115 min",
        "Genre": "Action, Adventure, Comedy",
        "Director": "Adil El Arbi, Bilall Fallah",
        "Writer": "Chris Bremner, Will Beall, George Gallo",
        "Actors": "Will Smith, Martin Lawrence, Vanessa Hudgens",
        "Plot": "When their late police captain gets linked to drug cartels, wisecracking Miami cops Mike Lowrey and Marcus Burnett embark on a dangerous mission to clear his name.",
        "Language": "English",
        "Country": "United States",
        "Awards": "4 nominations total",
        "Poster": "https://m.media-amazon.com/images/M/MV5BZWNjZWUwNDgtYTM4ZC00Zjk0LTg3ZWItNGEyZmVkZTIxZDk0XkEyXkFqcGc@._V1_SX300.jpg",
        "Ratings": [
            {
                "Source": "Internet Movie Database",
                "Value": "6.5/10"
            },
            {
                "Source": "Rotten Tomatoes",
                "Value": "65%"
            },
            {
                "Source": "Metacritic",
                "Value": "54/100"
            }
        ],
        "Metascore": "54",
        "imdbRating": "6.5",
        "imdbVotes": "95,215",
        "imdbID": "tt4919268",
        "Type": "movie",
        "DVD": "N/A",
        "BoxOffice": "$193,573,217",
        "Production": "N/A",
        "Website": "N/A",
        "Response": "True"
    }
}