{
    "tmdb": {
        "adult": false,
        "backdrop_path": "/ddIkmH3TpR6XSc47jj0BrGK5Rbz.jpg",
        "belongs_to_collection": null,
        "budget": 150000000,
        "genres": [
            {
                "id": 10752,
                "name": "War"
            },
            {
                "id": 28,
                "name": "Action"
            },
            {
                "id": 18,
                "name": "Drama"
            }
        ],
        "homepage": "http://www.dunkirkmovie.com/",
        "id": 374720,
        "imdb_id": "tt5013056",
        "origin_country": [
            "US"
        ],
        "original_language": "en",
        "original_title": "Dunkirk",
        "overview": "The story of the miraculous evacuation of Allied soldiers from Belgium, Britain, Canada and France, who were cut off and surrounded by the German army from the beaches and harbour of Dunkirk between May 26th and June 4th 1940 during World War II.",
        "popularity": 140.7175,
        "poster_path": "/b4Oe15CGLL61Ped0RAS9JpqdmCt.jpg",
        "production_companies": [
            {
                "id": 174,
                "logo_path": "/zhD3hhtKB5qyv7ZeL4uLpNxgMVU.png",
                "name": "Warner Bros. Pictures",
                "origin_country": "US"
            },
            {
                "id": 9996,
                "logo_path": "/3tvBqYsBhxWeHlu62SIJ1el93O7.png",
                "name": "Syncopy",
                "origin_country": "GB"
            }
        ],
        "production_countries": [
            {
                "iso_3166_1": "GB",
                "name": "United Kingdom"
            },
            {
                "iso_3166_1": "US",
                "name": "United States of America"
            }
        ],
        "release_date": "2017-07-19",
        "revenue": 527000000,
        "runtime": 107,
        "spoken_languages": [
            {
                "english_name": "English",
                "iso_639_1": "en",
                "name": "English"
            },
            {
                "english_name": "French",
                "iso_639_1": "fr",
                "name": "Français"
            },
            {
                "english_name": "German",
                "iso_639_1": "de",
                "name": "Deutsch"
            }
        ],
        "status": "Released",
        "tagline": "When 400,000 men couldn't get home, home came for them.",
        "title": "Dunkirk",
        "video": false,
        "vote_average": 7.45,
        "vote_count": 16752
    },
    "omdb": {
        "Title": "Dunkirk",
        "Year": "2017",
        "Rated": "PG-13",
        "Released": "21 Jul 2017",
        "Runtime": "106 min",
        "Genre": "Action, Drama, History",
        "Director": "Christopher Nolan",
        "Writer": "Christopher Nolan",
        "Actors": "Fionn Whitehead, Barry Keoghan, Mark Rylance",
        "Plot": "Allied soldiers from Belgium, the British Commonwealth and Empire, and France are surrounded by the German Army and evacuated during a fierce battle in World War II.",
        "Language": "English, French, German",
        "Country": "United Kingdom, Netherlands, France, United States",
        "Awards": "Won 3 Oscars. 68 wins & 236 nominations total",
        "Poster": "https://m.media-amazon.com/images/M/MV5BZWU5ZjJkNTQtMzQwOS00ZGE4LWJkMWUtMGQ5YjdiM2FhYmRhXkEyXkFqcGc@._V1_SX300.jpg",
        "Ratings": [
            {
                "Source": "Internet Movie Database",
                "Value": "7.8/10"
            },
            {
                "Source": "Rotten Tomatoes",
                "Value": "92%"
            },
            {
                "Source": "Metacritic",
                "Value": "94/100"
            }
        ],
        "Metascore": "94",
        "imdbRating": "7.8",
        "imdbVotes": "765,975",
        "imdbID": "tt5013056",
        "Type": "movie",
        "DVD": "N/A",
        "BoxOffice": "$189,740,665",
        "Production": "N/A",
        "Website": "N/A",
        "Response": "True"
    }
}