{
    "tmdb": {
        "adult": false,
        "backdrop_path": "/5oCAo7LFj2x0yByfi5JYirGnK8I.jpg",
        "belongs_to_collection": {
            "id": 1062948,
            "name": "Twister Collection",
            "poster_path": "/vfTgngAGpgzBLZ3mS9Carcgbawb.jpg",
            "backdrop_path": "/bnb3pWSDihCCeZ0wGlFBbTScyZv.jpg"
        },
        "budget": 92000000,
        "genres": [
            {
                "id": 28,
                "name": "Action"
            },
            {
                "id": 12,
                "name": "Adventure"
            },
            {
                "id": 18,
                "name": "Drama"
            }
        ],
        "homepage": "https://www.warnerbros.com/movies/twister",
        "id": 664,
        "imdb_id": "tt0117998",
        "origin_country": [
            "US"
        ],
        "original_language": "en",
        "original_title": "Twister",
        "overview": "An unprecedented series of violent tornadoes is sweeping across Oklahoma. Tornado chasers, headed by Dr. Jo Harding, attempt to release a groundbreaking device that will allow them to track them and create a more advanced warning system. They are joined by Jo's soon to be ex-husband Bill, a former tornado chaser himself, and his girlfriend Melissa.",
        "popularity": 16.5019,
        "poster_path": "/d4ie3f6QTvNw40V770Uzo87SDZn.jpg",
        "production_companies": [
            {
                "id": 174,
                "logo_path": "/zhD3hhtKB5qyv7ZeL4uLpNxgMVU.png",
                "name": "Warner Bros. Pictures",
                "origin_country": "US"
            },
            {
                "id": 33,
                "logo_path": "/3wwjVpkZtnog6lSKzWDjvw2Yi00.png",
                "name": "Universal Pictures",
                "origin_country": "US"
            },
            {
                "id": 56,
                "logo_path": "/cEaxANEisCqeEoRvODv2dO1I0iI.png",
                "name": "Amblin Entertainment",
                "origin_country": "US"
            }
        ],
        "production_countries": [
            {
                "iso_3166_1": "US",
                "name": "United States of America"
            }
        ],
        "release_date": "1996-05-10",
        "revenue": 494471524,
        "runtime": 113,
        "spoken_languages": [
            {
                "english_name": "English",
                "iso_639_1": "en",
                "name": "English"
            }
        ],
        "status": "Released",
        "tagline": "Don't breathe. Don't look back.",
        "title": "Twister",
        "video": false,
        "vote_average": 6.539,
        "vote_count": 3557
    },
    "omdb": {
        "Title": "Twister",
        "Year": "1996",
        "Rated": "PG-13",
        "Released": "10 May 1996",
        "Runtime": "113 min",
        "Genre": "Action, Adventure, Thriller",
        "Director": "Jan de Bont",
        "Writer": "Michael Crichton, Anne-Marie Martin",
        "Actors": "Helen Hunt, Bill Paxton, Jami Gertz",
        "Plot": "Two storm chasers on the brink of divorce must work together to create an advanced weather alert system by putting themselves in the cross-hairs of extremely violent tornadoes.",
        "Language": "English",
        "Country": "United States",
        "Awards": "Nominated for 2 Oscars. 11 wins & 17 nominations total",
        "Poster": "https://m.media-amazon.com/images/M/MV5BNGVhY2JjYzgtYjAyOC00ODg0LTliYWEtMzliZWYzMjA2NjYyXkEyXkFqcGc@._V1_SX300.jpg",
        "Ratings": [
            {
                "Source": "Internet Movie Database",
                "Value": "6.5/10"
            },
            {
                "Source": "Rotten Tomatoes",
                "Value": "67%"
            },
            {
                "Source": "Metacritic",
                "Value": "68/100"
            }
        ],
        "Metascore": "68",
        "imdbRating": "6.5",
        "imdbVotes": "240,389",
        "imdbID": "tt0117998",
        "Type": "movie",
        "DVD": "N/A",
        "BoxOffice": "$241,830,615",
        "Production": "N/A",
        "Website": "N/A",
        "Response": "True"
    }
}