{
    "tmdb": {
        "adult": false,
        "backdrop_path": "/2J283YNxKhxAqHeVegUJ5mzLfGb.jpg",
        "belongs_to_collection": {
            "id": 735384,
            "name": "Hercule Poirot (Kenneth Branagh) Collection",
            "poster_path": "/3FWaxwZgpLDFIDm1HDyT7jeGsEU.jpg",
            "backdrop_path": "/rI27nF0juWNs3vwhQ8p2qUwE88F.jpg"
        },
        "budget": 55000000,
        "genres": [
            {
                "id": 9648,
                "name": "Mystery"
            },
            {
                "id": 18,
                "name": "Drama"
            },
            {
                "id": 80,
                "name": "Crime"
            }
        ],
        "homepage": "",
        "id": 392044,
        "imdb_id": "tt3402236",
        "origin_country": [
            "US"
        ],
        "original_language": "en",
        "original_title": "Murder on the Orient Express",
        "overview": "Genius Belgian detective Hercule Poirot investigates the murder of an American tycoon aboard the Orient Express train.",
        "popularity": 17.5713,
        "poster_path": "/kc2gJjebceoFgOQbukzPzP8SXVZ.jpg",
        "production_companies": [
            {
                "id": 1557,
                "logo_path": "/ccz9bqCu3jSFKbPFnfWmjAKZLBL.png",
                "name": "The Mark Gordon Company",
                "origin_country": "US"
            },
            {
                "id": 28788,
                "logo_path": "/Aqomtf9oh5dKtxBNEagkdlp3aGv.png",
                "name": "Genre Films",
                "origin_country": "US"
            },
            {
                "id": 25,
                "logo_path": "/qZCc1lty5FzX30aOCVRBLzaVmcp.png",
                "name": "20th Century Fox",
                "origin_country": "US"
            },
            {
                "id": 221347,
                "logo_path": "/6Ry6uNBaa0IbbSs1XYIgX5DkA9r.png",
                "name": "Scott Free Productions",
                "origin_country": "US"
            }
        ],
        "production_countries": [
            {
                "iso_3166_1": "US",
                "name": "United States of America"
            }
        ],
        "release_date": "2017-11-03",
        "revenue": 352800000,
        "runtime": 114,
        "spoken_languages": [
            {
                "english_name": "Turkish",
                "iso_639_1": "tr",
                "name": "Türkçe"
            },
            {
                "english_name": "German",
                "iso_639_1": "de",
                "name": "Deutsch"
            },
            {
                "english_name": "French",
                "iso_639_1": "fr",
                "name": "Français"
            },
            {
                "english_name": "English",
                "iso_639_1": "en",
                "name": "English"
            },
            {
                "english_name": "Arabic",
                "iso_639_1": "ar",
                "name": "العربية"
            }
        ],
        "status": "Released",
        "tagline": "Everyone is a suspect.",
        "title": "Murder on the Orient Express",
        "video": false,
        "vote_average": 6.702,
        "vote_count": 10102
    },
    "omdb": {
        "Title": "Murder on the Orient Express",
        "Year": "2017",
        "Rated": "PG-13",
        "Released": "10 Nov 2017",
        "Runtime": "114 min",
        "Genre": "Crime, Drama, Mystery",
        "Director": "Kenneth Branagh",
        "Writer": "Michael Green, Agatha Christie",
        "Actors": "Kenneth Branagh, Penélope Cruz, Willem Dafoe",
        "Plot": "When a murder occurs on the train on which he's travelling, celebrated detective Hercule Poirot is recruited to solve the case.",
        "Language": "English, French, Turkish, German, Arabic",
        "Country": "United States",
        "Awards": "2 wins & 29 nominations total",
        "Poster": "https://m.media-amazon.com/images/M/MV5BNTlkYjBlZTctZjg2YS00NDMzLTlkMTMtNWExMGYyOTliMmEzXkEyXkFqcGc@._V1_SX300.jpg",
        "Ratings": [
            {
                "Source": "Internet Movie Database",
                "Value": "6.5/10"
            },
            {
                "Source": "Rotten Tomatoes",
                "Value": "60%"
            },
            {
                "Source": "Metacritic",
                "Value": "52/100"
            }
        ],
        "Metascore": "52",
        "imdbRating": "6.5",
        "imdbVotes": "306,608",
        "imdbID": "tt3402236",
        "Type": "movie",
        "DVD": "N/A",
        "BoxOffice": "$102,826,543",
        "Production": "N/A",
        "Website": "N/A",
        "Response": "True"
    }
}