{
    "tmdb": {
        "adult": false,
        "backdrop_path": "/ztiFxuG0gC6wQ8y7JZFYbCQyN4Y.jpg",
        "belongs_to_collection": {
            "id": 544670,
            "name": "Sing Collection",
            "poster_path": "/xFOCVD2s5sAI210cFzGap1Ke0bj.jpg",
            "backdrop_path": "/z9ft5HYHzWcasR6SGcgeluxTznB.jpg"
        },
        "budget": 85000000,
        "genres": [
            {
                "id": 16,
                "name": "Animation"
            },
            {
                "id": 10751,
                "name": "Family"
            },
            {
                "id": 10402,
                "name": "Music"
            },
            {
                "id": 35,
                "name": "Comedy"
            }
        ],
        "homepage": "https://www.illumination.com/movie/sing-2/",
        "id": 438695,
        "imdb_id": "tt6467266",
        "origin_country": [
            "US"
        ],
        "original_language": "en",
        "original_title": "Sing 2",
        "overview": "Buster and his new cast now have their sights set on debuting a new show at the Crystal Tower Theater in glamorous Redshore City. But with no connections, he and his singers must sneak into the Crystal Entertainment offices, run by the ruthless wolf mogul Jimmy Crystal, where the gang pitches the ridiculous idea of casting the lion rock legend Clay Calloway in their show. Buster must embark on a quest to find the now-isolated Clay and persuade him to return to the stage.",
        "popularity": 19.0676,
        "poster_path": "/aWeKITRFbbwY8txG5uCj4rMCfSP.jpg",
        "production_companies": [
            {
                "id": 33,
                "logo_path": "/3wwjVpkZtnog6lSKzWDjvw2Yi00.png",
                "name": "Universal Pictures",
                "origin_country": "US"
            },
            {
                "id": 6704,
                "logo_path": "/fOG2oY4m1YuYTQh4bMqqZkmgOAI.png",
                "name": "Illumination",
                "origin_country": "US"
            }
        ],
        "production_countries": [
            {
                "iso_3166_1": "US",
                "name": "United States of America"
            }
        ],
        "release_date": "2021-12-01",
        "revenue": 408402685,
        "runtime": 109,
        "spoken_languages": [
            {
                "english_name": "English",
                "iso_639_1": "en",
                "name": "English"
            }
        ],
        "status": "Released",
        "tagline": "Where will your dreams take you?",
        "title": "Sing 2",
        "video": false,
        "vote_average": 7.85,
        "vote_count": 4504
    },
    "omdb": {
        "Title": "Sing 2",
        "Year": "2021",
        "Rated": "PG",
        "Released": "22 Dec 2021",
        "Runtime": "110 min",
        "Genre": "Animation, Adventure, Comedy",
        "Director": "Garth Jennings, Christophe Lourdelet",
        "Writer": "Garth Jennings",
        "Actors": "Matthew McConaughey, Reese Witherspoon, Scarlett Johansson",
        "Plot": "Buster Moon and his friends must persuade reclusive rock star Clay Calloway to join them for the opening of a new show.",
        "Language": "English",
        "Country": "United States, Japan, France",
        "Awards": "2 wins & 21 nominations total",
        "Poster": "https://m.media-amazon.com/images/M/MV5BNzZkZmMzNzItYzBhOS00ZGEwLWFiNWYtMWRjNzM4MjRjZTRjXkEyXkFqcGc@._V1_SX300.jpg",
        "Ratings": [
            {
                "Source": "Internet Movie Database",
                "Value": "7.3/10"
            },
            {
                "Source": "Rotten Tomatoes",
                "Value": "72%"
            },
            {
                "Source": "Metacritic",
                "Value": "49/100"
            }
        ],
        "Metascore": "49",
        "imdbRating": "7.3",
        "imdbVotes": "94,771",
        "imdbID": "tt6467266",
        "Type": "movie",
        "DVD": "N/A",
        "BoxOffice": "$162,790,990",
        "Production": "N/A",
        "Website": "N/A",
        "Response": "True"
    }
}