{
    "tmdb": {
        "adult": false,
        "backdrop_path": "/75X4cJQ3yqyESu6wNjyUFpGhxGb.jpg",
        "belongs_to_collection": null,
        "budget": 0,
        "genres": [
            {
                "id": 18,
                "name": "Drama"
            },
            {
                "id": 36,
                "name": "History"
            }
        ],
        "homepage": "https://www.thetwopopesmovie.com/",
        "id": 551332,
        "imdb_id": "tt8404614",
        "origin_country": [
            "AR",
            "GB",
            "IT",
            "US"
        ],
        "original_language": "en",
        "original_title": "The Two Popes",
        "overview": "Frustrated with the direction of the church, Cardinal Bergoglio requests permission to retire in 2012 from Pope Benedict. Instead, facing scandal and self-doubt, the introspective Pope Benedict summons his harshest critic and future successor to Rome to reveal a secret that would shake the foundations of the Catholic Church.",
        "popularity": 31.7878,
        "poster_path": "/4d4mTSfDIFIbUbMLUfaKodvxYXA.jpg",
        "production_companies": [
            {
                "id": 118854,
                "logo_path": "/g9LPNlQFoDcHjfnvrEqFmeIaDrZ.png",
                "name": "Rideback",
                "origin_country": "US"
            }
        ],
        "production_countries": [
            {
                "iso_3166_1": "US",
                "name": "United States of America"
            }
        ],
        "release_date": "2019-11-27",
        "revenue": 232638,
        "runtime": 125,
        "spoken_languages": [
            {
                "english_name": "English",
                "iso_639_1": "en",
                "name": "English"
            },
            {
                "english_name": "Spanish",
                "iso_639_1": "es",
                "name": "Español"
            },
            {
                "english_name": "Italian",
                "iso_639_1": "it",
                "name": "Italiano"
            },
            {
                "english_name": "Latin",
                "iso_639_1": "la",
                "name": "Latin"
            },
            {
                "english_name": "German",
                "iso_639_1": "de",
                "name": "Deutsch"
            },
            {
                "english_name": "Portuguese",
                "iso_639_1": "pt",
                "name": "Português"
            },
            {
                "english_name": "French",
                "iso_639_1": "fr",
                "name": "Français"
            }
        ],
        "status": "Released",
        "tagline": "",
        "title": "The Two Popes",
        "video": false,
        "vote_average": 7.487,
        "vote_count": 2922
    },
    "omdb": {
        "Title": "The Two Popes",
        "Year": "2019",
        "Rated": "PG-13",
        "Released": "20 Dec 2019",
        "Runtime": "125 min",
        "Genre": "Biography, Comedy, Drama",
        "Director": "Fernando Meirelles",
        "Writer": "Anthony McCarten",
        "Actors": "Jonathan Pryce, Anthony Hopkins, Juan Minujín",
        "Plot": "Behind Vatican walls, the conservative Pope Benedict XVI and the liberal future Pope Francis must find common ground to forge a new path for the Catholic Church.",
        "Language": "English, Spanish, Italian, Latin, Portuguese, French, German",
        "Country": "United Kingdom, Italy, Argentina, United States",
        "Awards": "Nominated for 3 Oscars. 11 wins & 57 nominations total",
        "Poster": "https://m.media-amazon.com/images/M/MV5BN2NlYjdkOGEtMGYyOC00MzM5LWE5MzYtYzUyZjE3NTM5NGIyXkEyXkFqcGc@._V1_SX300.jpg",
        "Ratings": [
            {
                "Source": "Internet Movie Database",
                "Value": "7.6/10"
            },
            {
                "Source": "Rotten Tomatoes",
                "Value": "88%"
            },
            {
                "Source": "Metacritic",
                "Value": "75/100"
            }
        ],
        "Metascore": "75",
        "imdbRating": "7.6",
        "imdbVotes": "135,898",
        "imdbID": "tt8404614",
        "Type": "movie",
        "DVD": "N/A",
        "BoxOffice": "N/A",
        "Production": "N/A",
        "Website": "N/A",
        "Response": "True"
    }
}