{
    "tmdb": {
        "adult": false,
        "backdrop_path": "/l8ubUlfzlB5R2j9cJ3CN7tj0gmd.jpg",
        "belongs_to_collection": {
            "id": 23616,
            "name": "Naruto Collection",
            "poster_path": "/cmKBGxVSAykHsnCL27wX4PIjNZI.jpg",
            "backdrop_path": "/prLI2SNNkd9wcQkFh9iWXzQtR5D.jpg"
        },
        "budget": 750000,
        "genres": [
            {
                "id": 28,
                "name": "Action"
            },
            {
                "id": 10749,
                "name": "Romance"
            },
            {
                "id": 16,
                "name": "Animation"
            }
        ],
        "homepage": "",
        "id": 317442,
        "imdb_id": "tt3717532",
        "origin_country": [
            "JP"
        ],
        "original_language": "ja",
        "original_title": "THE LAST -NARUTO THE MOVIE-",
        "overview": "Two years after the events of the Fourth Great Ninja War, the moon that Hagoromo Otsutsuki created long ago to seal away the Gedo Statue begins to descend towards the world, threatening to become a meteor that would destroy everything on impact. Amidst this crisis, a direct descendant of Kaguya Otsutsuki named Toneri Otsutsuki attempts to kidnap Hinata Hyuga but ends up abducting her younger sister Hanabi. Naruto and his allies now mount a rescue mission before finding themselves embroiled in a final battle to decide the fate of everything.",
        "popularity": 14.9513,
        "poster_path": "/bAQ8O5Uw6FedtlCbJTutenzPVKd.jpg",
        "production_companies": [
            {
                "id": 2883,
                "logo_path": "/rDYExnBV61jGQnkhVVrPN4Yl7O1.png",
                "name": "Aniplex",
                "origin_country": "JP"
            },
            {
                "id": 3234,
                "logo_path": "/wTPPnz05ZCQgEQVeSOxTkUCyhr5.png",
                "name": "Pierrot",
                "origin_country": "JP"
            },
            {
                "id": 528,
                "logo_path": "/fO3Aof3lXQclYpBByYC8aneTXwA.png",
                "name": "Bandai Visual",
                "origin_country": "JP"
            },
            {
                "id": 1778,
                "logo_path": "/b5rT6VbYza3LyfltCmz1OcqzWJM.png",
                "name": "dentsu",
                "origin_country": "JP"
            },
            {
                "id": 2918,
                "logo_path": "/gyEWUBWwqrm3H5T2hkERD9LxpOq.png",
                "name": "Shueisha",
                "origin_country": "JP"
            },
            {
                "id": 3034,
                "logo_path": "/jnuO8pZNEBLEq5YaOP1f5OkmG91.png",
                "name": "TV Tokyo",
                "origin_country": "JP"
            }
        ],
        "production_countries": [
            {
                "iso_3166_1": "JP",
                "name": "Japan"
            }
        ],
        "release_date": "2014-12-06",
        "revenue": 19840000,
        "runtime": 114,
        "spoken_languages": [
            {
                "english_name": "Japanese",
                "iso_639_1": "ja",
                "name": "日本語"
            }
        ],
        "status": "Released",
        "tagline": "",
        "title": "The Last: Naruto the Movie",
        "video": false,
        "vote_average": 7.442,
        "vote_count": 2308
    },
    "omdb": {
        "Title": "The Last: Naruto the Movie",
        "Year": "2014",
        "Rated": "TV-14",
        "Released": "06 Oct 2015",
        "Runtime": "112 min",
        "Genre": "Animation, Action, Adventure",
        "Director": "Tsuneo Kobayashi",
        "Writer": "Maruo Kyôzuka, Masashi Kishimoto, Seth Walther",
        "Actors": "Junko Takeuchi, Nana Mizuki, Jun Fukuyama",
        "Plot": "Hinata Hyuga's younger sister has been kidnapped, so Naruto must do what he can to save her.",
        "Language": "Japanese",
        "Country": "Japan",
        "Awards": "3 nominations total",
        "Poster": "https://m.media-amazon.com/images/M/MV5BMjk1NzA4Njg4Ml5BMl5BanBnXkFtZTgwMDgxODQ5MzE@._V1_SX300.jpg",
        "Ratings": [
            {
                "Source": "Internet Movie Database",
                "Value": "7.6/10"
            }
        ],
        "Metascore": "N/A",
        "imdbRating": "7.6",
        "imdbVotes": "18,648",
        "imdbID": "tt3717532",
        "Type": "movie",
        "DVD": "N/A",
        "BoxOffice": "$524,451",
        "Production": "N/A",
        "Website": "N/A",
        "Response": "True"
    }
}