{
    "tmdb": {
        "adult": false,
        "backdrop_path": "/weAYfu6FfrNxEDJ3xH1XpgQcqUv.jpg",
        "belongs_to_collection": {
            "id": 33514,
            "name": "The Twilight Collection",
            "poster_path": "/aKAX2HO5V94JYeSIkOMFNlRI71E.jpg",
            "backdrop_path": "/3be0BffeZTyMbj4Ndzo6Y877SBQ.jpg"
        },
        "budget": 37000000,
        "genres": [
            {
                "id": 14,
                "name": "Fantasy"
            },
            {
                "id": 18,
                "name": "Drama"
            },
            {
                "id": 10749,
                "name": "Romance"
            }
        ],
        "homepage": "",
        "id": 8966,
        "imdb_id": "tt1099212",
        "origin_country": [
            "US"
        ],
        "original_language": "en",
        "original_title": "Twilight",
        "overview": "When Bella Swan moves to a small town in the Pacific Northwest, she falls in love with Edward Cullen, a mysterious classmate who reveals himself to be a 108-year-old vampire. Despite Edward's repeated cautions, Bella can't stay away from him, a fatal move that endangers her own life.",
        "popularity": 29.7866,
        "poster_path": "/3Gkb6jm6962ADUPaCBqzz9CTbn9.jpg",
        "production_companies": [
            {
                "id": 491,
                "logo_path": "/5LvDUt3KmvRnXQ4NrdWJYHeuA8J.png",
                "name": "Summit Entertainment",
                "origin_country": "US"
            },
            {
                "id": 12292,
                "logo_path": "/4GQTeqos2luopEtp3OgMQYusQ5c.png",
                "name": "Temple Hill Entertainment",
                "origin_country": "US"
            },
            {
                "id": 4000,
                "logo_path": null,
                "name": "Maverick Films",
                "origin_country": "US"
            },
            {
                "id": 5218,
                "logo_path": "/dhb42ugM9DzSpDctTWCtABPVOW4.png",
                "name": "Imprint Entertainment",
                "origin_country": "US"
            },
            {
                "id": 500,
                "logo_path": "/yDDFvMZAEbLGAm90LxzmayEfvE5.png",
                "name": "Goldcrest",
                "origin_country": "GB"
            },
            {
                "id": 234680,
                "logo_path": null,
                "name": "Aura Films",
                "origin_country": "GB"
            }
        ],
        "production_countries": [
            {
                "iso_3166_1": "GB",
                "name": "United Kingdom"
            },
            {
                "iso_3166_1": "US",
                "name": "United States of America"
            }
        ],
        "release_date": "2008-11-20",
        "revenue": 393616788,
        "runtime": 122,
        "spoken_languages": [
            {
                "english_name": "English",
                "iso_639_1": "en",
                "name": "English"
            }
        ],
        "status": "Released",
        "tagline": "When you can live forever, what do you live for?",
        "title": "Twilight",
        "video": false,
        "vote_average": 6.288,
        "vote_count": 13770
    },
    "omdb": {
        "Title": "Twilight",
        "Year": "2008",
        "Rated": "PG-13",
        "Released": "21 Nov 2008",
        "Runtime": "122 min",
        "Genre": "Drama, Fantasy, Romance",
        "Director": "Catherine Hardwicke",
        "Writer": "Melissa Rosenberg, Stephenie Meyer",
        "Actors": "Kristen Stewart, Robert Pattinson, Billy Burke",
        "Plot": "When Bella Swan moves to a small town in the Pacific Northwest, she falls in love with Edward Cullen, a mysterious classmate who reveals himself to be a 108-year-old vampire.",
        "Language": "English",
        "Country": "United States, United Kingdom",
        "Awards": "34 wins & 16 nominations total",
        "Poster": "https://m.media-amazon.com/images/M/MV5BMTQ2NzUxMTAxN15BMl5BanBnXkFtZTcwMzEyMTIwMg@@._V1_SX300.jpg",
        "Ratings": [
            {
                "Source": "Internet Movie Database",
                "Value": "5.3/10"
            },
            {
                "Source": "Rotten Tomatoes",
                "Value": "48%"
            },
            {
                "Source": "Metacritic",
                "Value": "56/100"
            }
        ],
        "Metascore": "56",
        "imdbRating": "5.3",
        "imdbVotes": "502,170",
        "imdbID": "tt1099212",
        "Type": "movie",
        "DVD": "N/A",
        "BoxOffice": "$193,962,473",
        "Production": "N/A",
        "Website": "N/A",
        "Response": "True"
    }
}