{
    "tmdb": {
        "adult": false,
        "backdrop_path": "/4mM7m9L3XlPLq4vNNy3P8yDSXNM.jpg",
        "belongs_to_collection": null,
        "budget": 0,
        "genres": [
            {
                "id": 53,
                "name": "Thriller"
            },
            {
                "id": 80,
                "name": "Crime"
            },
            {
                "id": 18,
                "name": "Drama"
            }
        ],
        "homepage": "https://www.netflix.com/title/81709663",
        "id": 1371202,
        "imdb_id": "tt31181421",
        "origin_country": [
            "NL"
        ],
        "original_language": "nl",
        "original_title": "iHostage",
        "overview": "When a gunman enters an Apple Store in the heart of Amsterdam, the police face a delicate challenge to resolve the standoff.",
        "popularity": 66.9002,
        "poster_path": "/tn3Ckxyc7OWXnhMPkiIBvqLdFC6.jpg",
        "production_companies": [
            {
                "id": 99572,
                "logo_path": null,
                "name": "Horizon Film Productions",
                "origin_country": "NL"
            }
        ],
        "production_countries": [
            {
                "iso_3166_1": "NL",
                "name": "Netherlands"
            }
        ],
        "release_date": "2025-04-18",
        "revenue": 0,
        "runtime": 100,
        "spoken_languages": [
            {
                "english_name": "Dutch",
                "iso_639_1": "nl",
                "name": "Nederlands"
            },
            {
                "english_name": "English",
                "iso_639_1": "en",
                "name": "English"
            }
        ],
        "status": "Released",
        "tagline": "",
        "title": "iHostage",
        "video": false,
        "vote_average": 6.098,
        "vote_count": 132
    },
    "omdb": {
        "Title": "iHostage",
        "Year": "2025",
        "Rated": "TV-MA",
        "Released": "18 Apr 2025",
        "Runtime": "100 min",
        "Genre": "Crime, Drama, Thriller",
        "Director": "Bobby Boermans",
        "Writer": "Bobby Boermans, Simon de Waal",
        "Actors": "Soufiane Moussouli, Admir Sehovic, Emmanuel Ohene Boafo",
        "Plot": "When a gunman enters an Apple Store in the heart of Amsterdam, the police face a delicate challenge to resolve the standoff. Based on true events.",
        "Language": "Dutch",
        "Country": "Netherlands",
        "Awards": "N/A",
        "Poster": "https://m.media-amazon.com/images/M/MV5BMGEyNWI4NjctY2NkYS00ZDY0LTkyNTUtOGRhM2UzNWYxOTc2XkEyXkFqcGc@._V1_SX300.jpg",
        "Ratings": [
            {
                "Source": "Internet Movie Database",
                "Value": "5.9/10"
            }
        ],
        "Metascore": "N/A",
        "imdbRating": "5.9",
        "imdbVotes": "2,510",
        "imdbID": "tt31181421",
        "Type": "movie",
        "DVD": "N/A",
        "BoxOffice": "N/A",
        "Production": "N/A",
        "Website": "N/A",
        "Response": "True"
    }
}