{
    "tmdb": {
        "adult": false,
        "backdrop_path": "/xWG7emUlBPhsJ2MyQHqH0poeXwm.jpg",
        "belongs_to_collection": {
            "id": 718551,
            "name": "Chicken Run Collection",
            "poster_path": "/rn3ZedQ6AfA60xG2WDe8FRIW29G.jpg",
            "backdrop_path": "/3ruzhPlPlfnDY4aX7Hx9o5auyJd.jpg"
        },
        "budget": 45000000,
        "genres": [
            {
                "id": 16,
                "name": "Animation"
            },
            {
                "id": 35,
                "name": "Comedy"
            },
            {
                "id": 10751,
                "name": "Family"
            }
        ],
        "homepage": "https://www.aardman.com/film-tv-games/chicken-run/",
        "id": 7443,
        "imdb_id": "tt0120630",
        "origin_country": [
            "US"
        ],
        "original_language": "en",
        "original_title": "Chicken Run",
        "overview": "The creators of Wallace & Gromit bring you an exciting and original story about a group of chickens determined to fly the coop–even if they can’t fly! It’s hardly poultry in motion when Rocky attempts to teach Ginger and her feathered friends to fly…but, with teamwork, determination and a little bit o’ cluck, the fearless flock plots one last attempt in a spectacular bid for freedom.",
        "popularity": 14.2445,
        "poster_path": "/8XgmIsbpVamdhwcNVsYzohFZTtT.jpg",
        "production_companies": [
            {
                "id": 297,
                "logo_path": "/58TnhYZqbMYgkHM6lg7dJoYJ4RH.png",
                "name": "Aardman",
                "origin_country": "GB"
            },
            {
                "id": 521,
                "logo_path": "/3BPX5VGBov8SDqTV7wC1L1xShAS.png",
                "name": "DreamWorks Animation",
                "origin_country": "US"
            },
            {
                "id": 7981,
                "logo_path": "/6Yv1gIAuGkHS5Vis4UjnqHhCPWV.png",
                "name": "Pathé",
                "origin_country": "FR"
            },
            {
                "id": 7,
                "logo_path": "/vru2SssLX3FPhnKZGtYw00pVIS9.png",
                "name": "DreamWorks Pictures",
                "origin_country": "US"
            }
        ],
        "production_countries": [
            {
                "iso_3166_1": "FR",
                "name": "France"
            },
            {
                "iso_3166_1": "GB",
                "name": "United Kingdom"
            },
            {
                "iso_3166_1": "US",
                "name": "United States of America"
            }
        ],
        "release_date": "2000-06-23",
        "revenue": 224834564,
        "runtime": 84,
        "spoken_languages": [
            {
                "english_name": "English",
                "iso_639_1": "en",
                "name": "English"
            }
        ],
        "status": "Released",
        "tagline": "There's nothing more determined than poultry with a plan.",
        "title": "Chicken Run",
        "video": false,
        "vote_average": 6.827,
        "vote_count": 5129
    },
    "omdb": {
        "Title": "Chicken Run",
        "Year": "2000",
        "Rated": "G",
        "Released": "23 Jun 2000",
        "Runtime": "84 min",
        "Genre": "Animation, Adventure, Comedy",
        "Director": "Peter Lord, Nick Park",
        "Writer": "Peter Lord, Nick Park, Karey Kirkpatrick",
        "Actors": "Mel Gibson, Julia Sawalha, Phil Daniels",
        "Plot": "When a cockerel apparently flies into a chicken farm, the chickens see him as an opportunity to escape their evil owners.",
        "Language": "English",
        "Country": "United Kingdom, France, United States",
        "Awards": "Nominated for 2 BAFTA 24 wins & 27 nominations total",
        "Poster": "https://m.media-amazon.com/images/M/MV5BNTc3YTRlMWMtMWIxMC00Njk2LTg0MjktNWVjNTUzOTViZmNhXkEyXkFqcGc@._V1_SX300.jpg",
        "Ratings": [
            {
                "Source": "Internet Movie Database",
                "Value": "7.1/10"
            },
            {
                "Source": "Rotten Tomatoes",
                "Value": "97%"
            },
            {
                "Source": "Metacritic",
                "Value": "88/100"
            }
        ],
        "Metascore": "88",
        "imdbRating": "7.1",
        "imdbVotes": "216,451",
        "imdbID": "tt0120630",
        "Type": "movie",
        "DVD": "N/A",
        "BoxOffice": "$106,834,564",
        "Production": "N/A",
        "Website": "N/A",
        "Response": "True"
    }
}