{
    "tmdb": {
        "adult": false,
        "backdrop_path": "/hdHIjZxq3SWFqpAz4NFhdbud0iz.jpg",
        "belongs_to_collection": {
            "id": 8091,
            "name": "Alien Collection",
            "poster_path": "/gWFHIY77cRVoBRGERwMHqpD27gc.jpg",
            "backdrop_path": "/6X42JnSMdo3dPAswOHUuvebdTq7.jpg"
        },
        "budget": 11000000,
        "genres": [
            {
                "id": 27,
                "name": "Horror"
            },
            {
                "id": 878,
                "name": "Science Fiction"
            }
        ],
        "homepage": "https://www.20thcenturystudios.com/movies/alien",
        "id": 348,
        "imdb_id": "tt0078748",
        "origin_country": [
            "US"
        ],
        "original_language": "en",
        "original_title": "Alien",
        "overview": "During its return to the earth, commercial spaceship Nostromo intercepts a distress signal from a distant planet. When a three-member team of the crew discovers a chamber containing thousands of eggs on the planet, a creature inside one of the eggs attacks an explorer. The entire crew is unaware of the impending nightmare set to descend upon them when the alien parasite planted inside its unfortunate host is birthed.",
        "popularity": 135.2474,
        "poster_path": "/vfrQk5IPloGg1v9Rzbh2Eg3VGyM.jpg",
        "production_companies": [
            {
                "id": 25,
                "logo_path": "/qZCc1lty5FzX30aOCVRBLzaVmcp.png",
                "name": "20th Century Fox",
                "origin_country": "US"
            },
            {
                "id": 401,
                "logo_path": "/t7mM3DvQ9MwDT3YzMCBrkWpWiiz.png",
                "name": "Brandywine Productions",
                "origin_country": "US"
            }
        ],
        "production_countries": [
            {
                "iso_3166_1": "US",
                "name": "United States of America"
            }
        ],
        "release_date": "1979-05-25",
        "revenue": 104931801,
        "runtime": 117,
        "spoken_languages": [
            {
                "english_name": "English",
                "iso_639_1": "en",
                "name": "English"
            },
            {
                "english_name": "Spanish",
                "iso_639_1": "es",
                "name": "Español"
            }
        ],
        "status": "Released",
        "tagline": "In space, no one can hear you scream.",
        "title": "Alien",
        "video": false,
        "vote_average": 8.163,
        "vote_count": 15233
    },
    "omdb": {
        "Title": "Alien",
        "Year": "1979",
        "Rated": "R",
        "Released": "22 Jun 1979",
        "Runtime": "117 min",
        "Genre": "Horror, Sci-Fi",
        "Director": "Ridley Scott",
        "Writer": "Dan O'Bannon, Ronald Shusett",
        "Actors": "Sigourney Weaver, Tom Skerritt, John Hurt",
        "Plot": "After investigating a mysterious transmission of unknown origin, the crew of a commercial spacecraft encounters a deadly lifeform.",
        "Language": "English",
        "Country": "United Kingdom, United States",
        "Awards": "Won 1 Oscar. 19 wins & 22 nominations total",
        "Poster": "https://m.media-amazon.com/images/M/MV5BN2NhMDk2MmEtZDQzOC00MmY5LThhYzAtMDdjZGFjOGZjMjdjXkEyXkFqcGc@._V1_SX300.jpg",
        "Ratings": [
            {
                "Source": "Internet Movie Database",
                "Value": "8.5/10"
            },
            {
                "Source": "Rotten Tomatoes",
                "Value": "93%"
            },
            {
                "Source": "Metacritic",
                "Value": "89/100"
            }
        ],
        "Metascore": "89",
        "imdbRating": "8.5",
        "imdbVotes": "1,008,748",
        "imdbID": "tt0078748",
        "Type": "movie",
        "DVD": "N/A",
        "BoxOffice": "$84,206,106",
        "Production": "N/A",
        "Website": "N/A",
        "Response": "True"
    }
}