{
    "tmdb": {
        "adult": false,
        "backdrop_path": "/VuukZLgaCrho2Ar8Scl9HtV3yD.jpg",
        "belongs_to_collection": {
            "id": 558216,
            "name": "Venom Collection",
            "poster_path": "/670x9sf0Ru8y6ezBggmYudx61yB.jpg",
            "backdrop_path": "/vq340s8DxA5Q209FT8PHA6CXYOx.jpg"
        },
        "budget": 116000000,
        "genres": [
            {
                "id": 878,
                "name": "Science Fiction"
            },
            {
                "id": 28,
                "name": "Action"
            }
        ],
        "homepage": "https://www.sonypictures.com/movies/venom",
        "id": 335983,
        "imdb_id": "tt1270797",
        "origin_country": [
            "US"
        ],
        "original_language": "en",
        "original_title": "Venom",
        "overview": "Investigative journalist Eddie Brock attempts a comeback following a scandal, but accidentally becomes the host of Venom, a violent, super powerful alien symbiote. Soon, he must rely on his newfound powers to protect the world from a shadowy organization looking for a symbiote of their own.",
        "popularity": 16.6157,
        "poster_path": "/2uNW4WbgBXL25BAbXGLnLqX71Sw.jpg",
        "production_companies": [
            {
                "id": 53462,
                "logo_path": "/nx8B3Phlcse02w86RW4CJqzCnfL.png",
                "name": "Matt Tolmach Productions",
                "origin_country": "US"
            },
            {
                "id": 84041,
                "logo_path": "/nw4kyc29QRpNtFbdsBHkRSFavvt.png",
                "name": "Pascal Pictures",
                "origin_country": "US"
            },
            {
                "id": 7505,
                "logo_path": "/837VMM4wOkODc1idNxGT0KQJlej.png",
                "name": "Marvel Entertainment",
                "origin_country": "US"
            },
            {
                "id": 81620,
                "logo_path": "/7LkIVuWBVScdujpKhBPx1TMnPQE.png",
                "name": "Tencent Pictures",
                "origin_country": "CN"
            },
            {
                "id": 14439,
                "logo_path": null,
                "name": "Arad Productions",
                "origin_country": "US"
            },
            {
                "id": 5,
                "logo_path": "/71BqEFAF4V3qjjMPCpLuyJFB9A.png",
                "name": "Columbia Pictures",
                "origin_country": "US"
            }
        ],
        "production_countries": [
            {
                "iso_3166_1": "CN",
                "name": "China"
            },
            {
                "iso_3166_1": "US",
                "name": "United States of America"
            }
        ],
        "release_date": "2018-09-28",
        "revenue": 856085151,
        "runtime": 112,
        "spoken_languages": [
            {
                "english_name": "Mandarin",
                "iso_639_1": "zh",
                "name": "普通话"
            },
            {
                "english_name": "English",
                "iso_639_1": "en",
                "name": "English"
            },
            {
                "english_name": "Malay",
                "iso_639_1": "ms",
                "name": "Bahasa melayu"
            }
        ],
        "status": "Released",
        "tagline": "The world has enough Superheroes.",
        "title": "Venom",
        "video": false,
        "vote_average": 6.829,
        "vote_count": 16503
    },
    "omdb": {
        "Title": "Venom",
        "Year": "2018",
        "Rated": "PG-13",
        "Released": "05 Oct 2018",
        "Runtime": "112 min",
        "Genre": "Action, Adventure, Sci-Fi",
        "Director": "Ruben Fleischer",
        "Writer": "Jeff Pinkner, Scott Rosenberg, Kelly Marcel",
        "Actors": "Tom Hardy, Michelle Williams, Riz Ahmed",
        "Plot": "A failed reporter is bonded to an alien entity, one of many symbiotes who have invaded Earth. But the being takes a liking to Earth and decides to protect it.",
        "Language": "English, Mandarin, Malay",
        "Country": "United States, China",
        "Awards": "2 wins & 9 nominations total",
        "Poster": "https://m.media-amazon.com/images/M/MV5BNTYwMDg5MDItNjhmZi00NmVmLThjNWItMmNkMjVkMWRhNzI2XkEyXkFqcGc@._V1_SX300.jpg",
        "Ratings": [
            {
                "Source": "Internet Movie Database",
                "Value": "6.6/10"
            },
            {
                "Source": "Rotten Tomatoes",
                "Value": "31%"
            },
            {
                "Source": "Metacritic",
                "Value": "35/100"
            }
        ],
        "Metascore": "35",
        "imdbRating": "6.6",
        "imdbVotes": "575,442",
        "imdbID": "tt1270797",
        "Type": "movie",
        "DVD": "N/A",
        "BoxOffice": "$213,515,506",
        "Production": "N/A",
        "Website": "N/A",
        "Response": "True"
    }
}