{
    "tmdb": {
        "adult": false,
        "backdrop_path": "/aPQsU3yLDUOhLJYnSqkhKRkQTAw.jpg",
        "belongs_to_collection": null,
        "budget": 15000000,
        "genres": [
            {
                "id": 18,
                "name": "Drama"
            },
            {
                "id": 36,
                "name": "History"
            },
            {
                "id": 10752,
                "name": "War"
            }
        ],
        "homepage": "https://a24films.com/films/the-zone-of-interest",
        "id": 467244,
        "imdb_id": "tt7160372",
        "origin_country": [
            "US"
        ],
        "original_language": "en",
        "original_title": "The Zone of Interest",
        "overview": "The commandant of Auschwitz, Rudolf Höss, and his wife Hedwig, strive to build a dream life for their family in a house and garden next to the camp.",
        "popularity": 14.8457,
        "poster_path": "/hUu9zyZmDd8VZegKi1iK1Vk0RYS.jpg",
        "production_companies": [
            {
                "id": 41077,
                "logo_path": "/1ZXsGaFPgrgS6ZZGS37AqD5uU12.png",
                "name": "A24",
                "origin_country": "US"
            },
            {
                "id": 6705,
                "logo_path": "/iNB1FCwT4XjO6wkN3PnpPnwr9GX.png",
                "name": "Film4 Productions",
                "origin_country": "GB"
            },
            {
                "id": 103376,
                "logo_path": "/zAyfGEx1LJOkwNTrHugnWHzLRE.png",
                "name": "Access Entertainment",
                "origin_country": "US"
            },
            {
                "id": 27543,
                "logo_path": null,
                "name": "JW Films",
                "origin_country": "US"
            },
            {
                "id": 113962,
                "logo_path": null,
                "name": "Extreme Emotions",
                "origin_country": "PL"
            }
        ],
        "production_countries": [
            {
                "iso_3166_1": "PL",
                "name": "Poland"
            },
            {
                "iso_3166_1": "GB",
                "name": "United Kingdom"
            },
            {
                "iso_3166_1": "US",
                "name": "United States of America"
            }
        ],
        "release_date": "2023-12-15",
        "revenue": 52631884,
        "runtime": 105,
        "spoken_languages": [
            {
                "english_name": "German",
                "iso_639_1": "de",
                "name": "Deutsch"
            },
            {
                "english_name": "Polish",
                "iso_639_1": "pl",
                "name": "Polski"
            },
            {
                "english_name": "Yiddish",
                "iso_639_1": "yi",
                "name": ""
            }
        ],
        "status": "Released",
        "tagline": "",
        "title": "The Zone of Interest",
        "video": false,
        "vote_average": 7.0,
        "vote_count": 2137
    },
    "omdb": {
        "Title": "The Zone of Interest",
        "Year": "2023",
        "Rated": "PG-13",
        "Released": "20 Feb 2024",
        "Runtime": "105 min",
        "Genre": "Drama, History, War",
        "Director": "Jonathan Glazer",
        "Writer": "Jonathan Glazer, Martin Amis",
        "Actors": "Christian Friedel, Sandra Hüller, Johann Karthaus",
        "Plot": "Auschwitz commandant Rudolf Höss and his wife Hedwig strive to build a dream life for their family in a house and garden beside the camp.",
        "Language": "German, Polish, Yiddish",
        "Country": "United Kingdom, Poland, United States",
        "Awards": "Won 2 Oscars. 67 wins & 185 nominations total",
        "Poster": "https://m.media-amazon.com/images/M/MV5BNjk4MTQ3MGEtZmI4OS00N2NhLWI5ZjgtYWE5ZWVkZGExYTQ1XkEyXkFqcGc@._V1_SX300.jpg",
        "Ratings": [
            {
                "Source": "Internet Movie Database",
                "Value": "7.3/10"
            },
            {
                "Source": "Rotten Tomatoes",
                "Value": "93%"
            },
            {
                "Source": "Metacritic",
                "Value": "92/100"
            }
        ],
        "Metascore": "92",
        "imdbRating": "7.3",
        "imdbVotes": "129,931",
        "imdbID": "tt7160372",
        "Type": "movie",
        "DVD": "N/A",
        "BoxOffice": "$8,659,464",
        "Production": "N/A",
        "Website": "N/A",
        "Response": "True"
    }
}