{
    "tmdb": {
        "adult": false,
        "backdrop_path": "/jhL4eTpccoZSVehhcR8DKLSBHZy.jpg",
        "belongs_to_collection": {
            "id": 131295,
            "name": "Captain America Collection",
            "poster_path": "/2tOgiY533JSFp7OrVlkeRJvsZpI.jpg",
            "backdrop_path": "/7kVucUYqz8fZkOmFtA8opDwJFXM.jpg"
        },
        "budget": 180000000,
        "genres": [
            {
                "id": 28,
                "name": "Action"
            },
            {
                "id": 53,
                "name": "Thriller"
            },
            {
                "id": 878,
                "name": "Science Fiction"
            }
        ],
        "homepage": "https://www.marvel.com/movies/captain-america-brave-new-world",
        "id": 822119,
        "imdb_id": "tt14513804",
        "origin_country": [
            "US"
        ],
        "original_language": "en",
        "original_title": "Captain America: Brave New World",
        "overview": "After meeting with newly elected U.S. President Thaddeus Ross, Sam finds himself in the middle of an international incident. He must discover the reason behind a nefarious global plot before the true mastermind has the entire world seeing red.",
        "popularity": 253.9094,
        "poster_path": "/pzIddUEMWhWzfvLI3TwxUG2wGoi.jpg",
        "production_companies": [
            {
                "id": 420,
                "logo_path": "/hUzeosd33nzE5MCNsZxCGEKTXaQ.png",
                "name": "Marvel Studios",
                "origin_country": "US"
            },
            {
                "id": 176762,
                "logo_path": null,
                "name": "Kevin Feige Productions",
                "origin_country": "US"
            }
        ],
        "production_countries": [
            {
                "iso_3166_1": "US",
                "name": "United States of America"
            }
        ],
        "release_date": "2025-02-12",
        "revenue": 414757293,
        "runtime": 119,
        "spoken_languages": [
            {
                "english_name": "English",
                "iso_639_1": "en",
                "name": "English"
            },
            {
                "english_name": "Japanese",
                "iso_639_1": "ja",
                "name": "日本語"
            },
            {
                "english_name": "Spanish",
                "iso_639_1": "es",
                "name": "Español"
            }
        ],
        "status": "Released",
        "tagline": "The future favors the brave.",
        "title": "Captain America: Brave New World",
        "video": false,
        "vote_average": 6.153,
        "vote_count": 1664
    },
    "omdb": {
        "Title": "Captain America: Brave New World",
        "Year": "2025",
        "Rated": "PG-13",
        "Released": "14 Feb 2025",
        "Runtime": "118 min",
        "Genre": "Action, Adventure, Sci-Fi",
        "Director": "Julius Onah",
        "Writer": "Rob Edwards, Malcolm Spellman, Dalan Musson",
        "Actors": "Anthony Mackie, Harrison Ford, Danny Ramirez",
        "Plot": "Sam Wilson, the new Captain America, finds himself in the middle of an international incident and must discover the motive behind a nefarious global plan.",
        "Language": "English",
        "Country": "United States, Canada",
        "Awards": "1 nomination total",
        "Poster": "https://m.media-amazon.com/images/M/MV5BNDRjY2E0ZmEtN2QwNi00NTEwLWI3MWItODNkMGYwYWFjNGE0XkEyXkFqcGc@._V1_SX300.jpg",
        "Ratings": [
            {
                "Source": "Internet Movie Database",
                "Value": "5.8/10"
            },
            {
                "Source": "Rotten Tomatoes",
                "Value": "48%"
            },
            {
                "Source": "Metacritic",
                "Value": "42/100"
            }
        ],
        "Metascore": "42",
        "imdbRating": "5.8",
        "imdbVotes": "89,452",
        "imdbID": "tt14513804",
        "Type": "movie",
        "DVD": "N/A",
        "BoxOffice": "$199,570,687",
        "Production": "N/A",
        "Website": "N/A",
        "Response": "True"
    }
}