{
    "tmdb": {
        "adult": false,
        "backdrop_path": "/sJpbDELfC8VjlRBOOkMJxxWpUg7.jpg",
        "belongs_to_collection": {
            "id": 126125,
            "name": "The Expendables Collection",
            "poster_path": "/zwnCtNpHa6TFI1z20LPFgdY2Qks.jpg",
            "backdrop_path": "/bNMIrbzIIkGfkdNbMrCUuVYZGNp.jpg"
        },
        "budget": 80000000,
        "genres": [
            {
                "id": 53,
                "name": "Thriller"
            },
            {
                "id": 12,
                "name": "Adventure"
            },
            {
                "id": 28,
                "name": "Action"
            }
        ],
        "homepage": "http://expendablesthemovie.com/",
        "id": 27578,
        "imdb_id": "tt1320253",
        "origin_country": [
            "US"
        ],
        "original_language": "en",
        "original_title": "The Expendables",
        "overview": "Barney Ross leads a band of highly skilled mercenaries including knife enthusiast Lee Christmas, a martial arts expert Yin Yang, heavy weapons specialist Hale Caesar, demolitionist Toll Road, and a loose-cannon sniper Gunner Jensen. When the group is commissioned by the mysterious Mr. Church to assassinate the dictator of a small South American island, Barney and Lee visit the remote locale to scout out their opposition and discover the true nature of the conflict engulfing the city.",
        "popularity": 16.5363,
        "poster_path": "/j09ZkH6R4JWVylBcDai1laCmGw7.jpg",
        "production_companies": [
            {
                "id": 7636,
                "logo_path": "/e6uCvCNTf0nnery1iaQh6QSgpbn.png",
                "name": "Nimar Studios",
                "origin_country": "BG"
            },
            {
                "id": 696,
                "logo_path": null,
                "name": "Rogue Marble",
                "origin_country": ""
            },
            {
                "id": 1020,
                "logo_path": "/kuUIHNwMec4dwOLghDhhZJzHZTd.png",
                "name": "Millennium Media",
                "origin_country": "US"
            },
            {
                "id": 925,
                "logo_path": "/dIb9hjXNOkgxu4kBWdIdK8nM4w.png",
                "name": "Nu Image",
                "origin_country": "US"
            },
            {
                "id": 1632,
                "logo_path": "/cisLn1YAUuptXVBa0xjq7ST9cH0.png",
                "name": "Lionsgate",
                "origin_country": "US"
            }
        ],
        "production_countries": [
            {
                "iso_3166_1": "BG",
                "name": "Bulgaria"
            },
            {
                "iso_3166_1": "US",
                "name": "United States of America"
            }
        ],
        "release_date": "2010-08-07",
        "revenue": 274470394,
        "runtime": 103,
        "spoken_languages": [
            {
                "english_name": "English",
                "iso_639_1": "en",
                "name": "English"
            },
            {
                "english_name": "Spanish",
                "iso_639_1": "es",
                "name": "Español"
            }
        ],
        "status": "Released",
        "tagline": "Choose your weapon.",
        "title": "The Expendables",
        "video": false,
        "vote_average": 6.246,
        "vote_count": 7885
    },
    "omdb": {
        "Title": "The Expendables",
        "Year": "2010",
        "Rated": "R",
        "Released": "13 Aug 2010",
        "Runtime": "103 min",
        "Genre": "Action, Adventure, Thriller",
        "Director": "Sylvester Stallone",
        "Writer": "Dave Callaham, Sylvester Stallone",
        "Actors": "Sylvester Stallone, Jason Statham, Jet Li",
        "Plot": "A CIA operative hires a team of mercenaries to eliminate a Latin dictator and a renegade CIA agent.",
        "Language": "English, Spanish",
        "Country": "United States, Bulgaria, Spain, Germany",
        "Awards": "3 wins & 5 nominations total",
        "Poster": "https://m.media-amazon.com/images/M/MV5BNTUwODQyNjM0NF5BMl5BanBnXkFtZTcwNDMwMTU1Mw@@._V1_SX300.jpg",
        "Ratings": [
            {
                "Source": "Internet Movie Database",
                "Value": "6.4/10"
            },
            {
                "Source": "Rotten Tomatoes",
                "Value": "42%"
            },
            {
                "Source": "Metacritic",
                "Value": "45/100"
            }
        ],
        "Metascore": "45",
        "imdbRating": "6.4",
        "imdbVotes": "370,807",
        "imdbID": "tt1320253",
        "Type": "movie",
        "DVD": "N/A",
        "BoxOffice": "$103,068,524",
        "Production": "N/A",
        "Website": "N/A",
        "Response": "True"
    }
}