{
    "tmdb": {
        "adult": false,
        "backdrop_path": "/vHJlbhsXrZ5yrO2KqCbGSIU6fRX.jpg",
        "belongs_to_collection": {
            "id": 295130,
            "name": "The Maze Runner Collection",
            "poster_path": "/beR71cbwXH0vySlTMPZo0GQ54Q9.jpg",
            "backdrop_path": "/9BX8MUXmOa9i7oyTMx9OmbzkLev.jpg"
        },
        "budget": 34000000,
        "genres": [
            {
                "id": 28,
                "name": "Action"
            },
            {
                "id": 9648,
                "name": "Mystery"
            },
            {
                "id": 878,
                "name": "Science Fiction"
            },
            {
                "id": 53,
                "name": "Thriller"
            }
        ],
        "homepage": "https://www.20thcenturystudios.com/movies/the-maze-runner",
        "id": 198663,
        "imdb_id": "tt1790864",
        "origin_country": [
            "US",
            "GB"
        ],
        "original_language": "en",
        "original_title": "The Maze Runner",
        "overview": "Set in a post-apocalyptic world, young Thomas is deposited in a community of boys after his memory is erased, soon learning they're all trapped in a maze that will require him to join forces with fellow “runners” for a shot at escape.",
        "popularity": 29.5392,
        "poster_path": "/ode14q7WtDugFDp78fo9lCsmay9.jpg",
        "production_companies": [
            {
                "id": 290,
                "logo_path": "/jrgCuaQsY9ouP5ILZf4Dq4ZOkIX.png",
                "name": "Ingenious Media",
                "origin_country": "GB"
            },
            {
                "id": 3672,
                "logo_path": "/xpRwVe9NL5791oyUidzeRp8ezGj.png",
                "name": "The Gotham Group",
                "origin_country": "US"
            },
            {
                "id": 8569,
                "logo_path": null,
                "name": "Dayday Films",
                "origin_country": "GB"
            },
            {
                "id": 12292,
                "logo_path": "/4GQTeqos2luopEtp3OgMQYusQ5c.png",
                "name": "Temple Hill Entertainment",
                "origin_country": "US"
            },
            {
                "id": 22213,
                "logo_path": "/qx9K6bFWJupwde0xQDwOvXkOaL8.png",
                "name": "TSG Entertainment",
                "origin_country": "US"
            },
            {
                "id": 25,
                "logo_path": "/qZCc1lty5FzX30aOCVRBLzaVmcp.png",
                "name": "20th Century Fox",
                "origin_country": "US"
            }
        ],
        "production_countries": [
            {
                "iso_3166_1": "US",
                "name": "United States of America"
            },
            {
                "iso_3166_1": "GB",
                "name": "United Kingdom"
            }
        ],
        "release_date": "2014-09-10",
        "revenue": 348319861,
        "runtime": 113,
        "spoken_languages": [
            {
                "english_name": "English",
                "iso_639_1": "en",
                "name": "English"
            }
        ],
        "status": "Released",
        "tagline": "Remember. Survive. Run.",
        "title": "The Maze Runner",
        "video": false,
        "vote_average": 7.189,
        "vote_count": 17312
    },
    "omdb": {
        "Title": "The Maze Runner",
        "Year": "2014",
        "Rated": "PG-13",
        "Released": "19 Sep 2014",
        "Runtime": "113 min",
        "Genre": "Action, Mystery, Sci-Fi",
        "Director": "Wes Ball",
        "Writer": "Noah Oppenheim, Grant Pierce Myers, T.S. Nowlin",
        "Actors": "Dylan O'Brien, Kaya Scodelario, Will Poulter",
        "Plot": "Thomas is deposited in a community of boys after his memory is erased, soon learning they're all trapped in a maze that will require him to join forces with fellow \"runners\" for a shot at escape.",
        "Language": "English",
        "Country": "United States, United Kingdom",
        "Awards": "4 wins & 12 nominations total",
        "Poster": "https://m.media-amazon.com/images/M/MV5BMjUyNTA3MTAyM15BMl5BanBnXkFtZTgwOTEyMTkyMjE@._V1_SX300.jpg",
        "Ratings": [
            {
                "Source": "Internet Movie Database",
                "Value": "6.8/10"
            },
            {
                "Source": "Rotten Tomatoes",
                "Value": "66%"
            },
            {
                "Source": "Metacritic",
                "Value": "57/100"
            }
        ],
        "Metascore": "57",
        "imdbRating": "6.8",
        "imdbVotes": "534,461",
        "imdbID": "tt1790864",
        "Type": "movie",
        "DVD": "N/A",
        "BoxOffice": "$102,427,862",
        "Production": "N/A",
        "Website": "N/A",
        "Response": "True"
    }
}