{
    "tmdb": {
        "adult": false,
        "backdrop_path": "/y2Ca1neKke2mGPMaHzlCNDVZqsK.jpg",
        "belongs_to_collection": null,
        "budget": 90000000,
        "genres": [
            {
                "id": 28,
                "name": "Action"
            },
            {
                "id": 35,
                "name": "Comedy"
            },
            {
                "id": 53,
                "name": "Thriller"
            }
        ],
        "homepage": "https://www.bullettrainmovie.com",
        "id": 718930,
        "imdb_id": "tt12593682",
        "origin_country": [
            "US"
        ],
        "original_language": "en",
        "original_title": "Bullet Train",
        "overview": "Unlucky assassin Ladybug is determined to do his job peacefully after one too many gigs gone off the rails. Fate, however, may have other plans, as Ladybug's latest mission puts him on a collision course with lethal adversaries from around the globe—all with connected, yet conflicting, objectives—on the world's fastest train.",
        "popularity": 21.9289,
        "poster_path": "/j8szC8OgrejDQjjMKSVXyaAjw3V.jpg",
        "production_companies": [
            {
                "id": 121470,
                "logo_path": "/hYURmkObkMOBj5KO7L1i5TdXS2a.png",
                "name": "87North Productions",
                "origin_country": "US"
            },
            {
                "id": 5,
                "logo_path": "/71BqEFAF4V3qjjMPCpLuyJFB9A.png",
                "name": "Columbia Pictures",
                "origin_country": "US"
            }
        ],
        "production_countries": [
            {
                "iso_3166_1": "US",
                "name": "United States of America"
            }
        ],
        "release_date": "2022-08-03",
        "revenue": 239300000,
        "runtime": 126,
        "spoken_languages": [
            {
                "english_name": "Japanese",
                "iso_639_1": "ja",
                "name": "日本語"
            },
            {
                "english_name": "English",
                "iso_639_1": "en",
                "name": "English"
            },
            {
                "english_name": "Russian",
                "iso_639_1": "ru",
                "name": "Pусский"
            },
            {
                "english_name": "Spanish",
                "iso_639_1": "es",
                "name": "Español"
            }
        ],
        "status": "Released",
        "tagline": "The end of the line is just the beginning.",
        "title": "Bullet Train",
        "video": false,
        "vote_average": 7.44,
        "vote_count": 6610
    },
    "omdb": {
        "Title": "Bullet Train",
        "Year": "2022",
        "Rated": "R",
        "Released": "05 Aug 2022",
        "Runtime": "127 min",
        "Genre": "Action, Comedy, Thriller",
        "Director": "David Leitch",
        "Writer": "Zak Olkewicz, Kôtarô Isaka",
        "Actors": "Brad Pitt, Joey King, Aaron Taylor-Johnson",
        "Plot": "Five assassins aboard a swiftly-moving bullet train find out that their missions have something in common.",
        "Language": "English, Japanese, Spanish, Russian",
        "Country": "United States, Japan",
        "Awards": "2 wins & 19 nominations total",
        "Poster": "https://m.media-amazon.com/images/M/MV5BODUyZjkxZDMtZGI3ZC00ZmEwLTgwMTUtYTU4OTQ5YjU4ZjRlXkEyXkFqcGc@._V1_SX300.jpg",
        "Ratings": [
            {
                "Source": "Internet Movie Database",
                "Value": "7.3/10"
            },
            {
                "Source": "Rotten Tomatoes",
                "Value": "53%"
            },
            {
                "Source": "Metacritic",
                "Value": "49/100"
            }
        ],
        "Metascore": "49",
        "imdbRating": "7.3",
        "imdbVotes": "489,971",
        "imdbID": "tt12593682",
        "Type": "movie",
        "DVD": "N/A",
        "BoxOffice": "$103,368,602",
        "Production": "N/A",
        "Website": "N/A",
        "Response": "True"
    }
}