{
    "tmdb": {
        "adult": false,
        "backdrop_path": "/AqLcLsGGTzAjm3pCCq0CZCQrp6m.jpg",
        "belongs_to_collection": {
            "id": 1241,
            "name": "Harry Potter Collection",
            "poster_path": "/s4hXqX1VyWMc2ctJRuNBDB7YNJ3.jpg",
            "backdrop_path": "/kmEsQL2vOTA0jnM28fXS45Ky8kX.jpg"
        },
        "budget": 250000000,
        "genres": [
            {
                "id": 12,
                "name": "Adventure"
            },
            {
                "id": 14,
                "name": "Fantasy"
            }
        ],
        "homepage": "https://www.warnerbros.com/movies/harry-potter-and-deathly-hallows-part-1/",
        "id": 12444,
        "imdb_id": "tt0926084",
        "origin_country": [
            "GB"
        ],
        "original_language": "en",
        "original_title": "Harry Potter and the Deathly Hallows: Part 1",
        "overview": "Harry, Ron and Hermione walk away from their last year at Hogwarts to find and destroy the remaining Horcruxes, putting an end to Voldemort's bid for immortality. But with Harry's beloved Dumbledore dead and Voldemort's unscrupulous Death Eaters on the loose, the world is more dangerous than ever.",
        "popularity": 18.6321,
        "poster_path": "/iGoXIpQb7Pot00EEdwpwPajheZ5.jpg",
        "production_companies": [
            {
                "id": 174,
                "logo_path": "/zhD3hhtKB5qyv7ZeL4uLpNxgMVU.png",
                "name": "Warner Bros. Pictures",
                "origin_country": "US"
            },
            {
                "id": 437,
                "logo_path": "/nu20mtwbEIhUNnQ5NXVhHsNknZj.png",
                "name": "Heyday Films",
                "origin_country": "GB"
            }
        ],
        "production_countries": [
            {
                "iso_3166_1": "GB",
                "name": "United Kingdom"
            },
            {
                "iso_3166_1": "US",
                "name": "United States of America"
            }
        ],
        "release_date": "2010-11-17",
        "revenue": 954305868,
        "runtime": 146,
        "spoken_languages": [
            {
                "english_name": "English",
                "iso_639_1": "en",
                "name": "English"
            }
        ],
        "status": "Released",
        "tagline": "Nowhere is safe.",
        "title": "Harry Potter and the Deathly Hallows: Part 1",
        "video": false,
        "vote_average": 7.742,
        "vote_count": 19455
    },
    "omdb": {
        "Title": "Harry Potter and the Deathly Hallows: Part 1",
        "Year": "2010",
        "Rated": "PG-13",
        "Released": "19 Nov 2010",
        "Runtime": "146 min",
        "Genre": "Adventure, Family, Fantasy",
        "Director": "David Yates",
        "Writer": "Steve Kloves, J.K. Rowling",
        "Actors": "Daniel Radcliffe, Emma Watson, Rupert Grint",
        "Plot": "Harry Potter is tasked with the dangerous and seemingly impossible task of locating and destroying Voldemort's remaining Horcruxes. Harry must rely on Ron and Hermione more than ever, but dark forces threaten to tear them apart.",
        "Language": "English, Latin",
        "Country": "United Kingdom, United States",
        "Awards": "Nominated for 2 Oscars. 15 wins & 55 nominations total",
        "Poster": "https://m.media-amazon.com/images/M/MV5BMTQ2OTE1Mjk0N15BMl5BanBnXkFtZTcwODE3MDAwNA@@._V1_SX300.jpg",
        "Ratings": [
            {
                "Source": "Internet Movie Database",
                "Value": "7.7/10"
            },
            {
                "Source": "Rotten Tomatoes",
                "Value": "77%"
            },
            {
                "Source": "Metacritic",
                "Value": "65/100"
            }
        ],
        "Metascore": "65",
        "imdbRating": "7.7",
        "imdbVotes": "628,553",
        "imdbID": "tt0926084",
        "Type": "movie",
        "DVD": "N/A",
        "BoxOffice": "$296,374,621",
        "Production": "N/A",
        "Website": "N/A",
        "Response": "True"
    }
}