{
    "tmdb": {
        "adult": false,
        "backdrop_path": "/9rMSCFH9zhv1vILpEZQlUJs9iUm.jpg",
        "belongs_to_collection": null,
        "budget": 12000000,
        "genres": [
            {
                "id": 80,
                "name": "Crime"
            },
            {
                "id": 28,
                "name": "Action"
            },
            {
                "id": 35,
                "name": "Comedy"
            }
        ],
        "homepage": "https://www.focusfeatures.com/hot_fuzz",
        "id": 4638,
        "imdb_id": "tt0425112",
        "origin_country": [
            "GB"
        ],
        "original_language": "en",
        "original_title": "Hot Fuzz",
        "overview": "Former London constable Nicholas Angel finds it difficult to adapt to his new assignment in the sleepy British village of Sandford. Not only does he miss the excitement of the big city, but he also has a well-meaning oaf for a partner. However, when a series of grisly accidents rocks Sandford, Angel smells something rotten in the idyllic village.",
        "popularity": 13.834,
        "poster_path": "/zPib4ukTSdXvHP9pxGkFCe34f3y.jpg",
        "production_companies": [
            {
                "id": 443,
                "logo_path": "/wibNj4tELmsnCFlf5ldLik37Urr.png",
                "name": "Big Talk Studios",
                "origin_country": "GB"
            },
            {
                "id": 694,
                "logo_path": "/5LEHONGkZBIoWvp1ygHOF8iyi1M.png",
                "name": "StudioCanal",
                "origin_country": "FR"
            },
            {
                "id": 10163,
                "logo_path": "/16KWBMmfPX0aJzDExDrPxSLj0Pg.png",
                "name": "Working Title Films",
                "origin_country": "GB"
            },
            {
                "id": 134,
                "logo_path": "/2uKAP9aAAhVMpfSqa4wtlIHod5g.png",
                "name": "Rogue Pictures",
                "origin_country": "US"
            },
            {
                "id": 33,
                "logo_path": "/3wwjVpkZtnog6lSKzWDjvw2Yi00.png",
                "name": "Universal Pictures",
                "origin_country": "US"
            }
        ],
        "production_countries": [
            {
                "iso_3166_1": "FR",
                "name": "France"
            },
            {
                "iso_3166_1": "GB",
                "name": "United Kingdom"
            },
            {
                "iso_3166_1": "US",
                "name": "United States of America"
            }
        ],
        "release_date": "2007-02-14",
        "revenue": 80600000,
        "runtime": 121,
        "spoken_languages": [
            {
                "english_name": "English",
                "iso_639_1": "en",
                "name": "English"
            }
        ],
        "status": "Released",
        "tagline": "Big cops. Small town. Moderate violence.",
        "title": "Hot Fuzz",
        "video": false,
        "vote_average": 7.56,
        "vote_count": 7753
    },
    "omdb": {
        "Title": "Hot Fuzz",
        "Year": "2007",
        "Rated": "R",
        "Released": "20 Apr 2007",
        "Runtime": "121 min",
        "Genre": "Action, Comedy, Mystery",
        "Director": "Edgar Wright",
        "Writer": "Edgar Wright, Simon Pegg",
        "Actors": "Simon Pegg, Nick Frost, Martin Freeman",
        "Plot": "An overachieving London police sergeant is transferred to a village where the easygoing officers object to his fervor for regulations, all while a string of grisly murders strikes the town.",
        "Language": "English",
        "Country": "United Kingdom, France",
        "Awards": "2 wins & 9 nominations total",
        "Poster": "https://m.media-amazon.com/images/M/MV5BYjFkZTkzZTQtNjM1ZS00M2EyLWE3MTAtMmY5Yzk0NTc0NDc3XkEyXkFqcGc@._V1_SX300.jpg",
        "Ratings": [
            {
                "Source": "Internet Movie Database",
                "Value": "7.8/10"
            },
            {
                "Source": "Rotten Tomatoes",
                "Value": "91%"
            },
            {
                "Source": "Metacritic",
                "Value": "81/100"
            }
        ],
        "Metascore": "81",
        "imdbRating": "7.8",
        "imdbVotes": "547,060",
        "imdbID": "tt0425112",
        "Type": "movie",
        "DVD": "N/A",
        "BoxOffice": "$23,637,265",
        "Production": "N/A",
        "Website": "N/A",
        "Response": "True"
    }
}