{
    "tmdb": {
        "adult": false,
        "backdrop_path": "/se5Hxz7PArQZOG3Nx2bpfOhLhtV.jpg",
        "belongs_to_collection": {
            "id": 468222,
            "name": "The Incredibles Collection",
            "poster_path": "/iOz4Zz72JIqkuTXSnbvNoloA6oD.jpg",
            "backdrop_path": "/6oi6V1O9MJRNnfV8E9JMntmFqBD.jpg"
        },
        "budget": 92000000,
        "genres": [
            {
                "id": 28,
                "name": "Action"
            },
            {
                "id": 12,
                "name": "Adventure"
            },
            {
                "id": 16,
                "name": "Animation"
            },
            {
                "id": 10751,
                "name": "Family"
            }
        ],
        "homepage": "http://disney.go.com/disneyvideos/animatedfilms/incredibles/main.html",
        "id": 9806,
        "imdb_id": "tt0317705",
        "origin_country": [
            "US"
        ],
        "original_language": "en",
        "original_title": "The Incredibles",
        "overview": "Bob Parr has given up his superhero days to log in time as an insurance adjuster and raise his three children with his formerly heroic wife in suburbia. But when he receives a mysterious assignment, it's time to get back into costume.",
        "popularity": 20.63,
        "poster_path": "/2LqaLgk4Z226KkgPJuiOQ58wvrm.jpg",
        "production_companies": [
            {
                "id": 2,
                "logo_path": "/wdrCwmRnLFJhEoH8GSfymY85KHT.png",
                "name": "Walt Disney Pictures",
                "origin_country": "US"
            },
            {
                "id": 3,
                "logo_path": "/1TjvGVDMYsj6JBxOAkUHpPEwLf7.png",
                "name": "Pixar",
                "origin_country": "US"
            }
        ],
        "production_countries": [
            {
                "iso_3166_1": "US",
                "name": "United States of America"
            }
        ],
        "release_date": "2004-10-27",
        "revenue": 631442092,
        "runtime": 115,
        "spoken_languages": [
            {
                "english_name": "French",
                "iso_639_1": "fr",
                "name": "Français"
            },
            {
                "english_name": "English",
                "iso_639_1": "en",
                "name": "English"
            }
        ],
        "status": "Released",
        "tagline": "No gut, no glory.",
        "title": "The Incredibles",
        "video": false,
        "vote_average": 7.71,
        "vote_count": 17965
    },
    "omdb": {
        "Title": "The Incredibles",
        "Year": "2004",
        "Rated": "PG",
        "Released": "05 Nov 2004",
        "Runtime": "115 min",
        "Genre": "Animation, Action, Adventure",
        "Director": "Brad Bird",
        "Writer": "Brad Bird",
        "Actors": "Craig T. Nelson, Samuel L. Jackson, Holly Hunter",
        "Plot": "While trying to lead a quiet suburban life, a family of undercover superheroes are forced into action to save the world.",
        "Language": "English, French, German, Italian, Portuguese, Russian",
        "Country": "United States",
        "Awards": "Won 2 Oscars. 69 wins & 56 nominations total",
        "Poster": "https://m.media-amazon.com/images/M/MV5BMTY5OTU0OTc2NV5BMl5BanBnXkFtZTcwMzU4MDcyMQ@@._V1_SX300.jpg",
        "Ratings": [
            {
                "Source": "Internet Movie Database",
                "Value": "8.0/10"
            },
            {
                "Source": "Metacritic",
                "Value": "90/100"
            }
        ],
        "Metascore": "90",
        "imdbRating": "8.0",
        "imdbVotes": "851,626",
        "imdbID": "tt0317705",
        "Type": "movie",
        "DVD": "29 Mar 2005",
        "BoxOffice": "$261,441,092",
        "Production": "N/A",
        "Website": "N/A",
        "Response": "True"
    }
}