{
    "tmdb": {
        "adult": false,
        "backdrop_path": "/biMJPdS7bGW7HQTQrHvXxMqOqdC.jpg",
        "belongs_to_collection": null,
        "budget": 40000000,
        "genres": [
            {
                "id": 10751,
                "name": "Family"
            },
            {
                "id": 35,
                "name": "Comedy"
            },
            {
                "id": 12,
                "name": "Adventure"
            },
            {
                "id": 14,
                "name": "Fantasy"
            }
        ],
        "homepage": "https://www.haroldandthepurplecrayon.movie",
        "id": 826510,
        "imdb_id": "tt1609486",
        "origin_country": [
            "US"
        ],
        "original_language": "en",
        "original_title": "Harold and the Purple Crayon",
        "overview": "Inside of his book, adventurous Harold can make anything come to life simply by drawing it. After he grows up and draws himself off the book's pages and into the physical world, Harold finds he has a lot to learn about real life.",
        "popularity": 14.7775,
        "poster_path": "/qtW6bWUEqfPLaD6KnetIlSG4adf.jpg",
        "production_companies": [
            {
                "id": 1302,
                "logo_path": "/zC3b70ixHh89qJIikLQPEvLqbPM.png",
                "name": "Davis Entertainment",
                "origin_country": "US"
            },
            {
                "id": 5,
                "logo_path": "/71BqEFAF4V3qjjMPCpLuyJFB9A.png",
                "name": "Columbia Pictures",
                "origin_country": "US"
            },
            {
                "id": 22213,
                "logo_path": "/qx9K6bFWJupwde0xQDwOvXkOaL8.png",
                "name": "TSG Entertainment",
                "origin_country": "US"
            }
        ],
        "production_countries": [
            {
                "iso_3166_1": "US",
                "name": "United States of America"
            }
        ],
        "release_date": "2024-07-31",
        "revenue": 32227855,
        "runtime": 90,
        "spoken_languages": [
            {
                "english_name": "English",
                "iso_639_1": "en",
                "name": "English"
            }
        ],
        "status": "Released",
        "tagline": "Everything he draws is about to get real.",
        "title": "Harold and the Purple Crayon",
        "video": false,
        "vote_average": 6.773,
        "vote_count": 273
    },
    "omdb": {
        "Title": "Harold and the Purple Crayon",
        "Year": "2024",
        "Rated": "PG",
        "Released": "02 Aug 2024",
        "Runtime": "90 min",
        "Genre": "Animation, Adventure, Comedy",
        "Director": "Carlos Saldanha",
        "Writer": "David Guion, Michael Handelman, Crockett Johnson",
        "Actors": "Zachary Levi, Lil Rel Howery, Benjamin Bottani",
        "Plot": "Inside of his book, adventurous Harold can make anything come to life simply by drawing it. After he grows up and draws himself off the book's pages and into the physical world, Harold finds he has a lot to learn about real life.",
        "Language": "English",
        "Country": "United States",
        "Awards": "1 nomination total",
        "Poster": "https://m.media-amazon.com/images/M/MV5BZGE3MmYxOTgtMGY1Ni00ZWQ4LTlhNjAtMzcxYjIzMjcwN2U1XkEyXkFqcGc@._V1_SX300.jpg",
        "Ratings": [
            {
                "Source": "Internet Movie Database",
                "Value": "5.7/10"
            },
            {
                "Source": "Rotten Tomatoes",
                "Value": "27%"
            },
            {
                "Source": "Metacritic",
                "Value": "34/100"
            }
        ],
        "Metascore": "34",
        "imdbRating": "5.7",
        "imdbVotes": "6,411",
        "imdbID": "tt1609486",
        "Type": "movie",
        "DVD": "N/A",
        "BoxOffice": "$17,640,924",
        "Production": "N/A",
        "Website": "N/A",
        "Response": "True"
    }
}