{
    "tmdb": {
        "adult": false,
        "backdrop_path": "/eMQ8pdAgOQ3LHpyylkm5F51OChW.jpg",
        "belongs_to_collection": {
            "id": 180854,
            "name": "Problem Child Collection",
            "poster_path": "/aIWRqX5mJ9RPKox8sguNutPCiX8.jpg",
            "backdrop_path": "/f35bufXrdtkpkJrKDe56E0vpoie.jpg"
        },
        "budget": 15000000,
        "genres": [
            {
                "id": 35,
                "name": "Comedy"
            },
            {
                "id": 10751,
                "name": "Family"
            }
        ],
        "homepage": "",
        "id": 28597,
        "imdb_id": "tt0102719",
        "origin_country": [
            "US"
        ],
        "original_language": "en",
        "original_title": "Problem Child 2",
        "overview": "Junior and his father, Ben, move from Cold River to Mortville. Junior becomes threatened by Ben's desire to date again and find a new mother for Junior, and sabotages each of his dates.",
        "popularity": 52.2947,
        "poster_path": "/npr7j2HuRgvsKrXLIxIiXevTH8A.jpg",
        "production_companies": [
            {
                "id": 23,
                "logo_path": "/bJOFo2ufq7iFC1F4qZm8aLxF5aS.png",
                "name": "Imagine Entertainment",
                "origin_country": "US"
            },
            {
                "id": 33,
                "logo_path": "/3wwjVpkZtnog6lSKzWDjvw2Yi00.png",
                "name": "Universal Pictures",
                "origin_country": "US"
            }
        ],
        "production_countries": [
            {
                "iso_3166_1": "US",
                "name": "United States of America"
            }
        ],
        "release_date": "1991-07-03",
        "revenue": 32704700,
        "runtime": 90,
        "spoken_languages": [
            {
                "english_name": "English",
                "iso_639_1": "en",
                "name": "English"
            },
            {
                "english_name": "Spanish",
                "iso_639_1": "es",
                "name": "Español"
            }
        ],
        "status": "Released",
        "tagline": "He’s bad. She’s worse.",
        "title": "Problem Child 2",
        "video": false,
        "vote_average": 5.888,
        "vote_count": 622
    },
    "omdb": {
        "Title": "Problem Child 2",
        "Year": "1991",
        "Rated": "PG-13",
        "Released": "03 Jul 1991",
        "Runtime": "90 min",
        "Genre": "Comedy, Family",
        "Director": "Brian Levant",
        "Writer": "Scott Alexander, Larry Karaszewski",
        "Actors": "John Ritter, Michael Oliver, Jack Warden",
        "Plot": "The worst child in the world makes an unthinkable discovery: there is another child even worse than he is--and it's a girl.",
        "Language": "English",
        "Country": "United States",
        "Awards": "3 nominations total",
        "Poster": "https://m.media-amazon.com/images/M/MV5BMWRkZGVmZTItYWQ0MS00YzhlLWJkMTEtZDcwMThiYTcwYzAzXkEyXkFqcGc@._V1_SX300.jpg",
        "Ratings": [
            {
                "Source": "Internet Movie Database",
                "Value": "4.9/10"
            },
            {
                "Source": "Rotten Tomatoes",
                "Value": "7%"
            }
        ],
        "Metascore": "N/A",
        "imdbRating": "4.9",
        "imdbVotes": "24,302",
        "imdbID": "tt0102719",
        "Type": "movie",
        "DVD": "N/A",
        "BoxOffice": "$25,104,700",
        "Production": "N/A",
        "Website": "N/A",
        "Response": "True"
    }
}