{
    "tmdb": {
        "adult": false,
        "backdrop_path": "/dQbZRSQLmWlaU3TNVmBj72M1TBg.jpg",
        "belongs_to_collection": {
            "id": 167456,
            "name": "Our Man Flint Collection",
            "poster_path": "/Aft6eZ6E9s0CkUWCAVnj6KBjVuT.jpg",
            "backdrop_path": "/nsBn1N9b2ok0O09OCwPm518nzmr.jpg"
        },
        "budget": 0,
        "genres": [
            {
                "id": 28,
                "name": "Action"
            },
            {
                "id": 35,
                "name": "Comedy"
            },
            {
                "id": 12,
                "name": "Adventure"
            },
            {
                "id": 878,
                "name": "Science Fiction"
            }
        ],
        "homepage": "",
        "id": 23728,
        "imdb_id": "tt0059557",
        "origin_country": [
            "US"
        ],
        "original_language": "en",
        "original_title": "Our Man Flint",
        "overview": "When scientists use eco-terrorism to impose their will on the world by affecting extremes in the weather, Intelligence Chief Cramden calls in top agent Derek Flint.",
        "popularity": 21.175,
        "poster_path": "/rd2jKIqFfJ8LgZEaBpAvLL44G10.jpg",
        "production_companies": [
            {
                "id": 25,
                "logo_path": "/qZCc1lty5FzX30aOCVRBLzaVmcp.png",
                "name": "20th Century Fox",
                "origin_country": "US"
            }
        ],
        "production_countries": [
            {
                "iso_3166_1": "US",
                "name": "United States of America"
            }
        ],
        "release_date": "1966-01-16",
        "revenue": 0,
        "runtime": 108,
        "spoken_languages": [
            {
                "english_name": "English",
                "iso_639_1": "en",
                "name": "English"
            },
            {
                "english_name": "Italian",
                "iso_639_1": "it",
                "name": "Italiano"
            }
        ],
        "status": "Released",
        "tagline": "The ORIGINAL man of mystery!",
        "title": "Our Man Flint",
        "video": false,
        "vote_average": 6.41,
        "vote_count": 117
    },
    "omdb": {
        "Title": "Our Man Flint",
        "Year": "1966",
        "Rated": "Approved",
        "Released": "16 Jan 1966",
        "Runtime": "108 min",
        "Genre": "Action, Adventure, Comedy",
        "Director": "Daniel Mann",
        "Writer": "Hal Fimberg, Ben Starr",
        "Actors": "James Coburn, Lee J. Cobb, Gila Golan",
        "Plot": "When scientists use eco-terrorism to impose their will on the world by affecting extremes in the weather, Intelligence Chief Cramden calls in top agent Derek Flint.",
        "Language": "English, French, Italian",
        "Country": "United States",
        "Awards": "3 nominations total",
        "Poster": "https://m.media-amazon.com/images/M/MV5BYjRiMzhhMWMtMmM1MC00ODBmLThjOGUtMDQ2Yzk5ODEwYTA3XkEyXkFqcGc@._V1_SX300.jpg",
        "Ratings": [
            {
                "Source": "Internet Movie Database",
                "Value": "6.4/10"
            },
            {
                "Source": "Rotten Tomatoes",
                "Value": "78%"
            }
        ],
        "Metascore": "N/A",
        "imdbRating": "6.4",
        "imdbVotes": "7,390",
        "imdbID": "tt0059557",
        "Type": "movie",
        "DVD": "N/A",
        "BoxOffice": "N/A",
        "Production": "N/A",
        "Website": "N/A",
        "Response": "True"
    }
}