{
    "tmdb": {
        "adult": false,
        "backdrop_path": "/gqrnQA6Xppdl8vIb2eJc58VC1tW.jpg",
        "belongs_to_collection": {
            "id": 8945,
            "name": "Mad Max Collection",
            "poster_path": "/tRxkZboyyXnFgCthoViWBwISZ0r.jpg",
            "backdrop_path": "/fhv3dWOuzeW9eXOSlr8MCHwo24t.jpg"
        },
        "budget": 150000000,
        "genres": [
            {
                "id": 28,
                "name": "Action"
            },
            {
                "id": 12,
                "name": "Adventure"
            },
            {
                "id": 878,
                "name": "Science Fiction"
            }
        ],
        "homepage": "https://www.warnerbros.com/movies/mad-max-fury-road",
        "id": 76341,
        "imdb_id": "tt1392190",
        "origin_country": [
            "AU",
            "US"
        ],
        "original_language": "en",
        "original_title": "Mad Max: Fury Road",
        "overview": "An apocalyptic story set in the furthest reaches of our planet, in a stark desert landscape where humanity is broken, and most everyone is crazed fighting for the necessities of life. Within this world exist two rebels on the run who just might be able to restore order.",
        "popularity": 24.3301,
        "poster_path": "/hA2ple9q4qnwxp3hKVNhroipsir.jpg",
        "production_companies": [
            {
                "id": 174,
                "logo_path": "/zhD3hhtKB5qyv7ZeL4uLpNxgMVU.png",
                "name": "Warner Bros. Pictures",
                "origin_country": "US"
            },
            {
                "id": 79,
                "logo_path": "/at4uYdwAAgNRKhZuuFX8ShKSybw.png",
                "name": "Village Roadshow Pictures",
                "origin_country": "US"
            },
            {
                "id": 28382,
                "logo_path": "/eaQ9IuuaSNBeSdocdtGLvhXAHfg.png",
                "name": "Kennedy Miller Mitchell",
                "origin_country": "AU"
            },
            {
                "id": 41624,
                "logo_path": "/wzKxIeQKlMP0y5CaAw25MD6EQmf.png",
                "name": "RatPac Entertainment",
                "origin_country": "US"
            }
        ],
        "production_countries": [
            {
                "iso_3166_1": "AU",
                "name": "Australia"
            },
            {
                "iso_3166_1": "US",
                "name": "United States of America"
            }
        ],
        "release_date": "2015-05-13",
        "revenue": 378858340,
        "runtime": 121,
        "spoken_languages": [
            {
                "english_name": "English",
                "iso_639_1": "en",
                "name": "English"
            }
        ],
        "status": "Released",
        "tagline": "The future belongs to the mad.",
        "title": "Mad Max: Fury Road",
        "video": false,
        "vote_average": 7.621,
        "vote_count": 23049
    },
    "omdb": {
        "Title": "Mad Max: Fury Road",
        "Year": "2015",
        "Rated": "R",
        "Released": "15 May 2015",
        "Runtime": "120 min",
        "Genre": "Action, Adventure, Sci-Fi",
        "Director": "George Miller",
        "Writer": "George Miller, Brendan McCarthy, Nick Lathouris",
        "Actors": "Tom Hardy, Charlize Theron, Nicholas Hoult",
        "Plot": "In a post-apocalyptic wasteland, a woman rebels against a tyrannical ruler in search for her homeland with the aid of a group of female prisoners, a psychotic worshipper and a drifter named Max.",
        "Language": "English, Russian",
        "Country": "Australia, United States",
        "Awards": "Won 6 Oscars. 245 wins & 233 nominations total",
        "Poster": "https://m.media-amazon.com/images/M/MV5BZDRkODJhOTgtOTc1OC00NTgzLTk4NjItNDgxZDY4YjlmNDY2XkEyXkFqcGc@._V1_SX300.jpg",
        "Ratings": [
            {
                "Source": "Internet Movie Database",
                "Value": "8.1/10"
            },
            {
                "Source": "Rotten Tomatoes",
                "Value": "97%"
            },
            {
                "Source": "Metacritic",
                "Value": "90/100"
            }
        ],
        "Metascore": "90",
        "imdbRating": "8.1",
        "imdbVotes": "1,151,388",
        "imdbID": "tt1392190",
        "Type": "movie",
        "DVD": "N/A",
        "BoxOffice": "$154,280,290",
        "Production": "N/A",
        "Website": "N/A",
        "Response": "True"
    }
}