{
    "tmdb": {
        "adult": false,
        "backdrop_path": "/4t8IXJF4umwCfbdpeKLvlN3zkKp.jpg",
        "belongs_to_collection": null,
        "budget": 20000000,
        "genres": [
            {
                "id": 10749,
                "name": "Romance"
            },
            {
                "id": 18,
                "name": "Drama"
            }
        ],
        "homepage": "https://a24films.com/films/we-live-in-time",
        "id": 1100099,
        "imdb_id": "tt27131358",
        "origin_country": [
            "GB"
        ],
        "original_language": "en",
        "original_title": "We Live in Time",
        "overview": "An up-and-coming chef and a recent divorcée find their lives forever changed when a chance encounter brings them together, in a decade-spanning, deeply moving romance.",
        "popularity": 16.9316,
        "poster_path": "/oeDNBgnlGF6rnyX1P1K8Vl2f3lW.jpg",
        "production_companies": [
            {
                "id": 6705,
                "logo_path": "/iNB1FCwT4XjO6wkN3PnpPnwr9GX.png",
                "name": "Film4 Productions",
                "origin_country": "GB"
            },
            {
                "id": 92346,
                "logo_path": "/qyqhyTbYHRmU2QcRomm4AeGiN0g.png",
                "name": "SunnyMarch",
                "origin_country": "GB"
            },
            {
                "id": 28473,
                "logo_path": null,
                "name": "Shoebox Films",
                "origin_country": "GB"
            },
            {
                "id": 113521,
                "logo_path": "/f1zRNbj6hK0Fqgc9lTVU5r3O3Iw.png",
                "name": "StudioCanal",
                "origin_country": "GB"
            }
        ],
        "production_countries": [
            {
                "iso_3166_1": "GB",
                "name": "United Kingdom"
            }
        ],
        "release_date": "2024-10-10",
        "revenue": 37182814,
        "runtime": 108,
        "spoken_languages": [
            {
                "english_name": "English",
                "iso_639_1": "en",
                "name": "English"
            }
        ],
        "status": "Released",
        "tagline": "Every minute counts.",
        "title": "We Live in Time",
        "video": false,
        "vote_average": 7.336,
        "vote_count": 800
    },
    "omdb": {
        "Title": "We Live in Time",
        "Year": "2024",
        "Rated": "R",
        "Released": "18 Oct 2024",
        "Runtime": "108 min",
        "Genre": "Drama, Romance",
        "Director": "John Crowley",
        "Writer": "Nick Payne",
        "Actors": "Andrew Garfield, Florence Pugh, Grace Delaney",
        "Plot": "After an unusual encounter, a talented chef and a recently divorcée fall in love and build the home and family they've always dreamed of, until a painful truth puts their love story to the test.",
        "Language": "English",
        "Country": "United Kingdom, France",
        "Awards": "N/A",
        "Poster": "https://m.media-amazon.com/images/M/MV5BYmQwNzRiNmItODc4Ny00Mjk4LThmYWQtNjI5OGU4OGUxMmY0XkEyXkFqcGc@._V1_SX300.jpg",
        "Ratings": [
            {
                "Source": "Internet Movie Database",
                "Value": "7.0/10"
            },
            {
                "Source": "Rotten Tomatoes",
                "Value": "79%"
            },
            {
                "Source": "Metacritic",
                "Value": "59/100"
            }
        ],
        "Metascore": "59",
        "imdbRating": "7.0",
        "imdbVotes": "34,806",
        "imdbID": "tt27131358",
        "Type": "movie",
        "DVD": "N/A",
        "BoxOffice": "$24,690,031",
        "Production": "N/A",
        "Website": "N/A",
        "Response": "True"
    }
}