{
    "tmdb": {
        "adult": false,
        "backdrop_path": "/k3PqsPLkKLDyjZupZ6gqZHPxMv3.jpg",
        "belongs_to_collection": {
            "id": 115575,
            "name": "Star Trek: Alternate Reality Collection",
            "poster_path": "/v6ktLScPnUKTSdLZ6TUe5cfOArM.jpg",
            "backdrop_path": "/gWl5pN2FplE709aVtA4lakwsE6t.jpg"
        },
        "budget": 190000000,
        "genres": [
            {
                "id": 28,
                "name": "Action"
            },
            {
                "id": 12,
                "name": "Adventure"
            },
            {
                "id": 878,
                "name": "Science Fiction"
            }
        ],
        "homepage": "https://www.paramountmovies.com/movies/star-trek-into-darkness",
        "id": 54138,
        "imdb_id": "tt1408101",
        "origin_country": [
            "US"
        ],
        "original_language": "en",
        "original_title": "Star Trek Into Darkness",
        "overview": "When the crew of the Enterprise is called back home, they find an unstoppable force of terror from within their own organization has detonated the fleet and everything it stands for, leaving our world in a state of crisis.  With a personal score to settle, Captain Kirk leads a manhunt to a war-zone world to capture a one man weapon of mass destruction. As our heroes are propelled into an epic chess game of life and death, love will be challenged, friendships will be torn apart, and sacrifices must be made for the only family Kirk has left: his crew.",
        "popularity": 15.6443,
        "poster_path": "/7XrRkhMa9lQ71RszzSyVrJVvhyS.jpg",
        "production_companies": [
            {
                "id": 11461,
                "logo_path": "/p9FoEt5shEKRWRKVIlvFaEmRnun.png",
                "name": "Bad Robot",
                "origin_country": "US"
            },
            {
                "id": 4,
                "logo_path": "/gz66EfNoYPqHTYI4q9UEN4CbHRc.png",
                "name": "Paramount Pictures",
                "origin_country": "US"
            },
            {
                "id": 82819,
                "logo_path": "/gXfFl9pRPaoaq14jybEn1pHeldr.png",
                "name": "Skydance Media",
                "origin_country": "US"
            }
        ],
        "production_countries": [
            {
                "iso_3166_1": "US",
                "name": "United States of America"
            }
        ],
        "release_date": "2013-05-05",
        "revenue": 467381584,
        "runtime": 132,
        "spoken_languages": [
            {
                "english_name": "English",
                "iso_639_1": "en",
                "name": "English"
            }
        ],
        "status": "Released",
        "tagline": "Beyond the darkness, lies greatness.",
        "title": "Star Trek Into Darkness",
        "video": false,
        "vote_average": 7.321,
        "vote_count": 9218
    },
    "omdb": {
        "Title": "Star Trek Into Darkness",
        "Year": "2013",
        "Rated": "PG-13",
        "Released": "16 May 2013",
        "Runtime": "132 min",
        "Genre": "Action, Adventure, Sci-Fi",
        "Director": "J.J. Abrams",
        "Writer": "Roberto Orci, Alex Kurtzman, Damon Lindelof",
        "Actors": "Chris Pine, Zachary Quinto, Zoe Saldaña",
        "Plot": "After the crew of the Enterprise find an unstoppable force of terror from within their own organization, Captain Kirk leads a manhunt to a war-zone world to capture a one-man weapon of mass destruction.",
        "Language": "English, Klingon",
        "Country": "United States",
        "Awards": "Nominated for 1 Oscar. 7 wins & 58 nominations total",
        "Poster": "https://m.media-amazon.com/images/M/MV5BMTk2NzczOTgxNF5BMl5BanBnXkFtZTcwODQ5ODczOQ@@._V1_SX300.jpg",
        "Ratings": [
            {
                "Source": "Internet Movie Database",
                "Value": "7.7/10"
            },
            {
                "Source": "Rotten Tomatoes",
                "Value": "84%"
            },
            {
                "Source": "Metacritic",
                "Value": "72/100"
            }
        ],
        "Metascore": "72",
        "imdbRating": "7.7",
        "imdbVotes": "503,121",
        "imdbID": "tt1408101",
        "Type": "movie",
        "DVD": "N/A",
        "BoxOffice": "$228,778,661",
        "Production": "N/A",
        "Website": "N/A",
        "Response": "True"
    }
}