{
    "tmdb": {
        "adult": false,
        "backdrop_path": "/xEY0MV2jSQBz9iOJfCFvLTiPGMA.jpg",
        "belongs_to_collection": {
            "id": 382685,
            "name": "Now You See Me Collection",
            "poster_path": "/n2B51uCX5r960pFbEl9jMbTMuvq.jpg",
            "backdrop_path": "/scBzORmLqP00h8hPKS19TLtyRQm.jpg"
        },
        "budget": 75000000,
        "genres": [
            {
                "id": 53,
                "name": "Thriller"
            },
            {
                "id": 80,
                "name": "Crime"
            }
        ],
        "homepage": "",
        "id": 75656,
        "imdb_id": "tt1670345",
        "origin_country": [
            "US"
        ],
        "original_language": "en",
        "original_title": "Now You See Me",
        "overview": "An FBI agent and an Interpol detective track a team of illusionists who pull off bank heists during their performances and reward their audiences with the money.",
        "popularity": 15.5752,
        "poster_path": "/tWsNYbrqy1p1w6K9zRk0mSchztT.jpg",
        "production_companies": [
            {
                "id": 491,
                "logo_path": "/5LvDUt3KmvRnXQ4NrdWJYHeuA8J.png",
                "name": "Summit Entertainment",
                "origin_country": "US"
            },
            {
                "id": 7296,
                "logo_path": null,
                "name": "K/O Paper Products",
                "origin_country": "US"
            },
            {
                "id": 23271,
                "logo_path": null,
                "name": "SOIXAN7E QUIN5E",
                "origin_country": "FR"
            },
            {
                "id": 23272,
                "logo_path": null,
                "name": "See Me Louisiana",
                "origin_country": "US"
            }
        ],
        "production_countries": [
            {
                "iso_3166_1": "US",
                "name": "United States of America"
            },
            {
                "iso_3166_1": "FR",
                "name": "France"
            }
        ],
        "release_date": "2013-05-29",
        "revenue": 351723989,
        "runtime": 116,
        "spoken_languages": [
            {
                "english_name": "French",
                "iso_639_1": "fr",
                "name": "Français"
            },
            {
                "english_name": "English",
                "iso_639_1": "en",
                "name": "English"
            }
        ],
        "status": "Released",
        "tagline": "The closer you look, the less you’ll see.",
        "title": "Now You See Me",
        "video": false,
        "vote_average": 7.334,
        "vote_count": 15753
    },
    "omdb": {
        "Title": "Now You See Me",
        "Year": "2013",
        "Rated": "PG-13",
        "Released": "31 May 2013",
        "Runtime": "115 min",
        "Genre": "Crime, Mystery, Thriller",
        "Director": "Louis Leterrier",
        "Writer": "Ed Solomon, Boaz Yakin, Edward Ricourt",
        "Actors": "Jesse Eisenberg, Common, Mark Ruffalo",
        "Plot": "An FBI agent and an Interpol detective track a team of illusionists who pull off bank heists during their performances, and reward their audiences with the money.",
        "Language": "English, French",
        "Country": "United States, France",
        "Awards": "1 win & 3 nominations total",
        "Poster": "https://m.media-amazon.com/images/M/MV5BMTY0NDY3MDMxN15BMl5BanBnXkFtZTcwOTM5NzMzOQ@@._V1_SX300.jpg",
        "Ratings": [
            {
                "Source": "Internet Movie Database",
                "Value": "7.2/10"
            },
            {
                "Source": "Rotten Tomatoes",
                "Value": "51%"
            },
            {
                "Source": "Metacritic",
                "Value": "50/100"
            }
        ],
        "Metascore": "50",
        "imdbRating": "7.2",
        "imdbVotes": "731,795",
        "imdbID": "tt1670345",
        "Type": "movie",
        "DVD": "N/A",
        "BoxOffice": "$117,723,989",
        "Production": "N/A",
        "Website": "N/A",
        "Response": "True"
    }
}