{
    "tmdb": {
        "adult": false,
        "backdrop_path": "/3nYlM34QhzdtAvWRV5bN4nLtnTc.jpg",
        "belongs_to_collection": {
            "id": 2366,
            "name": "Jaws Collection",
            "poster_path": "/fgraZdDCvAtBr0MHczmL6raonHd.jpg",
            "backdrop_path": "/1e2QvI2u7Q4d2admK6Xw0AjLjVp.jpg"
        },
        "budget": 7000000,
        "genres": [
            {
                "id": 27,
                "name": "Horror"
            },
            {
                "id": 53,
                "name": "Thriller"
            },
            {
                "id": 12,
                "name": "Adventure"
            }
        ],
        "homepage": "https://www.uphe.com/movies/jaws",
        "id": 578,
        "imdb_id": "tt0073195",
        "origin_country": [
            "US"
        ],
        "original_language": "en",
        "original_title": "Jaws",
        "overview": "When the seaside community of Amity finds itself under attack by a dangerous great white shark, the town's chief of police, a young marine biologist, and a grizzled hunter embark on a desperate quest to destroy the beast before it strikes again.",
        "popularity": 17.6094,
        "poster_path": "/lxM6kqilAdpdhqUl2biYp5frUxE.jpg",
        "production_companies": [
            {
                "id": 1865,
                "logo_path": null,
                "name": "The Zanuck/Brown Company",
                "origin_country": "US"
            },
            {
                "id": 33,
                "logo_path": "/3wwjVpkZtnog6lSKzWDjvw2Yi00.png",
                "name": "Universal Pictures",
                "origin_country": "US"
            }
        ],
        "production_countries": [
            {
                "iso_3166_1": "US",
                "name": "United States of America"
            }
        ],
        "release_date": "1975-06-20",
        "revenue": 470653000,
        "runtime": 124,
        "spoken_languages": [
            {
                "english_name": "English",
                "iso_639_1": "en",
                "name": "English"
            }
        ],
        "status": "Released",
        "tagline": "The terrifying motion picture from the terrifying No.1 best seller.",
        "title": "Jaws",
        "video": false,
        "vote_average": 7.665,
        "vote_count": 10723
    },
    "omdb": {
        "Title": "Jaws",
        "Year": "1975",
        "Rated": "PG",
        "Released": "20 Jun 1975",
        "Runtime": "124 min",
        "Genre": "Adventure, Drama, Horror",
        "Director": "Steven Spielberg",
        "Writer": "Peter Benchley, Carl Gottlieb",
        "Actors": "Roy Scheider, Robert Shaw, Richard Dreyfuss",
        "Plot": "When a massive killer shark unleashes chaos on a beach community off Long Island, it's up to a local sheriff, a marine biologist, and an old seafarer to hunt the beast down.",
        "Language": "English",
        "Country": "United States",
        "Awards": "Won 3 Oscars. 16 wins & 20 nominations total",
        "Poster": "https://m.media-amazon.com/images/M/MV5BYjViNDQzNmUtYzkxZi00NTk5LTljMmItYjJlZmZkODIxNjU1XkEyXkFqcGc@._V1_SX300.jpg",
        "Ratings": [
            {
                "Source": "Internet Movie Database",
                "Value": "8.1/10"
            },
            {
                "Source": "Rotten Tomatoes",
                "Value": "97%"
            },
            {
                "Source": "Metacritic",
                "Value": "87/100"
            }
        ],
        "Metascore": "87",
        "imdbRating": "8.1",
        "imdbVotes": "689,820",
        "imdbID": "tt0073195",
        "Type": "movie",
        "DVD": "N/A",
        "BoxOffice": "$267,263,625",
        "Production": "N/A",
        "Website": "N/A",
        "Response": "True"
    }
}