{
    "tmdb": {
        "adult": false,
        "backdrop_path": "/nlPCdZlHtRNcF6C9hzUH4ebmV1w.jpg",
        "belongs_to_collection": null,
        "budget": 30000000,
        "genres": [
            {
                "id": 35,
                "name": "Comedy"
            },
            {
                "id": 18,
                "name": "Drama"
            },
            {
                "id": 10749,
                "name": "Romance"
            },
            {
                "id": 10402,
                "name": "Music"
            }
        ],
        "homepage": "http://www.lalaland.movie",
        "id": 313369,
        "imdb_id": "tt3783958",
        "origin_country": [
            "US"
        ],
        "original_language": "en",
        "original_title": "La La Land",
        "overview": "Mia, an aspiring actress, serves lattes to movie stars in between auditions and Sebastian, a jazz musician, scrapes by playing cocktail party gigs in dingy bars, but as success mounts they are faced with decisions that begin to fray the fragile fabric of their love affair, and the dreams they worked so hard to maintain in each other threaten to rip them apart.",
        "popularity": 14.8285,
        "poster_path": "/uDO8zWDhfWwoFdKS4fzkUJt0Rf0.jpg",
        "production_companies": [
            {
                "id": 491,
                "logo_path": "/5LvDUt3KmvRnXQ4NrdWJYHeuA8J.png",
                "name": "Summit Entertainment",
                "origin_country": "US"
            },
            {
                "id": 10161,
                "logo_path": null,
                "name": "Gilbert Films",
                "origin_country": "US"
            },
            {
                "id": 53247,
                "logo_path": null,
                "name": "Impostor Pictures",
                "origin_country": "US"
            },
            {
                "id": 2527,
                "logo_path": "/osO7TGmlRMistSQ5JZusPhbKUHk.png",
                "name": "Marc Platt Productions",
                "origin_country": "US"
            }
        ],
        "production_countries": [
            {
                "iso_3166_1": "US",
                "name": "United States of America"
            }
        ],
        "release_date": "2016-12-01",
        "revenue": 509183536,
        "runtime": 129,
        "spoken_languages": [
            {
                "english_name": "English",
                "iso_639_1": "en",
                "name": "English"
            }
        ],
        "status": "Released",
        "tagline": "Here's to the fools who dream.",
        "title": "La La Land",
        "video": false,
        "vote_average": 7.9,
        "vote_count": 17254
    },
    "omdb": {
        "Title": "La La Land",
        "Year": "2016",
        "Rated": "PG-13",
        "Released": "25 Dec 2016",
        "Runtime": "128 min",
        "Genre": "Comedy, Drama, Music",
        "Director": "Damien Chazelle",
        "Writer": "Damien Chazelle",
        "Actors": "Ryan Gosling, Emma Stone, Rosemarie DeWitt",
        "Plot": "When Sebastian, a pianist, and Mia, an actress, follow their passion and achieve success in their respective fields, they find themselves torn between their love for each other and their careers.",
        "Language": "English, Cantonese",
        "Country": "United States, Hong Kong",
        "Awards": "Won 6 Oscars. 242 wins & 307 nominations total",
        "Poster": "https://m.media-amazon.com/images/M/MV5BMzUzNDM2NzM2MV5BMl5BanBnXkFtZTgwNTM3NTg4OTE@._V1_SX300.jpg",
        "Ratings": [
            {
                "Source": "Internet Movie Database",
                "Value": "8.0/10"
            },
            {
                "Source": "Rotten Tomatoes",
                "Value": "91%"
            },
            {
                "Source": "Metacritic",
                "Value": "94/100"
            }
        ],
        "Metascore": "94",
        "imdbRating": "8.0",
        "imdbVotes": "707,453",
        "imdbID": "tt3783958",
        "Type": "movie",
        "DVD": "N/A",
        "BoxOffice": "$151,101,803",
        "Production": "N/A",
        "Website": "N/A",
        "Response": "True"
    }
}