{
    "tmdb": {
        "adult": false,
        "backdrop_path": "/v8zOcynvSd6IW3FzZrvst2HJ53s.jpg",
        "belongs_to_collection": null,
        "budget": 25000000,
        "genres": [
            {
                "id": 80,
                "name": "Crime"
            },
            {
                "id": 53,
                "name": "Thriller"
            }
        ],
        "homepage": "https://www.uphe.com/movies/legend-2015",
        "id": 276907,
        "imdb_id": "tt3569230",
        "origin_country": [
            "GB"
        ],
        "original_language": "en",
        "original_title": "Legend",
        "overview": "Suave, charming and volatile, Reggie Kray and his unstable twin brother Ronnie start to leave their mark on the London underworld in the 1960s. Using violence to get what they want, the siblings orchestrate robberies and murders while running nightclubs and protection rackets. With police Detective Leonard \"Nipper\" Read hot on their heels, the brothers continue their rapid rise to power and achieve tabloid notoriety.",
        "popularity": 14.3952,
        "poster_path": "/4shf5Alq4KWCKqrAAQe0JGJHYp5.jpg",
        "production_companies": [
            {
                "id": 10163,
                "logo_path": "/16KWBMmfPX0aJzDExDrPxSLj0Pg.png",
                "name": "Working Title Films",
                "origin_country": "GB"
            },
            {
                "id": 20664,
                "logo_path": "/iRrZpxnYNDnVXJkr6HiLgSLlqRc.png",
                "name": "Anton Capital Entertainment",
                "origin_country": "GB"
            },
            {
                "id": 694,
                "logo_path": "/5LEHONGkZBIoWvp1ygHOF8iyi1M.png",
                "name": "StudioCanal",
                "origin_country": "FR"
            },
            {
                "id": 10246,
                "logo_path": "/rREvQNWAxkDfY9CDn2c5YxEMPdP.png",
                "name": "Cross Creek Pictures",
                "origin_country": "US"
            }
        ],
        "production_countries": [
            {
                "iso_3166_1": "FR",
                "name": "France"
            },
            {
                "iso_3166_1": "GB",
                "name": "United Kingdom"
            },
            {
                "iso_3166_1": "US",
                "name": "United States of America"
            }
        ],
        "release_date": "2015-09-09",
        "revenue": 42972994,
        "runtime": 132,
        "spoken_languages": [
            {
                "english_name": "English",
                "iso_639_1": "en",
                "name": "English"
            }
        ],
        "status": "Released",
        "tagline": "Love, fight, live, rule like a legend.",
        "title": "Legend",
        "video": false,
        "vote_average": 7.054,
        "vote_count": 3966
    },
    "omdb": {
        "Title": "Legend",
        "Year": "2015",
        "Rated": "R",
        "Released": "20 Nov 2015",
        "Runtime": "132 min",
        "Genre": "Biography, Crime, Drama",
        "Director": "Brian Helgeland",
        "Writer": "Brian Helgeland, John Pearson",
        "Actors": "Tom Hardy, Emily Browning, Taron Egerton",
        "Plot": "Identical twin gangsters Ronald and Reginald Kray terrorize London during the 1960s.",
        "Language": "English",
        "Country": "United Kingdom, France, United States",
        "Awards": "6 wins & 12 nominations total",
        "Poster": "https://m.media-amazon.com/images/M/MV5BMjE0MjkyODQ3NF5BMl5BanBnXkFtZTgwNDM1OTk1NjE@._V1_SX300.jpg",
        "Ratings": [
            {
                "Source": "Internet Movie Database",
                "Value": "6.9/10"
            },
            {
                "Source": "Rotten Tomatoes",
                "Value": "60%"
            },
            {
                "Source": "Metacritic",
                "Value": "55/100"
            }
        ],
        "Metascore": "55",
        "imdbRating": "6.9",
        "imdbVotes": "209,645",
        "imdbID": "tt3569230",
        "Type": "movie",
        "DVD": "N/A",
        "BoxOffice": "$1,872,994",
        "Production": "N/A",
        "Website": "N/A",
        "Response": "True"
    }
}