{
    "tmdb": {
        "adult": false,
        "backdrop_path": "/xGqzr5IJ66M2g3INjkDFwsnqINo.jpg",
        "belongs_to_collection": null,
        "budget": 0,
        "genres": [
            {
                "id": 18,
                "name": "Drama"
            }
        ],
        "homepage": "",
        "id": 967160,
        "imdb_id": "tt0088928",
        "origin_country": [
            "GB"
        ],
        "original_language": "en",
        "original_title": "Claudia",
        "overview": "Eager to escape her high-society life among the English Elite, a woman falls in love with a young musician. Her husband, however has other plans for her.",
        "popularity": 15.9995,
        "poster_path": "/d8NYTygRU6ztSuvCdx6VoM5qQpF.jpg",
        "production_companies": [
            {
                "id": 157828,
                "logo_path": null,
                "name": "Petra Films",
                "origin_country": ""
            }
        ],
        "production_countries": [
            {
                "iso_3166_1": "GB",
                "name": "United Kingdom"
            }
        ],
        "release_date": "1985-12-12",
        "revenue": 0,
        "runtime": 88,
        "spoken_languages": [
            {
                "english_name": "English",
                "iso_639_1": "en",
                "name": "English"
            }
        ],
        "status": "Released",
        "tagline": "",
        "title": "Claudia",
        "video": false,
        "vote_average": 0.0,
        "vote_count": 0
    },
    "omdb": {
        "Title": "Claudia",
        "Year": "1985",
        "Rated": "N/A",
        "Released": "N/A",
        "Runtime": "88 min",
        "Genre": "Drama",
        "Director": "Anwar Kawadri",
        "Writer": "Heather Holden, Mohamed Khan, Colin Spencer",
        "Actors": "Deborah Raffin, Nicholas Ball, John Moulder-Brown",
        "Plot": "Eager to escape her high-society life among the English elite, a woman falls in love with a young musician. Her husband, however, has other plans for her.",
        "Language": "English",
        "Country": "United Kingdom",
        "Awards": "N/A",
        "Poster": "https://m.media-amazon.com/images/M/MV5BMTIwMDM4MTY1NV5BMl5BanBnXkFtZTcwNDI4MDQyMQ@@._V1_SX300.jpg",
        "Ratings": [
            {
                "Source": "Internet Movie Database",
                "Value": "6.0/10"
            }
        ],
        "Metascore": "N/A",
        "imdbRating": "6.0",
        "imdbVotes": "36",
        "imdbID": "tt0088928",
        "Type": "movie",
        "DVD": "N/A",
        "BoxOffice": "N/A",
        "Production": "N/A",
        "Website": "N/A",
        "Response": "True"
    }
}