{
    "tmdb": {
        "adult": false,
        "backdrop_path": "/k24eZq5I3jyz4htPkZCRpnUmBzE.jpg",
        "belongs_to_collection": {
            "id": 1156666,
            "name": "Fault Collection",
            "poster_path": "/A3ghZY5eYyiD6CkrbnaMACi8TaT.jpg",
            "backdrop_path": "/7N9p8D39MXJDfm14zlBwW7mBh7g.jpg"
        },
        "budget": 0,
        "genres": [
            {
                "id": 10749,
                "name": "Romance"
            },
            {
                "id": 18,
                "name": "Drama"
            }
        ],
        "homepage": "https://www.amazon.com/dp/B0DJ1L7ZN3",
        "id": 1156593,
        "imdb_id": "tt28510079",
        "origin_country": [
            "US",
            "ES"
        ],
        "original_language": "es",
        "original_title": "Culpa tuya",
        "overview": "The love between Noah and Nick seems unwavering despite their parents' attempts to separate them. But his job and her entry into college open up their lives to new relationships that will shake the foundations of both their relationship and the Leister family itself.",
        "popularity": 47.2159,
        "poster_path": "/1sQA7lfcF9yUyoLYC0e6Zo3jmxE.jpg",
        "production_companies": [
            {
                "id": 32485,
                "logo_path": "/fVXreZkiJTOq1cCi6htSQlPSy7R.png",
                "name": "Pokeepsie Films",
                "origin_country": "ES"
            },
            {
                "id": 210099,
                "logo_path": "/d6HwljzlOzxJ4tXlrpRkNZaZMWL.png",
                "name": "Amazon MGM Studios",
                "origin_country": "US"
            },
            {
                "id": 21,
                "logo_path": "/usUnaYV6hQnlVAXP6r4HwrlLFPG.png",
                "name": "Metro-Goldwyn-Mayer",
                "origin_country": "US"
            }
        ],
        "production_countries": [
            {
                "iso_3166_1": "ES",
                "name": "Spain"
            },
            {
                "iso_3166_1": "US",
                "name": "United States of America"
            }
        ],
        "release_date": "2024-12-26",
        "revenue": 0,
        "runtime": 118,
        "spoken_languages": [
            {
                "english_name": "Spanish",
                "iso_639_1": "es",
                "name": "Español"
            }
        ],
        "status": "Released",
        "tagline": "Divided by family. Driven by love.",
        "title": "Your Fault",
        "video": false,
        "vote_average": 7.147,
        "vote_count": 1225
    },
    "omdb": {
        "Title": "Culpa Tuya",
        "Year": "2024",
        "Rated": "N/A",
        "Released": "27 Dec 2024",
        "Runtime": "120 min",
        "Genre": "Drama, Romance",
        "Director": "Domingo González",
        "Writer": "Mercedes Ron, Domingo González, Sofía Cuenca",
        "Actors": "Nicole Wallace, Gabriel Guevara, Marta Hazas",
        "Plot": "Despite their parents' efforts to separate them, Noah and Nick's love seems unbreakable. However, work and college open their lives to new relationships.",
        "Language": "Spanish",
        "Country": "Spain",
        "Awards": "N/A",
        "Poster": "https://m.media-amazon.com/images/M/MV5BZjk2YTIyZTItYTEzNi00YzFiLWIzMDYtNmNjODFiY2FiZGQ2XkEyXkFqcGc@._V1_SX300.jpg",
        "Ratings": [
            {
                "Source": "Internet Movie Database",
                "Value": "5.3/10"
            },
            {
                "Source": "Rotten Tomatoes",
                "Value": "20%"
            }
        ],
        "Metascore": "N/A",
        "imdbRating": "5.3",
        "imdbVotes": "2,511",
        "imdbID": "tt28510079",
        "Type": "movie",
        "DVD": "N/A",
        "BoxOffice": "N/A",
        "Production": "N/A",
        "Website": "N/A",
        "Response": "True"
    }
}