{
    "tmdb": {
        "adult": false,
        "backdrop_path": "/bWZ8ACf8QQmGkwSC9hPtSQ6i5Bn.jpg",
        "belongs_to_collection": null,
        "budget": 0,
        "genres": [
            {
                "id": 28,
                "name": "Action"
            },
            {
                "id": 53,
                "name": "Thriller"
            },
            {
                "id": 80,
                "name": "Crime"
            }
        ],
        "homepage": "https://johnwick.movie/film/ballerina",
        "id": 541671,
        "imdb_id": "tt7181546",
        "origin_country": [
            "US"
        ],
        "original_language": "en",
        "original_title": "From the World of John Wick: Ballerina",
        "overview": "Taking place during the events of John Wick: Chapter 3 - Parabellum, Eve Macarro begins her training in the assassin traditions of the Ruska Roma.",
        "popularity": 14.8138,
        "poster_path": "/f3VuZdTTvZQt2r07rbrMGQJQEuC.jpg",
        "production_companies": [
            {
                "id": 3528,
                "logo_path": "/cCzCClIzIh81Fa79hpW5nXoUsHK.png",
                "name": "Thunder Road",
                "origin_country": "US"
            },
            {
                "id": 23008,
                "logo_path": "/5SarYupipdiejsEqUkwu1SpYfru.png",
                "name": "87Eleven",
                "origin_country": "US"
            },
            {
                "id": 1632,
                "logo_path": "/cisLn1YAUuptXVBa0xjq7ST9cH0.png",
                "name": "Lionsgate",
                "origin_country": "US"
            }
        ],
        "production_countries": [
            {
                "iso_3166_1": "US",
                "name": "United States of America"
            }
        ],
        "release_date": "2025-06-04",
        "revenue": 0,
        "runtime": 126,
        "spoken_languages": [
            {
                "english_name": "English",
                "iso_639_1": "en",
                "name": "English"
            }
        ],
        "status": "Post Production",
        "tagline": "Vengeance has a new face.",
        "title": "From the World of John Wick: Ballerina",
        "video": false,
        "vote_average": 0.0,
        "vote_count": 0
    },
    "omdb": {
        "Title": "Ballerina",
        "Year": "2025",
        "Rated": "N/A",
        "Released": "06 Jun 2025",
        "Runtime": "89 min",
        "Genre": "Action, Thriller",
        "Director": "Len Wiseman",
        "Writer": "Shay Hatten, Derek Kolstad",
        "Actors": "Ana de Armas, Keanu Reeves, Catalina Sandino Moreno",
        "Plot": "An assassin trained in the traditions of the Ruska Roma organization sets out to seek revenge after her father's death.",
        "Language": "English",
        "Country": "United States",
        "Awards": "N/A",
        "Poster": "https://m.media-amazon.com/images/M/MV5BNzdhZmY2OTQtYWI4OC00ZThkLTlhZjAtNzE2YzRjM2Q5YjJlXkEyXkFqcGc@._V1_SX300.jpg",
        "Ratings": [],
        "Metascore": "N/A",
        "imdbRating": "N/A",
        "imdbVotes": "N/A",
        "imdbID": "tt7181546",
        "Type": "movie",
        "DVD": "N/A",
        "BoxOffice": "N/A",
        "Production": "N/A",
        "Website": "N/A",
        "Response": "True"
    }
}