{
    "tmdb": {
        "adult": false,
        "backdrop_path": "/h5jqLrIv1tlszezv2UEWq9KBuoj.jpg",
        "belongs_to_collection": null,
        "budget": 50000000,
        "genres": [
            {
                "id": 18,
                "name": "Drama"
            },
            {
                "id": 36,
                "name": "History"
            }
        ],
        "homepage": "https://www.foxmovies.com/movies/the-post",
        "id": 446354,
        "imdb_id": "tt6294822",
        "origin_country": [
            "US"
        ],
        "original_language": "en",
        "original_title": "The Post",
        "overview": "A cover-up that spanned four U.S. Presidents pushed the country's first female newspaper publisher and a hard-driving editor to join an unprecedented battle between journalist and government. Inspired by true events.",
        "popularity": 14.7263,
        "poster_path": "/h4XG3g6uMMPIBPjAoQhC2QIMdkl.jpg",
        "production_companies": [
            {
                "id": 25,
                "logo_path": "/qZCc1lty5FzX30aOCVRBLzaVmcp.png",
                "name": "20th Century Fox",
                "origin_country": "US"
            },
            {
                "id": 7,
                "logo_path": "/vru2SssLX3FPhnKZGtYw00pVIS9.png",
                "name": "DreamWorks Pictures",
                "origin_country": "US"
            },
            {
                "id": 7294,
                "logo_path": "/kK4PRgceWp9KNrycD8xx8seWxYU.png",
                "name": "Reliance Entertainment",
                "origin_country": "IN"
            },
            {
                "id": 6735,
                "logo_path": "/pAQW38WU8ychBvYU2aGPTEbynEN.png",
                "name": "Participant",
                "origin_country": "US"
            },
            {
                "id": 56,
                "logo_path": "/cEaxANEisCqeEoRvODv2dO1I0iI.png",
                "name": "Amblin Entertainment",
                "origin_country": "US"
            },
            {
                "id": 84041,
                "logo_path": "/nw4kyc29QRpNtFbdsBHkRSFavvt.png",
                "name": "Pascal Pictures",
                "origin_country": "US"
            },
            {
                "id": 22213,
                "logo_path": "/qx9K6bFWJupwde0xQDwOvXkOaL8.png",
                "name": "TSG Entertainment",
                "origin_country": "US"
            },
            {
                "id": 27497,
                "logo_path": "/1QuLulTFEynrZnFsogW0UefcKYC.png",
                "name": "Star Thrower Entertainment",
                "origin_country": "US"
            }
        ],
        "production_countries": [
            {
                "iso_3166_1": "US",
                "name": "United States of America"
            }
        ],
        "release_date": "2017-12-22",
        "revenue": 179769467,
        "runtime": 116,
        "spoken_languages": [
            {
                "english_name": "English",
                "iso_639_1": "en",
                "name": "English"
            }
        ],
        "status": "Released",
        "tagline": "Truth be told",
        "title": "The Post",
        "video": false,
        "vote_average": 7.002,
        "vote_count": 4660
    },
    "omdb": {
        "Title": "The Post",
        "Year": "2017",
        "Rated": "PG-13",
        "Released": "12 Jan 2018",
        "Runtime": "116 min",
        "Genre": "Biography, Drama, History",
        "Director": "Steven Spielberg",
        "Writer": "Liz Hannah, Josh Singer",
        "Actors": "Meryl Streep, Tom Hanks, Sarah Paulson",
        "Plot": "A cover-up spanning four U.S. Presidents pushes the country's first female newspaper publisher and her editor to join an unprecedented battle between press and government.",
        "Language": "English",
        "Country": "United States, India",
        "Awards": "Nominated for 2 Oscars. 21 wins & 116 nominations total",
        "Poster": "https://m.media-amazon.com/images/M/MV5BMjQyMjEwOTIwNV5BMl5BanBnXkFtZTgwOTkzNTMxNDM@._V1_SX300.jpg",
        "Ratings": [
            {
                "Source": "Internet Movie Database",
                "Value": "7.2/10"
            },
            {
                "Source": "Rotten Tomatoes",
                "Value": "88%"
            },
            {
                "Source": "Metacritic",
                "Value": "83/100"
            }
        ],
        "Metascore": "83",
        "imdbRating": "7.2",
        "imdbVotes": "165,772",
        "imdbID": "tt6294822",
        "Type": "movie",
        "DVD": "N/A",
        "BoxOffice": "$81,903,458",
        "Production": "N/A",
        "Website": "N/A",
        "Response": "True"
    }
}