{
    "tmdb": {
        "adult": false,
        "backdrop_path": "/1O3FgFoUgmYJRbXkQjbJX1RdTi0.jpg",
        "belongs_to_collection": null,
        "budget": 0,
        "genres": [
            {
                "id": 80,
                "name": "Crime"
            },
            {
                "id": 18,
                "name": "Drama"
            },
            {
                "id": 10749,
                "name": "Romance"
            }
        ],
        "homepage": "https://myflixer.plus/",
        "id": 193551,
        "imdb_id": "tt0115511",
        "origin_country": [
            "HK"
        ],
        "original_language": "cn",
        "original_title": "驚變",
        "overview": "An erotic mystery about widower seeks revenge to the man whose wife had an affair before her apparent suicide, however things soon turns complicated when the widower having a relationship with the man's wife and the whole truth would reveals.",
        "popularity": 16.0342,
        "poster_path": "/1GI9mC21UyZCcghL1TU3sAOhJsL.jpg",
        "production_companies": [
            {
                "id": 77983,
                "logo_path": null,
                "name": "Nam Yin Production Co., Ltd.",
                "origin_country": ""
            }
        ],
        "production_countries": [
            {
                "iso_3166_1": "HK",
                "name": "Hong Kong"
            }
        ],
        "release_date": "1996-06-14",
        "revenue": 0,
        "runtime": 97,
        "spoken_languages": [
            {
                "english_name": "Cantonese",
                "iso_639_1": "cn",
                "name": "广州话 / 廣州話"
            }
        ],
        "status": "Released",
        "tagline": "Kidnapping can be a dangerous affair",
        "title": "All of a Sudden",
        "video": false,
        "vote_average": 5.944,
        "vote_count": 18
    },
    "omdb": {
        "Title": "All of a Sudden",
        "Year": "1996",
        "Rated": "N/A",
        "Released": "14 Jun 1996",
        "Runtime": "97 min",
        "Genre": "Crime, Romance, Thriller",
        "Director": "Herman Yau",
        "Writer": "Ting Chau",
        "Actors": "Simon Yam, Irene Wan, Alfred Cheung",
        "Plot": "One day, young merchant Lam Kwok Choi is attacked by a masked robbers, who kidnaps his wife Miu Ho Yi and their son Wai Wai during the escape.",
        "Language": "Cantonese",
        "Country": "Hong Kong",
        "Awards": "N/A",
        "Poster": "https://m.media-amazon.com/images/M/MV5BMzEzODQ2Njk2N15BMl5BanBnXkFtZTcwNDA4MzkxMQ@@._V1_SX300.jpg",
        "Ratings": [
            {
                "Source": "Internet Movie Database",
                "Value": "6.1/10"
            }
        ],
        "Metascore": "N/A",
        "imdbRating": "6.1",
        "imdbVotes": "214",
        "imdbID": "tt0115511",
        "Type": "movie",
        "DVD": "N/A",
        "BoxOffice": "N/A",
        "Production": "N/A",
        "Website": "N/A",
        "Response": "True"
    }
}