{
    "tmdb": {
        "adult": false,
        "backdrop_path": "/wvlIoof1FnKPLv9jAYanuP31V0C.jpg",
        "belongs_to_collection": {
            "id": 528,
            "name": "The Terminator Collection",
            "poster_path": "/kpZxdNsAV7qTdTLwKM5NLqa7GEo.jpg",
            "backdrop_path": "/jz9usvWv5DrQGtjauEU4KSzgb8M.jpg"
        },
        "budget": 155000000,
        "genres": [
            {
                "id": 878,
                "name": "Science Fiction"
            },
            {
                "id": 28,
                "name": "Action"
            },
            {
                "id": 53,
                "name": "Thriller"
            },
            {
                "id": 12,
                "name": "Adventure"
            }
        ],
        "homepage": "https://www.paramount.com/movies/terminator-genisys",
        "id": 87101,
        "imdb_id": "tt1340138",
        "origin_country": [
            "US"
        ],
        "original_language": "en",
        "original_title": "Terminator Genisys",
        "overview": "The year is 2029. John Connor, leader of the resistance continues the war against the machines. At the Los Angeles offensive, John's fears of the unknown future begin to emerge when TECOM spies reveal a new plot by SkyNet that will attack him from both fronts; past and future, and will ultimately change warfare forever.",
        "popularity": 22.9427,
        "poster_path": "/oZRVDpNtmHk8M1VYy1aeOWUXgbC.jpg",
        "production_companies": [
            {
                "id": 4,
                "logo_path": "/gz66EfNoYPqHTYI4q9UEN4CbHRc.png",
                "name": "Paramount Pictures",
                "origin_country": "US"
            },
            {
                "id": 82819,
                "logo_path": "/gXfFl9pRPaoaq14jybEn1pHeldr.png",
                "name": "Skydance Media",
                "origin_country": "US"
            },
            {
                "id": 13184,
                "logo_path": "/pfUB1a62jSMIqp4Xmaq6z2cgW0B.png",
                "name": "Annapurna Pictures",
                "origin_country": "US"
            }
        ],
        "production_countries": [
            {
                "iso_3166_1": "CA",
                "name": "Canada"
            },
            {
                "iso_3166_1": "US",
                "name": "United States of America"
            }
        ],
        "release_date": "2015-06-23",
        "revenue": 440603537,
        "runtime": 126,
        "spoken_languages": [
            {
                "english_name": "English",
                "iso_639_1": "en",
                "name": "English"
            }
        ],
        "status": "Released",
        "tagline": "Reset the future",
        "title": "Terminator Genisys",
        "video": false,
        "vote_average": 5.939,
        "vote_count": 8537
    },
    "omdb": {
        "Title": "Terminator Genisys",
        "Year": "2015",
        "Rated": "PG-13",
        "Released": "01 Jul 2015",
        "Runtime": "126 min",
        "Genre": "Action, Adventure, Sci-Fi",
        "Director": "Alan Taylor",
        "Writer": "Laeta Kalogridis, Patrick Lussier, James Cameron",
        "Actors": "Arnold Schwarzenegger, Jason Clarke, Emilia Clarke",
        "Plot": "When John Connor, leader of the human resistance, sends Sgt. Kyle Reese back to 1984 to protect Sarah Connor and safeguard the future, an unexpected turn of events creates a fractured timeline.",
        "Language": "English",
        "Country": "United States, Canada",
        "Awards": "9 nominations total",
        "Poster": "https://m.media-amazon.com/images/M/MV5BMjM1NTc0NzE4OF5BMl5BanBnXkFtZTgwNDkyNjQ1NTE@._V1_SX300.jpg",
        "Ratings": [
            {
                "Source": "Internet Movie Database",
                "Value": "6.3/10"
            },
            {
                "Source": "Rotten Tomatoes",
                "Value": "26%"
            },
            {
                "Source": "Metacritic",
                "Value": "38/100"
            }
        ],
        "Metascore": "38",
        "imdbRating": "6.3",
        "imdbVotes": "299,665",
        "imdbID": "tt1340138",
        "Type": "movie",
        "DVD": "N/A",
        "BoxOffice": "$89,760,956",
        "Production": "N/A",
        "Website": "N/A",
        "Response": "True"
    }
}