{
    "tmdb": {
        "adult": false,
        "backdrop_path": "/sOhtC4cmaYPOlcjXCWxxrx2NKKn.jpg",
        "belongs_to_collection": null,
        "budget": 25000000,
        "genres": [
            {
                "id": 18,
                "name": "Drama"
            }
        ],
        "homepage": "https://www.amazon.com/dp/B07FMF2689",
        "id": 451915,
        "imdb_id": "tt1226837",
        "origin_country": [
            "US"
        ],
        "original_language": "en",
        "original_title": "Beautiful Boy",
        "overview": "After he and his first wife separate, journalist David Sheff struggles to help their teenage son, who goes from experimenting with drugs to becoming devastatingly addicted to methamphetamine.",
        "popularity": 15.4339,
        "poster_path": "/u2Gfv0mz3xePsgyCPHovrnFL1sB.jpg",
        "production_companies": [
            {
                "id": 81,
                "logo_path": "/8wOfUhA7vwU2gbPjQy7Vv3EiF0o.png",
                "name": "Plan B Entertainment",
                "origin_country": "US"
            }
        ],
        "production_countries": [
            {
                "iso_3166_1": "US",
                "name": "United States of America"
            }
        ],
        "release_date": "2018-10-12",
        "revenue": 7700000,
        "runtime": 119,
        "spoken_languages": [
            {
                "english_name": "English",
                "iso_639_1": "en",
                "name": "English"
            }
        ],
        "status": "Released",
        "tagline": "A true story of addiction, survival and family.",
        "title": "Beautiful Boy",
        "video": false,
        "vote_average": 7.552,
        "vote_count": 2634
    },
    "omdb": {
        "Title": "Beautiful Boy",
        "Year": "2018",
        "Rated": "R",
        "Released": "25 Oct 2018",
        "Runtime": "120 min",
        "Genre": "Biography, Drama",
        "Director": "Felix van Groeningen",
        "Writer": "Luke Davies, Felix van Groeningen, David Sheff",
        "Actors": "Steve Carell, Maura Tierney, Jack Dylan Grazer",
        "Plot": "A family coping with addiction over many years goes through the heartbreaking and inspiring experience of survival, relapse and recovery.",
        "Language": "English",
        "Country": "United States",
        "Awards": "Nominated for 1 BAFTA Award10 wins & 31 nominations total",
        "Poster": "https://m.media-amazon.com/images/M/MV5BNTRhNjg3NGMtMDM3Mi00ZmRmLTg0ZDMtYTBhMThiN2YxMTdjXkEyXkFqcGc@._V1_SX300.jpg",
        "Ratings": [
            {
                "Source": "Internet Movie Database",
                "Value": "7.4/10"
            },
            {
                "Source": "Rotten Tomatoes",
                "Value": "68%"
            },
            {
                "Source": "Metacritic",
                "Value": "62/100"
            }
        ],
        "Metascore": "62",
        "imdbRating": "7.4",
        "imdbVotes": "110,025",
        "imdbID": "tt1226837",
        "Type": "movie",
        "DVD": "N/A",
        "BoxOffice": "$7,649,973",
        "Production": "N/A",
        "Website": "N/A",
        "Response": "True"
    }
}