{
    "tmdb": {
        "adult": false,
        "backdrop_path": "/zXUxcXnBPHF1cD0IHi4KUpsNvF4.jpg",
        "belongs_to_collection": null,
        "budget": 0,
        "genres": [
            {
                "id": 18,
                "name": "Drama"
            },
            {
                "id": 53,
                "name": "Thriller"
            },
            {
                "id": 10749,
                "name": "Romance"
            }
        ],
        "homepage": "",
        "id": 1323784,
        "imdb_id": "tt23558084",
        "origin_country": [
            "ES"
        ],
        "original_language": "es",
        "original_title": "Mala influencia",
        "overview": "A poor boy and a pampered rich girl seek to uncover secrets of the past to save their romance and their skin.",
        "popularity": 14.9949,
        "poster_path": "/oogmlZekRCHP0JDhHKDZIyDIfpP.jpg",
        "production_companies": [
            {
                "id": 233932,
                "logo_path": null,
                "name": "N&L Films",
                "origin_country": "ES"
            },
            {
                "id": 182897,
                "logo_path": "/5jZX93pvheCYowROn9LAz499FC5.png",
                "name": "Wattpad WEBTOON Studios",
                "origin_country": "US"
            },
            {
                "id": 10012,
                "logo_path": "/p2lszp9t84Mq9H87ITBCzopuUu4.png",
                "name": "Nadie es Perfecto",
                "origin_country": "ES"
            },
            {
                "id": 251093,
                "logo_path": null,
                "name": "Imperfect Films",
                "origin_country": "ES"
            }
        ],
        "production_countries": [
            {
                "iso_3166_1": "ES",
                "name": "Spain"
            },
            {
                "iso_3166_1": "US",
                "name": "United States of America"
            }
        ],
        "release_date": "2025-01-24",
        "revenue": 0,
        "runtime": 106,
        "spoken_languages": [
            {
                "english_name": "Spanish",
                "iso_639_1": "es",
                "name": "Español"
            }
        ],
        "status": "Released",
        "tagline": "",
        "title": "Bad Influence",
        "video": false,
        "vote_average": 7.8,
        "vote_count": 9
    },
    "omdb": {
        "Title": "Mala influencia",
        "Year": "2025",
        "Rated": "N/A",
        "Released": "24 Jan 2025",
        "Runtime": "106 min",
        "Genre": "Romance, Thriller",
        "Director": "Chloé Wallace",
        "Writer": "Chloé Wallace, Diana Muro",
        "Actors": "Alberto Olmo, Eléa Rochera, Enrique Arce",
        "Plot": "An orphan boy and a pampered rich-kid girl are trying to uncover secrets of the past to save their romance and their skin.",
        "Language": "Spanish",
        "Country": "United States, Spain",
        "Awards": "N/A",
        "Poster": "https://m.media-amazon.com/images/M/MV5BNzBkMDZiOTYtN2U0Zi00NWU4LWFkMmYtZTUwOGYwZGE2NjdhXkEyXkFqcGc@._V1_SX300.jpg",
        "Ratings": [],
        "Metascore": "N/A",
        "imdbRating": "N/A",
        "imdbVotes": "61",
        "imdbID": "tt23558084",
        "Type": "movie",
        "DVD": "N/A",
        "BoxOffice": "N/A",
        "Production": "N/A",
        "Website": "N/A",
        "Response": "True"
    }
}