{
    "tmdb": {
        "adult": false,
        "backdrop_path": "/9dfHalOBi4fj2GY2YW9H7IuyaXC.jpg",
        "belongs_to_collection": {
            "id": 544669,
            "name": "Minions Collection",
            "poster_path": "/9Ul4YrDQAKfkOf8TpV2RrjeLmaI.jpg",
            "backdrop_path": "/62Qe28oi9PaK3P2ljDYUDTGAyST.jpg"
        },
        "budget": 85000000,
        "genres": [
            {
                "id": 16,
                "name": "Animation"
            },
            {
                "id": 35,
                "name": "Comedy"
            },
            {
                "id": 10751,
                "name": "Family"
            },
            {
                "id": 12,
                "name": "Adventure"
            }
        ],
        "homepage": "https://www.minionsmovie.com/",
        "id": 438148,
        "imdb_id": "tt5113044",
        "origin_country": [
            "US"
        ],
        "original_language": "en",
        "original_title": "Minions: The Rise of Gru",
        "overview": "A fanboy of a supervillain supergroup known as the Vicious 6, Gru hatches a plan to become evil enough to join them, with the backup of his followers, the Minions.",
        "popularity": 20.6047,
        "poster_path": "/wKiOkZTN9lUUUNZLmtnwubZYONg.jpg",
        "production_companies": [
            {
                "id": 33,
                "logo_path": "/3wwjVpkZtnog6lSKzWDjvw2Yi00.png",
                "name": "Universal Pictures",
                "origin_country": "US"
            },
            {
                "id": 6704,
                "logo_path": "/fOG2oY4m1YuYTQh4bMqqZkmgOAI.png",
                "name": "Illumination",
                "origin_country": "US"
            }
        ],
        "production_countries": [
            {
                "iso_3166_1": "US",
                "name": "United States of America"
            }
        ],
        "release_date": "2022-06-29",
        "revenue": 940203765,
        "runtime": 87,
        "spoken_languages": [
            {
                "english_name": "English",
                "iso_639_1": "en",
                "name": "English"
            }
        ],
        "status": "Released",
        "tagline": "A villain will rise.",
        "title": "Minions: The Rise of Gru",
        "video": false,
        "vote_average": 7.299,
        "vote_count": 3719
    },
    "omdb": {
        "Title": "Minions: The Rise of Gru",
        "Year": "2022",
        "Rated": "PG",
        "Released": "01 Jul 2022",
        "Runtime": "87 min",
        "Genre": "Animation, Adventure, Comedy",
        "Director": "Kyle Balda, Brad Ableson, Jonathan del Val",
        "Writer": "Matthew Fogel, Brian Lynch",
        "Actors": "Steve Carell, Pierre Coffin, Alan Arkin",
        "Plot": "The untold story of one twelve-year-old's dream to become the world's greatest supervillain.",
        "Language": "English, Vietnamese",
        "Country": "United States, France",
        "Awards": "1 win & 19 nominations total",
        "Poster": "https://m.media-amazon.com/images/M/MV5BZTAzMTkyNmQtNTMzZS00MTM1LWI4YzEtMjVlYjU0ZWI5Y2IzXkEyXkFqcGc@._V1_SX300.jpg",
        "Ratings": [
            {
                "Source": "Internet Movie Database",
                "Value": "6.5/10"
            },
            {
                "Source": "Rotten Tomatoes",
                "Value": "69%"
            },
            {
                "Source": "Metacritic",
                "Value": "56/100"
            }
        ],
        "Metascore": "56",
        "imdbRating": "6.5",
        "imdbVotes": "97,366",
        "imdbID": "tt5113044",
        "Type": "movie",
        "DVD": "N/A",
        "BoxOffice": "$370,549,695",
        "Production": "N/A",
        "Website": "N/A",
        "Response": "True"
    }
}