{
    "tmdb": {
        "adult": false,
        "backdrop_path": "/sC2zQDmOk9f0kne4Xb29dJq1T15.jpg",
        "belongs_to_collection": null,
        "budget": 15000000,
        "genres": [
            {
                "id": 35,
                "name": "Comedy"
            },
            {
                "id": 10751,
                "name": "Family"
            },
            {
                "id": 10749,
                "name": "Romance"
            }
        ],
        "homepage": "https://movies.disney.com/the-parent-trap-1998",
        "id": 9820,
        "imdb_id": "tt0120783",
        "origin_country": [
            "US"
        ],
        "original_language": "en",
        "original_title": "The Parent Trap",
        "overview": "Hallie Parker and Annie James are identical twins separated at a young age because of their parents' divorce. Unknowingly to their parents, the girls are sent to the same summer camp where they meet, discover the truth about themselves, and then plot with each other to switch places.",
        "popularity": 17.7452,
        "poster_path": "/dNqgjqxHIdfsQRQL5XTujNfX9pj.jpg",
        "production_companies": [
            {
                "id": 2,
                "logo_path": "/wdrCwmRnLFJhEoH8GSfymY85KHT.png",
                "name": "Walt Disney Pictures",
                "origin_country": "US"
            },
            {
                "id": 8795,
                "logo_path": null,
                "name": "The Meyers/Shyer Company",
                "origin_country": "US"
            }
        ],
        "production_countries": [
            {
                "iso_3166_1": "US",
                "name": "United States of America"
            }
        ],
        "release_date": "1998-07-28",
        "revenue": 92108518,
        "runtime": 128,
        "spoken_languages": [
            {
                "english_name": "English",
                "iso_639_1": "en",
                "name": "English"
            },
            {
                "english_name": "Spanish",
                "iso_639_1": "es",
                "name": "Español"
            },
            {
                "english_name": "French",
                "iso_639_1": "fr",
                "name": "Français"
            },
            {
                "english_name": "Italian",
                "iso_639_1": "it",
                "name": "Italiano"
            }
        ],
        "status": "Released",
        "tagline": "Twice the Fun, Double the Trouble.",
        "title": "The Parent Trap",
        "video": false,
        "vote_average": 7.21,
        "vote_count": 4262
    },
    "omdb": {
        "Title": "The Parent Trap",
        "Year": "1998",
        "Rated": "PG",
        "Released": "29 Jul 1998",
        "Runtime": "128 min",
        "Genre": "Adventure, Comedy, Drama",
        "Director": "Nancy Meyers",
        "Writer": "Erich Kästner, David Swift, Nancy Meyers",
        "Actors": "Lindsay Lohan, Dennis Quaid, Natasha Richardson",
        "Plot": "Identical twins Annie and Hallie, separated at birth and each raised by one of their biological parents, discover each other for the first time at summer camp and make a plan to bring their wayward parents back together.",
        "Language": "English, French",
        "Country": "United States, United Kingdom",
        "Awards": "2 wins & 7 nominations total",
        "Poster": "https://m.media-amazon.com/images/M/MV5BNTRkYmY3Y2QtMGM2Ny00MTNmLTk4NjYtNjMwNTNmMGY5ZDllXkEyXkFqcGc@._V1_SX300.jpg",
        "Ratings": [
            {
                "Source": "Internet Movie Database",
                "Value": "6.7/10"
            },
            {
                "Source": "Rotten Tomatoes",
                "Value": "87%"
            },
            {
                "Source": "Metacritic",
                "Value": "63/100"
            }
        ],
        "Metascore": "63",
        "imdbRating": "6.7",
        "imdbVotes": "163,856",
        "imdbID": "tt0120783",
        "Type": "movie",
        "DVD": "N/A",
        "BoxOffice": "$66,308,518",
        "Production": "N/A",
        "Website": "N/A",
        "Response": "True"
    }
}