{
    "tmdb": {
        "adult": false,
        "backdrop_path": "/hqNspYtGVGuLDO15JORh44H7VOV.jpg",
        "belongs_to_collection": null,
        "budget": 0,
        "genres": [
            {
                "id": 18,
                "name": "Drama"
            },
            {
                "id": 53,
                "name": "Thriller"
            },
            {
                "id": 80,
                "name": "Crime"
            }
        ],
        "homepage": "",
        "id": 1079311,
        "imdb_id": "tt32086032",
        "origin_country": [
            "FR"
        ],
        "original_language": "fr",
        "original_title": "Le Royaume",
        "overview": "Teenage Lesia is taken by a man to a villa where her fugitive father and his men are hiding. A war erupts, leading to death and a chase where father and daughter bond.",
        "popularity": 40.5421,
        "poster_path": "/6sR2P5P5SE8wZwMsfsLCO7J7Drp.jpg",
        "production_companies": [
            {
                "id": 34780,
                "logo_path": "/ahgzFRXKF2fkOV0WfB0RCxEmxki.png",
                "name": "Chi-Fou-Mi Productions",
                "origin_country": "FR"
            }
        ],
        "production_countries": [
            {
                "iso_3166_1": "FR",
                "name": "France"
            }
        ],
        "release_date": "2024-11-13",
        "revenue": 1019507,
        "runtime": 108,
        "spoken_languages": [
            {
                "english_name": "French",
                "iso_639_1": "fr",
                "name": "Français"
            }
        ],
        "status": "Released",
        "tagline": "",
        "title": "The Kingdom",
        "video": false,
        "vote_average": 7.151,
        "vote_count": 43
    },
    "omdb": {
        "Title": "The Kingdom",
        "Year": "2024",
        "Rated": "N/A",
        "Released": "13 Nov 2024",
        "Runtime": "108 min",
        "Genre": "Crime, Drama, Thriller",
        "Director": "Julien Colonna",
        "Writer": "Julien Colonna, Jeanne Herry",
        "Actors": "Ghjuvanna Benedetti, Saveriu Santucci, Anthony Morganti",
        "Plot": "Lesia, a teenager, is taken by a man to a villa where her fugitive father and his men are hiding. A war erupts, leading to death and a chase where father and daughter bond.",
        "Language": "French",
        "Country": "France",
        "Awards": "2 wins & 10 nominations total",
        "Poster": "https://m.media-amazon.com/images/M/MV5BYmU0YmM0ZTItNGQxMS00OTM4LThlNDgtOTg2M2M3YzM5ZTdlXkEyXkFqcGc@._V1_SX300.jpg",
        "Ratings": [
            {
                "Source": "Internet Movie Database",
                "Value": "7.0/10"
            },
            {
                "Source": "Rotten Tomatoes",
                "Value": "100%"
            },
            {
                "Source": "Metacritic",
                "Value": "84/100"
            }
        ],
        "Metascore": "84",
        "imdbRating": "7.0",
        "imdbVotes": "627",
        "imdbID": "tt32086032",
        "Type": "movie",
        "DVD": "N/A",
        "BoxOffice": "N/A",
        "Production": "N/A",
        "Website": "N/A",
        "Response": "True"
    }
}