{
    "tmdb": {
        "adult": false,
        "backdrop_path": "/rshlQ6LfPRSWFhpGL4s5ZkIPR51.jpg",
        "belongs_to_collection": null,
        "budget": 40000000,
        "genres": [
            {
                "id": 18,
                "name": "Drama"
            },
            {
                "id": 36,
                "name": "History"
            },
            {
                "id": 10752,
                "name": "War"
            }
        ],
        "homepage": "https://www.lionsgate.com/movies/hacksaw-ridge",
        "id": 324786,
        "imdb_id": "tt2119532",
        "origin_country": [
            "AU",
            "GB",
            "US"
        ],
        "original_language": "en",
        "original_title": "Hacksaw Ridge",
        "overview": "WWII American Army Medic Desmond T. Doss, who served during the Battle of Okinawa, refuses to kill people and becomes the first Conscientious Objector in American history to receive the Congressional Medal of Honor.",
        "popularity": 15.8096,
        "poster_path": "/jhWbYeUNOA5zAb6ufK6pXQFXqTX.jpg",
        "production_companies": [
            {
                "id": 491,
                "logo_path": "/5LvDUt3KmvRnXQ4NrdWJYHeuA8J.png",
                "name": "Summit Entertainment",
                "origin_country": "US"
            },
            {
                "id": 8915,
                "logo_path": null,
                "name": "Pandemonium",
                "origin_country": "US"
            },
            {
                "id": 10246,
                "logo_path": "/rREvQNWAxkDfY9CDn2c5YxEMPdP.png",
                "name": "Cross Creek Pictures",
                "origin_country": "US"
            },
            {
                "id": 455,
                "logo_path": null,
                "name": "Permut Presentations",
                "origin_country": "US"
            },
            {
                "id": 50481,
                "logo_path": "/mBgGtJJQ9aOpKBnuKXM75kHYT6D.png",
                "name": "Vendian Entertainment",
                "origin_country": "US"
            },
            {
                "id": 92455,
                "logo_path": "/yIY6pphobFpoaAoUYq4HAjX72Rn.png",
                "name": "Argent Pictures",
                "origin_country": "US"
            },
            {
                "id": 7437,
                "logo_path": "/e5CcgFrdlxMUwlsS72si8q1yHBr.png",
                "name": "IM Global",
                "origin_country": "US"
            },
            {
                "id": 51860,
                "logo_path": "/74RVWMcfeT36lnZGY8NdI7OhGmr.png",
                "name": "AI Film",
                "origin_country": "GB"
            },
            {
                "id": 8186,
                "logo_path": "/exdIeoM9Bk2Vn57WbEN6WOSrOjI.png",
                "name": "Bliss Media",
                "origin_country": "CN"
            },
            {
                "id": 94431,
                "logo_path": null,
                "name": "Kylin Pictures",
                "origin_country": "CN"
            },
            {
                "id": 234199,
                "logo_path": null,
                "name": "Cosmos Filmed Entertainment",
                "origin_country": "AU"
            },
            {
                "id": 152,
                "logo_path": "/rC2pFo4IBQVSVZvucDLwMRvZHfi.png",
                "name": "Icon Productions",
                "origin_country": "US"
            }
        ],
        "production_countries": [
            {
                "iso_3166_1": "AU",
                "name": "Australia"
            },
            {
                "iso_3166_1": "GB",
                "name": "United Kingdom"
            },
            {
                "iso_3166_1": "US",
                "name": "United States of America"
            },
            {
                "iso_3166_1": "CN",
                "name": "China"
            }
        ],
        "release_date": "2016-10-07",
        "revenue": 175302354,
        "runtime": 139,
        "spoken_languages": [
            {
                "english_name": "Japanese",
                "iso_639_1": "ja",
                "name": "日本語"
            },
            {
                "english_name": "English",
                "iso_639_1": "en",
                "name": "English"
            }
        ],
        "status": "Released",
        "tagline": "One of the greatest heroes in American history never fired a bullet.",
        "title": "Hacksaw Ridge",
        "video": false,
        "vote_average": 8.193,
        "vote_count": 14059
    },
    "omdb": {
        "Title": "Hacksaw Ridge",
        "Year": "2016",
        "Rated": "R",
        "Released": "04 Nov 2016",
        "Runtime": "139 min",
        "Genre": "Biography, Drama, History",
        "Director": "Mel Gibson",
        "Writer": "Robert Schenkkan, Andrew Knight",
        "Actors": "Andrew Garfield, Sam Worthington, Luke Bracey",
        "Plot": "World War II American Army Medic Desmond T. Doss, serving during the Battle of Okinawa, refuses to kill people and becomes the first man in American history to receive the Medal of Honor without firing a shot.",
        "Language": "English, Japanese",
        "Country": "United States",
        "Awards": "Won 2 Oscars. 57 wins & 115 nominations total",
        "Poster": "https://m.media-amazon.com/images/M/MV5BMjQ1NjM3MTUxNV5BMl5BanBnXkFtZTgwMDc5MTY5OTE@._V1_SX300.jpg",
        "Ratings": [
            {
                "Source": "Internet Movie Database",
                "Value": "8.1/10"
            },
            {
                "Source": "Rotten Tomatoes",
                "Value": "84%"
            },
            {
                "Source": "Metacritic",
                "Value": "71/100"
            }
        ],
        "Metascore": "71",
        "imdbRating": "8.1",
        "imdbVotes": "630,865",
        "imdbID": "tt2119532",
        "Type": "movie",
        "DVD": "N/A",
        "BoxOffice": "$67,209,615",
        "Production": "N/A",
        "Website": "N/A",
        "Response": "True"
    }
}