{
    "tmdb": {
        "adult": false,
        "backdrop_path": "/euYIwmwkmz95mnXvufEmbL6ovhZ.jpg",
        "belongs_to_collection": {
            "id": 1069584,
            "name": "Gladiator Collection",
            "poster_path": "/bk6nx2rGNdlKtBsB9XcrclVKItv.jpg",
            "backdrop_path": "/1VdLvSIeHuwqCT13H9EafxCacGB.jpg"
        },
        "budget": 310000000,
        "genres": [
            {
                "id": 28,
                "name": "Action"
            },
            {
                "id": 12,
                "name": "Adventure"
            },
            {
                "id": 18,
                "name": "Drama"
            }
        ],
        "homepage": "https://www.gladiator.movie",
        "id": 558449,
        "imdb_id": "tt9218128",
        "origin_country": [
            "US"
        ],
        "original_language": "en",
        "original_title": "Gladiator II",
        "overview": "Years after witnessing the death of the revered hero Maximus at the hands of his uncle, Lucius is forced to enter the Colosseum after his home is conquered by the tyrannical Emperors who now lead Rome with an iron fist. With rage in his heart and the future of the Empire at stake, Lucius must look to his past to find strength and honor to return the glory of Rome to its people.",
        "popularity": 63.0921,
        "poster_path": "/2cxhvwyEwRlysAmRH4iodkvo0z5.jpg",
        "production_companies": [
            {
                "id": 4,
                "logo_path": "/gz66EfNoYPqHTYI4q9UEN4CbHRc.png",
                "name": "Paramount Pictures",
                "origin_country": "US"
            },
            {
                "id": 221347,
                "logo_path": "/6Ry6uNBaa0IbbSs1XYIgX5DkA9r.png",
                "name": "Scott Free Productions",
                "origin_country": "US"
            },
            {
                "id": 246486,
                "logo_path": null,
                "name": "Lucy Fisher/Douglas Wick Productions",
                "origin_country": "US"
            }
        ],
        "production_countries": [
            {
                "iso_3166_1": "US",
                "name": "United States of America"
            }
        ],
        "release_date": "2024-11-13",
        "revenue": 458718000,
        "runtime": 148,
        "spoken_languages": [
            {
                "english_name": "English",
                "iso_639_1": "en",
                "name": "English"
            }
        ],
        "status": "Released",
        "tagline": "Prepare to be entertained.",
        "title": "Gladiator II",
        "video": false,
        "vote_average": 6.749,
        "vote_count": 3262
    },
    "omdb": {
        "Title": "Gladiator II",
        "Year": "2024",
        "Rated": "R",
        "Released": "22 Nov 2024",
        "Runtime": "148 min",
        "Genre": "Action, Adventure, Drama",
        "Director": "Ridley Scott",
        "Writer": "David Franzoni, Peter Craig, David Scarpa",
        "Actors": "Paul Mescal, Denzel Washington, Pedro Pascal",
        "Plot": "After his home is conquered by the tyrannical emperors who now lead Rome, Lucius is forced to enter the Colosseum and must look to his past to find strength to return the glory of Rome to its people.",
        "Language": "English, Latin",
        "Country": "United States, United Kingdom, Morocco, Canada, Malta",
        "Awards": "Nominated for 3 BAFTA 3 wins & 86 nominations total",
        "Poster": "https://m.media-amazon.com/images/M/MV5BMWYzZTM5ZGQtOGE5My00NmM2LWFlMDEtMGNjYjdmOWM1MzA1XkEyXkFqcGc@._V1_SX300.jpg",
        "Ratings": [
            {
                "Source": "Internet Movie Database",
                "Value": "6.6/10"
            },
            {
                "Source": "Rotten Tomatoes",
                "Value": "70%"
            },
            {
                "Source": "Metacritic",
                "Value": "64/100"
            }
        ],
        "Metascore": "64",
        "imdbRating": "6.6",
        "imdbVotes": "172,374",
        "imdbID": "tt9218128",
        "Type": "movie",
        "DVD": "N/A",
        "BoxOffice": "$172,118,000",
        "Production": "N/A",
        "Website": "N/A",
        "Response": "True"
    }
}