{
    "tmdb": {
        "adult": false,
        "backdrop_path": "/D3eDUNEzJPBDG3TCJcR7RyRgTA.jpg",
        "belongs_to_collection": null,
        "budget": 38000000,
        "genres": [
            {
                "id": 18,
                "name": "Drama"
            },
            {
                "id": 28,
                "name": "Action"
            }
        ],
        "homepage": "",
        "id": 96721,
        "imdb_id": "tt1979320",
        "origin_country": [
            "GB",
            "US"
        ],
        "original_language": "en",
        "original_title": "Rush",
        "overview": "In the 1970s, a rivalry propels race car drivers Niki Lauda and James Hunt to fame and glory — until a horrible accident threatens to end it all.",
        "popularity": 15.9352,
        "poster_path": "/5hpcfL3WH5ArSPUlfD4E1TtaOd0.jpg",
        "production_companies": [
            {
                "id": 163,
                "logo_path": null,
                "name": "Revolution Films",
                "origin_country": "GB"
            },
            {
                "id": 10163,
                "logo_path": "/16KWBMmfPX0aJzDExDrPxSLj0Pg.png",
                "name": "Working Title Films",
                "origin_country": "GB"
            },
            {
                "id": 23,
                "logo_path": "/bJOFo2ufq7iFC1F4qZm8aLxF5aS.png",
                "name": "Imagine Entertainment",
                "origin_country": "US"
            }
        ],
        "production_countries": [
            {
                "iso_3166_1": "GB",
                "name": "United Kingdom"
            },
            {
                "iso_3166_1": "US",
                "name": "United States of America"
            }
        ],
        "release_date": "2013-09-02",
        "revenue": 90200000,
        "runtime": 123,
        "spoken_languages": [
            {
                "english_name": "English",
                "iso_639_1": "en",
                "name": "English"
            },
            {
                "english_name": "German",
                "iso_639_1": "de",
                "name": "Deutsch"
            },
            {
                "english_name": "Italian",
                "iso_639_1": "it",
                "name": "Italiano"
            },
            {
                "english_name": "French",
                "iso_639_1": "fr",
                "name": "Français"
            }
        ],
        "status": "Released",
        "tagline": "Everyone's driven by something.",
        "title": "Rush",
        "video": false,
        "vote_average": 7.722,
        "vote_count": 7286
    },
    "omdb": {
        "Title": "Rush",
        "Year": "2013",
        "Rated": "R",
        "Released": "27 Sep 2013",
        "Runtime": "123 min",
        "Genre": "Biography, Drama, Sport",
        "Director": "Ron Howard",
        "Writer": "Peter Morgan",
        "Actors": "Daniel Brühl, Chris Hemsworth, Olivia Wilde",
        "Plot": "James Hunt and Niki Lauda, two extremely skilled Formula One racers, have an intense rivalry with each other. However, it is their enmity that pushes them to their limits.",
        "Language": "English, German, Italian, French, Japanese, Spanish",
        "Country": "United Kingdom, United States",
        "Awards": "Won 1 BAFTA Award6 wins & 66 nominations total",
        "Poster": "https://m.media-amazon.com/images/M/MV5BMTZhOGQxM2ItNGQyYy00YzE5LWI5MjMtNmMzNGQzNDE1OTUzXkEyXkFqcGc@._V1_SX300.jpg",
        "Ratings": [
            {
                "Source": "Internet Movie Database",
                "Value": "8.1/10"
            },
            {
                "Source": "Rotten Tomatoes",
                "Value": "88%"
            },
            {
                "Source": "Metacritic",
                "Value": "74/100"
            }
        ],
        "Metascore": "74",
        "imdbRating": "8.1",
        "imdbVotes": "532,959",
        "imdbID": "tt1979320",
        "Type": "movie",
        "DVD": "N/A",
        "BoxOffice": "$26,947,624",
        "Production": "N/A",
        "Website": "N/A",
        "Response": "True"
    }
}