{
    "tmdb": {
        "adult": false,
        "backdrop_path": "/2u1YBNBlSwvBReyvI7i5z5ykQXP.jpg",
        "belongs_to_collection": null,
        "budget": 200000000,
        "genres": [
            {
                "id": 28,
                "name": "Action"
            },
            {
                "id": 53,
                "name": "Thriller"
            }
        ],
        "homepage": "https://www.netflix.com/title/81160697",
        "id": 725201,
        "imdb_id": "tt1649418",
        "origin_country": [
            "US"
        ],
        "original_language": "en",
        "original_title": "The Gray Man",
        "overview": "When a shadowy CIA agent uncovers damning agency secrets, he's hunted across the globe by a sociopathic rogue operative who's put a bounty on his head.",
        "popularity": 13.4136,
        "poster_path": "/13r1DFhfL0qufFjXnrvWuh6qKqH.jpg",
        "production_companies": [
            {
                "id": 106544,
                "logo_path": "/psd84iF7PTGrKf4yFOStKj8JbAh.png",
                "name": "AGBO",
                "origin_country": "US"
            },
            {
                "id": 105052,
                "logo_path": "/v0s09QaxgCrrXrbz2LctvSfRKRi.png",
                "name": "Roth-Kirschenbaum Films",
                "origin_country": "US"
            }
        ],
        "production_countries": [
            {
                "iso_3166_1": "US",
                "name": "United States of America"
            }
        ],
        "release_date": "2022-07-13",
        "revenue": 454023,
        "runtime": 129,
        "spoken_languages": [
            {
                "english_name": "Czech",
                "iso_639_1": "cs",
                "name": "Český"
            },
            {
                "english_name": "English",
                "iso_639_1": "en",
                "name": "English"
            },
            {
                "english_name": "French",
                "iso_639_1": "fr",
                "name": "Français"
            },
            {
                "english_name": "German",
                "iso_639_1": "de",
                "name": "Deutsch"
            },
            {
                "english_name": "Thai",
                "iso_639_1": "th",
                "name": "ภาษาไทย"
            }
        ],
        "status": "Released",
        "tagline": "",
        "title": "The Gray Man",
        "video": false,
        "vote_average": 6.946,
        "vote_count": 3803
    },
    "omdb": {
        "Title": "The Gray Man",
        "Year": "2022",
        "Rated": "PG-13",
        "Released": "22 Jul 2022",
        "Runtime": "122 min",
        "Genre": "Action, Mystery, Thriller",
        "Director": "Joe Russo, Anthony Russo",
        "Writer": "Joe Russo, Christopher Markus, Stephen McFeely",
        "Actors": "Ryan Gosling, Chris Evans, Ana de Armas",
        "Plot": "When the CIA's most skilled operative, whose true identity is known to none, accidentally uncovers dark agency secrets, a psychopathic former colleague puts a bounty on his head, setting off a global manhunt by international assas...",
        "Language": "English",
        "Country": "United States, Czech Republic, United Kingdom, Canada, Thailand, Denmark, France, Cambodia, Vietnam",
        "Awards": "8 nominations total",
        "Poster": "https://m.media-amazon.com/images/M/MV5BZmFhZTNlNzctZGQzZi00MTA3LThiNjMtYWQzNjUzMjNjZjA3XkEyXkFqcGc@._V1_SX300.jpg",
        "Ratings": [
            {
                "Source": "Internet Movie Database",
                "Value": "6.5/10"
            },
            {
                "Source": "Rotten Tomatoes",
                "Value": "45%"
            },
            {
                "Source": "Metacritic",
                "Value": "49/100"
            }
        ],
        "Metascore": "49",
        "imdbRating": "6.5",
        "imdbVotes": "251,389",
        "imdbID": "tt1649418",
        "Type": "movie",
        "DVD": "N/A",
        "BoxOffice": "N/A",
        "Production": "N/A",
        "Website": "N/A",
        "Response": "True"
    }
}