{
    "tmdb": {
        "adult": false,
        "backdrop_path": "/39CRS71VP0d9VOsJ5TVgD8IaQnT.jpg",
        "belongs_to_collection": null,
        "budget": 14750000,
        "genres": [
            {
                "id": 53,
                "name": "Thriller"
            },
            {
                "id": 28,
                "name": "Action"
            },
            {
                "id": 27,
                "name": "Horror"
            },
            {
                "id": 878,
                "name": "Science Fiction"
            },
            {
                "id": 12,
                "name": "Adventure"
            }
        ],
        "homepage": "",
        "id": 726139,
        "imdb_id": "tt25808194",
        "origin_country": [
            "KR"
        ],
        "original_language": "ko",
        "original_title": "탈출: 프로젝트 사일런스",
        "overview": "Due to sudden deteriorating weather conditions, visibility on the Airport Bridge is severely impaired, leaving people stranded and at risk of the bridge collapsing due to a series of chain collisions and explosions. Amidst the chaos, the canine subjects \"Echo\" from the military experiment \"Project Silence,\" who were being transported in secret, break free, and all human survivors become targets of relentless attacks.",
        "popularity": 13.7989,
        "poster_path": "/lZT5Cq4wkz7IeJEnz94U94xuEWD.jpg",
        "production_companies": [
            {
                "id": 147142,
                "logo_path": "/2PLXkCFStjT8Quq3DeDj9dVbM5j.png",
                "name": "Blaad Studios",
                "origin_country": "KR"
            },
            {
                "id": 128404,
                "logo_path": "/dP3usmr6di1jMPH738rvbxdkmSQ.png",
                "name": "CJ ENM",
                "origin_country": "KR"
            },
            {
                "id": 199265,
                "logo_path": "/mv2yDqAgT1ea1eTXZMDr89zX95M.png",
                "name": "CJ ENM Studios",
                "origin_country": "KR"
            }
        ],
        "production_countries": [
            {
                "iso_3166_1": "KR",
                "name": "South Korea"
            }
        ],
        "release_date": "2024-07-11",
        "revenue": 6283415,
        "runtime": 96,
        "spoken_languages": [
            {
                "english_name": "Korean",
                "iso_639_1": "ko",
                "name": "한국어/조선말"
            }
        ],
        "status": "Released",
        "tagline": "Every survivor is a target.",
        "title": "Project Silence",
        "video": false,
        "vote_average": 7.004,
        "vote_count": 339
    },
    "omdb": {
        "Title": "Project Silence",
        "Year": "2023",
        "Rated": "N/A",
        "Released": "12 Jul 2024",
        "Runtime": "101 min",
        "Genre": "Action, Horror, Sci-Fi",
        "Director": "Kim Tae-gon",
        "Writer": "Kim Tae-gon, Park Joo-suk, Kim Yong-hwa",
        "Actors": "Lee Sun-kyun, Ju Ji-hoon, Kim Hee-won",
        "Plot": "\"Silence\" takes place when an accident occurs on a foggy bridge and, as a result, an unknown beast is unleashed.",
        "Language": "Korean",
        "Country": "South Korea, Hong Kong",
        "Awards": "N/A",
        "Poster": "https://m.media-amazon.com/images/M/MV5BNDMxYTAwYzItMmJiZC00NjViLTg3YjEtMDY4OTI4MDY1YzkzXkEyXkFqcGc@._V1_SX300.jpg",
        "Ratings": [
            {
                "Source": "Internet Movie Database",
                "Value": "5.4/10"
            }
        ],
        "Metascore": "N/A",
        "imdbRating": "5.4",
        "imdbVotes": "2,926",
        "imdbID": "tt25808194",
        "Type": "movie",
        "DVD": "N/A",
        "BoxOffice": "N/A",
        "Production": "N/A",
        "Website": "N/A",
        "Response": "True"
    }
}