{
    "tmdb": {
        "adult": false,
        "backdrop_path": "/b3mdmjYTEL70j7nuXATUAD9qgu4.jpg",
        "belongs_to_collection": null,
        "budget": 3700000,
        "genres": [
            {
                "id": 16,
                "name": "Animation"
            },
            {
                "id": 14,
                "name": "Fantasy"
            },
            {
                "id": 12,
                "name": "Adventure"
            }
        ],
        "homepage": "https://flowthemovie.com/",
        "id": 823219,
        "imdb_id": "tt4772188",
        "origin_country": [
            "LV"
        ],
        "original_language": "lv",
        "original_title": "Straume",
        "overview": "A solitary cat, displaced by a great flood, finds refuge on a boat with various species and must navigate the challenges of adapting to a transformed world together.",
        "popularity": 53.6801,
        "poster_path": "/imKSymKBK7o73sajciEmndJoVkR.jpg",
        "production_companies": [
            {
                "id": 153335,
                "logo_path": "/bEsO7l12cRGAY25Uqt1a66Ife1U.png",
                "name": "Dream Well Studio",
                "origin_country": "LV"
            },
            {
                "id": 12433,
                "logo_path": "/sKu7Gr83ie8w6waDwYNHMBEaSah.png",
                "name": "Sacrebleu Productions",
                "origin_country": "FR"
            },
            {
                "id": 101516,
                "logo_path": "/q7ynwvgbkht96N8qPFexUW3QFeR.png",
                "name": "Take Five",
                "origin_country": "BE"
            },
            {
                "id": 94,
                "logo_path": "/huC7HqorvUThGIrENrbcHmQVUA0.png",
                "name": "ARTE France Cinéma",
                "origin_country": "FR"
            },
            {
                "id": 792,
                "logo_path": "/cRhBQP1FFNugNxKkO1pUgeD2Rkr.png",
                "name": "RTBF",
                "origin_country": "BE"
            }
        ],
        "production_countries": [
            {
                "iso_3166_1": "LV",
                "name": "Latvia"
            },
            {
                "iso_3166_1": "BE",
                "name": "Belgium"
            },
            {
                "iso_3166_1": "FR",
                "name": "France"
            }
        ],
        "release_date": "2024-08-29",
        "revenue": 17660107,
        "runtime": 85,
        "spoken_languages": [
            {
                "english_name": "No Language",
                "iso_639_1": "xx",
                "name": "No Language"
            }
        ],
        "status": "Released",
        "tagline": "Surrender to the storm.",
        "title": "Flow",
        "video": false,
        "vote_average": 8.204,
        "vote_count": 1876
    },
    "omdb": {
        "Title": "Flow",
        "Year": "2024",
        "Rated": "PG",
        "Released": "14 Feb 2025",
        "Runtime": "85 min",
        "Genre": "Animation, Adventure, Family",
        "Director": "Gints Zilbalodis",
        "Writer": "Gints Zilbalodis, Matiss Kaza, Ron Dyens",
        "Actors": "N/A",
        "Plot": "Cat is a solitary animal, but as its home is devastated by a great flood, he finds refuge on a boat populated by various species, and will have to team up with them despite their differences.",
        "Language": "None",
        "Country": "Latvia, Belgium, France",
        "Awards": "Won 1 Oscar. 54 wins & 72 nominations total",
        "Poster": "https://m.media-amazon.com/images/M/MV5BOTM5ODBlOTAtYjcwZi00YzkzLWIzODEtMTM2MTZlNDFmMWU2XkEyXkFqcGc@._V1_SX300.jpg",
        "Ratings": [
            {
                "Source": "Internet Movie Database",
                "Value": "7.9/10"
            },
            {
                "Source": "Rotten Tomatoes",
                "Value": "97%"
            },
            {
                "Source": "Metacritic",
                "Value": "87/100"
            }
        ],
        "Metascore": "87",
        "imdbRating": "7.9",
        "imdbVotes": "70,276",
        "imdbID": "tt4772188",
        "Type": "movie",
        "DVD": "N/A",
        "BoxOffice": "$4,781,272",
        "Production": "N/A",
        "Website": "N/A",
        "Response": "True"
    }
}