imdb_id,tmdb_id
tt20215234,974576
tt30057084,1097549
tt28607951,1064213
tt9218128,558449
tt26625693,1082195
tt21942598,979660
tt11563598,661539
tt5040012,426063
tt17526714,933260
tt13186482,762509
tt12584954,718821
tt1262426,402431
tt28015403,1138194
tt21823606,1013850
tt8999762,549509
tt15398776,872585
tt8790086,539972
tt21267296,999243
tt15745084,982543
tt29623480,1184918
tt27534307,1114513
tt26753003,1032823
tt13622970,1241982
tt6263850,533535
tt18259086,939243
tt24515124,1059073
tt18412256,945961
tt4772188,823219
tt1745960,361743
tt29268110,1100782
tt15042300,1092506
tt11552344,974961
tt10545296,695721
tt11866324,766507
tt14961016,1000837
tt19861162,975511
tt17279496,929590
tt15239678,693134
tt26047818,1072790
tt11083552,637649
tt9603212,575264
tt12908150,842924
tt15671028,884605
tt20212786,970947
tt14230458,792307
tt13560574,760104
tt27813235,1128655
tt29439114,1088514
tt5177120,799583
tt1877830,414906
tt23853982,1109255
tt16366836,912649
tt5822536,516729
tt27196021,1102493
tt32768323,1317088
tt26677014,1086497
tt27403986,1106739
tt12593682,718930
tt23468450,1226578
tt17492148,681434
tt10655524,1079091
tt12037194,786892
tt27218960,1094274
tt14858658,840705
tt15314262,866398
tt22375054,1029281
tt24176060,1059128
tt8368368,1182047
tt21382296,1005331
tt23149780,1042834
tt26446278,1084736
tt27131358,1100099
tt1160419,438631
tt13652142,784524
tt13652286,1212855
tt1517268,346698
tt2906216,493529
tt28249919,1140535
tt22042346,1023915
tt20215968,974635
tt6718170,502356
tt9764362,593643
tt8041270,507086
tt1684562,746036
tt9362722,569094
tt15325794,985939
tt21064584,850165
tt10872600,634649
tt14257582,877817
tt26474783,1229915
tt14260836,799766
tt12747748,726209
tt10366206,603692
tt10638522,1008042
tt15791034,913290
tt28007064,1226572
tt1630029,76600
tt9032400,524434
tt7888964,615457
tt22041854,1020006
tt5537002,466420
tt10731256,619730
tt4978420,365177
tt10128846,592831
tt10640346,615777
tt11301886,646097
tt6710474,545611
tt21454134,1008409
tt9114286,505642
tt27911000,1034541
tt20424130,979275
tt8864596,698687
tt24871974,1064028
tt18272208,940139
tt22173666,1029235
tt17351924,930564
tt2049403,917496
tt27489557,1111873
tt16426418,937287
tt6791350,447365
tt29252358,1182387
tt5433140,385687
tt21909764,1010581
tt22048412,1023922
tt15474916,882598
tt7510222,519182
tt10648342,616037
tt2180339,619979
tt11235772,645710
tt30505698,1239655
tt13403046,787752
tt6874690,1212742
tt14230388,747188
tt18108824,1186563
tt27657135,1120911
tt10954984,762504
tt17505010,932086
tt11138512,639933
tt11057302,634492
tt11564570,661374
tt31193791,1235499
tt3480822,497698
tt15352542,870360
tt31392609,1103621
tt1464335,335787
tt11315808,889737
tt19637052,948549
tt11001074,710258
tt14846026,840326
tt7737800,835113
tt26470109,1216191
tt22022452,1022789
tt30321146,1214509
tt3359350,359410
tt28613536,1169789
tt1340094,957452
tt11286314,646380
tt18925334,949423
tt9411972,682507
tt22408160,1029955
tt5971474,447277
tt9466114,843527
tt2382320,370172
tt1462764,335977
tt19770238,965150
tt30833959,1234402
tt28082769,1211472
tt20221436,974950
tt4873118,882569
tt21192142,994108
tt6264654,550988
tt1649418,725201
tt6166392,787699
tt4589218,507089
tt4244994,617653
tt13433802,762441
tt14849194,840430
tt13833688,785084
tt8337290,974453
tt27828550,1189735
tt1136617,800158
tt14824600,839033
tt6856242,476669
tt11674730,1047020
tt24458622,1061699
tt4761112,644583
tt28479262,1155828
tt6334354,436969
tt16419074,964980
tt5112584,832964
tt7657566,505026
tt7160372,467244
tt4919268,573435
tt9639470,576845
tt13238346,666277
tt1633359,338969
tt15552142,863873
tt20202324,974292
tt3581652,511809
tt14186876,804862
tt12610390,704239
tt23849204,1163258
tt9777666,588228
tt14369780,814338
tt6823148,454527
tt27540542,1239511
tt14966898,938614
tt11145118,677179
tt15009428,848538
tt1896747,956842
tt11271038,718032
tt1016150,49046
tt8718158,603661
tt20247888,976576
tt18559464,947891
tt13269536,801335
tt4614584,762975
tt11152168,639720
tt14509110,820609
tt15326988,868759
tt14998742,848326
tt27503384,976893
tt25602750,1075334
tt1879016,661231
tt20201748,974250
tt23558280,1035048
tt14539318,1300962
tt22893404,1038263
tt7985704,739405
tt7322224,497828
tt13452446,763215
tt8760708,536554
tt7405458,937278
tt11389872,653346
tt23289160,940721
tt3915174,315162
tt14577874,1052280
tt16539454,857598
tt14948432,845781
tt13287846,753342
tt7599146,678512
tt12361974,791373
tt10236164,1232827
tt2953050,568124
tt14415204,814889
tt14539740,823464
tt6443346,436270
tt18394190,987917
tt31723358,1252309
tt9419884,453395
tt1001520,635910
tt6587046,508883
tt21097228,989662
tt11687002,785542
tt11291274,648579
tt5090568,667538
tt20859464,983282
tt18070666,1013855
tt15574270,858017
tt26736843,1086747
tt10151854,594767
tt9376612,566525
tt21235248,967847
tt27766440,1127625
tt27367464,1180629
tt5433138,385128
tt0439572,298618
tt10954652,631843
tt11813216,674324
tt11127680,807196
tt24807110,1063877
tt17009710,915935
tt21097192,1141182
tt23137390,1041613
tt10676048,609681
tt9214772,560016
tt17024450,926393
tt4123432,338953
tt4495098,980489
tt13320622,752623
tt13778486,1130276
tt13491834,842931
tt10275534,605886
tt29137778,1217690
tt11858890,670292
tt15789038,976573
tt24169886,1059064
tt21816918,1250846
tt13521006,798286
tt11245972,646385
tt30953759,1232493
tt12412888,675353
tt5884796,646389
tt23055660,1028196
tt19356262,957304
tt17009348,944401
tt14371878,955916
tt12810074,728949
tt11068094,779816
tt7097896,580489
tt11426232,974931
tt13345606,713704
tt6467266,438695
tt8550054,592695
tt10403420,663712
tt27032708,1196470
tt33428606,1357633
tt1660648,1022690
tt1655389,301502
tt21692408,1011985
tt3704428,614934
tt17076046,928344
tt28821371,1262983
tt23639696,1022892
tt19864802,969492
tt21051906,987686
tt17663992,934433
tt20234774,975773
tt10366460,776503
tt16300962,744857
tt16431870,1029575
tt22478818,1195631
tt26671415,1083782
tt27775403,1127767
tt33353846,1373873
tt14253846,833339
tt27721892,1386801
tt16431330,1128614
tt21830902,1014590
tt10838180,624860
tt7144666,756999
tt10855768,768362
tt7991608,512195
tt2935622,779782
tt9663764,572802
tt14463484,818647
tt12349832,869291
tt23782584,1222248
tt3228774,337404
tt28070202,1144932
tt12758060,726759
tt26757462,1087822
tt11762114,673593
tt13405778,614479
tt11097384,636706
tt10954600,640146
tt10370710,660120
tt9883398,605722
tt10365998,667216
tt4959750,413846
tt9110170,630586
tt8847712,542178
tt3083016,280180
tt3291150,299054
tt11847410,795514
tt14208870,804095
tt32178949,1278263
tt15782690,1027073
tt15428940,1072371
tt9907782,630392
tt27665778,1120368
tt23770030,1064486
tt7737224,574451
tt0993840,503736
tt19623240,980078
tt11365186,698508
tt2463208,696806
tt0327785,507241
tt22687790,945729
tt9185206,555285
tt10245072,748230
tt32331377,1288070
tt9243804,559907
tt13186604,748167
tt9421570,567748
tt32086077,927547
tt8589698,614930
tt15939198,896151
tt13841850,780609
tt10172266,930094
tt8178634,579974
tt30750109,1223799
tt27774999,1127648
tt23778968,1051891
tt27180099,1098709
tt23732034,1113421
tt22890246,1075175
tt15041836,970450
tt22207786,912480
tt15364972,870518
tt11214590,644495
tt0499097,567189
tt13274016,866463
tt13375076,758323
tt12004038,807356
tt8310486,1026436
tt22695402,1071806
tt9224104,615656
tt14209916,804150
tt5034838,399566
tt13964390,1001311
tt7740496,597208
tt11703710,820446
tt8080204,536437
tt22004344,1037113
tt14781036,958196
tt8376234,522478
tt29518478,1180449
tt10304142,664469
tt12261776,700391
tt12873562,830788
tt32086034,1079310
tt12263384,697843
tt14362112,901362
tt14371860,807339
tt0293429,460465
tt4513678,425909
tt16277242,906126
tt17527468,814776
tt10944760,630240
tt1121948,970347
tt12818328,1019939
tt1448754,1071215
tt5108870,526896
tt14549466,819876
tt13627624,1100775
tt21284218,1008953
tt27165670,1101401
tt13923084,882059
tt9198364,556694
tt3758542,365620
tt4998632,763285
tt4196566,930600
tt5834426,406759
tt26548265,1118224
tt8542964,978592
tt26545708,1081012
tt21867434,1016084
tt28510079,1156593
tt33175825,1333100
tt11773810,989473
tt0870154,451048
tt15978956,1001835
tt8115900,629542
tt14407336,914206
tt5672290,437342
tt13097932,760774
tt10298810,718789
tt12262116,698948
tt10696784,618162
tt23872640,1043905
tt19704542,957119
tt27547378,1115131
tt3420504,522402
tt8009428,705861
tt14109724,800939
tt23561236,1056360
tt8110652,520023
tt28277817,1128752
tt8093700,724495
tt32084246,1243381
tt8609660,1159799
tt10293406,600583
tt22528200,1200801
tt21942866,823482
tt28131427,1249423
tt13456318,820912
tt5779228,748783
tt14641788,829280
tt14444726,817758
tt11203022,803104
tt32176689,1159311
tt28332337,1226777
tt21201300,978796
tt12374656,707103
tt20202136,974262
tt33367745,1310682
tt13397574,758679
tt13651794,839369
tt32810496,1299046
tt8110232,524369
tt14138650,800815
tt20194882,959429
tt27714840,1124641
tt9100018,709631
tt15010692,850439
tt26787296,1173558
tt9347730,565028
tt11304740,1022796
tt19864832,966238
tt9362930,565770
tt1609486,826510
tt21106646,829560
tt12801262,508943
tt21261712,998846
tt14856980,614933
tt26940324,1094138
tt22939186,1051896
tt5834874,704673
tt14857528,827931
tt3427252,532408
tt15245268,1232449
tt8097030,508947
tt15339570,933419
tt3447590,668482
tt7979580,501929
tt13872248,776797
tt3811906,619778
tt14914430,844185
tt7069210,423108
tt29536384,1275998
tt28491891,1154762
tt10016180,602269
tt6920084,460458
tt30766504,1225624
tt6495056,940551
tt10168670,791177
tt10160976,968051
tt9784798,583406
tt10449276,1201753
tt27802490,838209
tt15679400,631842
tt6654210,581726
tt13024674,796499
tt17163970,929204
tt1856080,823452
tt0887261,338947
tt12861212,711643
tt14598536,831396
tt11358390,649609
tt1777606,826769
tt9848626,585083
tt29120447,1262426
tt6566576,591273
tt14088510,719221
tt28005338,1134754
tt32627540,1155058
tt13352968,758330
tt9660502,901563
tt5109280,527774
tt30444418,1233208
tt9130508,544401
tt12573454,717980
tt10323676,628900
tt20768712,982271
tt26442053,1077782
tt4273800,541134
tt21874760,1056380
imdb_id,tmdb_id
tt21874760,1056380
tt13957560,792293
tt15268244,864168
tt22022784,1128505
tt13149356,964819
tt21807222,951491
tt12996154,829557
tt23137904,934632
tt13457790,992940
tt12616480,916728
tt8323668,843847
tt1723808,647245
tt11233960,645886
tt11727866,795109
tt8051894,862557
tt22767628,1215918
tt15744298,897087
tt5535276,523607
tt27599851,1118031
tt20112746,1087388
tt13453006,763329
tt15551346,881366
tt15789472,1151534
tt16304446,910571
tt27490099,959604
tt10314548,647581
tt24577462,1062215
tt10243672,1184495
tt16428256,916224
tt11003218,635731
tt13640696,766475
tt11827628,818397
tt12735488,801688
tt30321095,1214469
tt4459134,899294
tt5402714,1096838
tt6902332,634528
tt3554046,379686
tt23736044,1050035
tt30841606,1187417
tt17677434,934584
tt10720352,618588
tt11210390,643215
tt15000156,848439
tt27721737,1112466
tt16426570,1128546
tt29242846,1180634
tt31728562,1243078
tt14114802,799876
tt24216998,988402
tt21958136,1019404
tt26731216,1186532
tt14550346,812037
tt6722400,945937
tt14537248,913673
tt12598606,5492
tt5755238,1075794
tt7991508,507532
tt9051908,760099
tt13314558,755566
tt5113044,438148
tt20048582,976734
tt10098448,719256
tt9742794,630004
tt14827638,866346
tt23741080,960292
tt11950888,1361292
tt5315210,429473
tt10268488,597922
tt22050754,1010600
tt28488187,973628
tt18277182,1108828
tt33050529,1142364
tt28259207,1160018
tt3954936,928480
tt11656220,693113
tt13223398,760741
tt22773644,1032425
tt14561712,837335
tt12024308,915523
tt27145269,1100795
tt19465630,966220
tt15486810,877703
tt11274492,921636
tt15257160,862968
tt8356942,522016
tt20561198,980026
tt5198890,664341
tt28142896,1167271
tt6857376,458220
tt11891850,1013154
tt5761544,717930
tt3661210,532865
tt18968540,864370
tt13321244,753336
tt17277414,921452
tt4996328,974036
tt20115766,972614
tt9860566,616446
tt26629652,1082900
tt14536120,586353
tt12672536,796185
tt27419292,1108566
tt30443437,1287537
tt28349451,1151949
tt10155932,593910
tt7215232,592983
tt21188080,993784
tt8174412,583095
tt21375602,881415
tt29482291,1171634
tt9357050,567690
tt30217143,1210794
tt14923008,844398
tt13751694,781732
tt11080108,672647
tt22741760,1098378
tt32810511,1371789
tt19244260,1227816
tt10171472,1088096
tt18300732,1005076
tt17717416,934866
tt5177114,774531
tt10095582,591538
tt23330554,1079485
tt29383379,1186350
tt1321510,467909
tt12972134,949484
tt9686790,758009
tt12477480,705996
tt26926267,1093231
tt9783600,615469
tt30415138,1216385
tt14351082,975056
tt7738330,1079810
tt7214954,585511
tt3864060,1101448
tt2316548,1016121
tt19862722,1255350
tt6001846,1276825
tt23468836,1032472
tt8964540,806731
tt7461686,843416
tt26237514,1079244
tt8721424,537116
tt12921446,807172
tt8385148,522931
tt6632018,1159477
tt5151570,754609
tt15255288,638974
tt30810787,1228682
tt33029955,1320392
tt2183014,353577
tt1462759,843846
tt13327038,762968
tt22375408,1029555
tt2076822,412656
tt10767052,621587
tt1488589,555604
tt30327451,1000866
tt21335356,1002315
tt9853500,842942
tt22309256,1037391
tt4593060,532639
tt28618488,1151244
tt10696896,616651
tt31800329,1259365
tt11976532,683340
tt6111574,520663
tt28454007,1163953
tt9381682,593395
tt13249596,746419
tt15153532,912908
tt13603966,724209
tt11540468,720321
tt29141112,931944
tt14153080,800787
tt12193804,696157
tt30292390,1388694
tt13887082,928358
tt21979910,957314
tt13020386,1293244
tt15255876,862965
tt8521778,802219
tt11225626,641934
tt14458442,806368
tt15837338,893723
tt30700695,1315655
tt3758814,646207
tt6528290,455476
tt32085997,1063574
tt4058618,395817
tt32060445,1275248
tt10192406,595586
tt3626476,653349
tt20256448,832262
tt10242388,961484
tt22874848,1047373
tt9731386,846956
tt14817272,840882
tt7737528,597891
tt13638858,1126934
tt11755740,632727
tt21103300,1001811
tt30319503,1158915
tt9100054,554230
tt2560078,881164
tt22863968,804616
tt18180926,937161
tt14227048,798021
tt29544253,1205229
tt20316748,923667
tt29315015,1212337
tt3215824,578701
tt11820950,830896
tt21221386,1237871
tt9620288,614917
tt15109082,916405
tt13610562,765119
tt30790771,1206264
tt31350080,1064021
tt21626284,1163194
tt8114980,643586
tt22334258,1029330
tt21810682,973778
tt10643926,841733
tt26733463,1086548
tt17079606,1006724
tt29994753,1113583
tt15980138,1025125
tt31711040,1244492
tt12680684,722778
tt8912936,539681
tt15411160,983105
tt27799825,834966
tt1361336,587807
tt13069986,744275
tt21253186,1145758
tt6079772,645788
tt14039582,758866
tt27729779,1125510
tt11851548,760161
tt30954126,1238200
tt5648882,763165
tt9682428,1072342
tt9701940,591274
tt19848676,1177865
tt9844522,585216
tt10228134,617502
tt13818368,784651
tt14308636,937220
tt15128544,1279947
tt14682800,831395
tt19760052,964960
tt15090124,846867
tt21279806,1083658
tt15334488,820525
tt5748448,738652
tt22016156,1053544
tt17080412,1132079
tt11252248,626735
tt3155298,722149
tt19500164,961323
tt32083311,1082938
tt8368408,574060
tt24131288,1116490
tt13232552,877087
tt29114029,1127166
tt19705884,983507
tt16491324,929170
tt11897478,848791
tt12731980,785663
tt12530246,715931
tt5533370,457232
tt11540726,872497
tt18298588,1024721
tt13669038,777245
tt20225374,976720
tt10731768,619297
tt3234122,1042650
tt28075881,1148172
tt31834725,1263303
tt9288822,823766
tt17676734,934456
tt11198810,837881
tt16826430,1001274
tt13650742,1014209
tt27578157,1115395
tt12446086,843352
tt16491560,931628
tt14439896,809140
tt29195603,1091181
tt13176330,756397
tt31648020,1226141
tt27158093,1126475
tt6160448,744594
tt14828040,1064307
tt12789558,777270
tt12536294,716612
tt8404256,568620
tt12003946,899112
tt31450182,1248753
tt22307442,1111491
tt30524053,1209770
tt10276482,758336
tt10327252,602223
tt13929998,878375
tt16280912,914215
tt28547657,1277296
tt18363072,944952
tt24082864,1109946
tt24068064,985617
tt6906292,762430
tt21276878,999644
tt5500218,629176
tt1657865,646473
tt15353964,901385
tt26350277,961268
tt26084002,1072876
tt4479380,595743
tt11703244,1008392
tt2016303,927107
tt1695843,616747
tt14826022,866413
tt15767808,948713
tt26745321,1144681
tt14636214,999890
tt13721828,615173
tt26682012,1089123
tt14121726,717728
tt28182736,1143319
tt7550014,833425
tt26270862,1228681
tt9288046,560057
tt14935038,901908
tt27737203,1126692
tt12908110,723419
tt33481094,1360610
tt12672620,845111
tt21301418,1093995
tt15083184,852448
tt28150132,1143128
tt31499750,1272890
tt21800162,1026227
tt13610344,936946
tt27431598,1166133
tt11162260,1201262
tt8851148,818750
tt14331144,810693
tt21927594,1067950
tt27510174,1112426
tt10665342,616820
tt13849558,800279
tt7740510,516329
tt1200263,558915
tt10284944,931940
tt3108894,727293
tt1596342,338958
tt10298840,877269
tt27623406,1229262
tt11240348,646683
tt27304026,1105407
tt21307994,994143
tt9812474,788929
tt22866358,976584
tt2396431,1097870
tt30852384,1319965
tt20221690,1239146
tt27491225,1226840
tt27804164,1187308
tt9873892,736769
tt27155038,1040148
tt11128440,635891
tt6802400,484718
tt32627545,1299652
tt19887550,1036619
tt4590256,347626
tt10687506,617762
tt10962368,631060
tt30743549,1225377
tt15140278,859235
tt11040844,647250
tt4595186,799546
tt6133444,610219
tt5315212,800937
tt5012320,971606
tt15339456,869626
tt8992484,1140346
tt13446168,745881
tt12718300,724665
tt11909878,642885
tt27679443,1096846
tt31112509,1082424
tt32127524,1285495
tt32828123,1244244
tt1924245,749274
tt30425872,1217602
tt13070038,744276
tt8883486,551271
tt28658276,1146556
tt12823454,703451
tt21941532,1069200
tt11116912,736526
tt28452681,1304106
tt27987046,1075676
tt6300910,1195518
tt31691389,988397
tt13139228,744114
tt33029543,1329088
tt9271850,821499
tt21397580,1006947
tt15887102,759297
tt3272066,579047
tt11671006,667739
tt10665338,610253
tt15771916,890215
tt11804152,672741
tt6462958,680860
tt10740926,1084514
tt10869956,981063
tt21308888,1140066
tt14557188,934131
tt30317033,1067485
tt2118648,1020896
tt15768848,889675
tt8337264,520758
tt26660021,1084812
tt16253418,1096197
tt15391770,872177
tt5635026,420808
tt29424168,1225582
tt14807348,916401
tt5853716,1133093
tt15333984,869112
tt26658104,1125311
tt11951276,912916
tt13320662,668461
tt26593365,1081708
tt4995540,517088
tt7693316,653851
tt14034294,1039868
tt10687116,1027014
tt19406606,1108658
tt29899715,1164355
tt27722375,1125073
tt18083578,937249
tt9098454,805195
tt24870072,1064024
tt20114686,976581
tt30467885,1219576
tt28223926,1144911
tt6318608,1029880
tt6432466,583689
tt10993078,1114738
tt14849038,894169
tt26754354,1091267
tt19864828,979097
tt11525644,649409
tt12856788,877655
tt14827150,1241674
tt14833464,843617
tt20315818,977262
tt14128670,800510
tt29224327,922849
tt14030816,845783
tt9569096,1244890
tt11908172,958006
tt31022050,1234811
tt11687104,850028
tt30327762,1315091
tt16496386,940241
tt12404266,763144
tt14298328,805327
tt1798632,532710
tt8105234,626332
tt15782570,887580
tt11628854,664574
tt23472210,1153110
tt31064841,1236419
tt31592660,1260594
tt14301252,809107
tt5563324,785752
tt23638614,1115009
tt9664108,597890
tt26861992,1090874
tt8258502,760245
tt10342730,602734
tt5519506,1013406
tt30343025,1205025
tt24132110,1102231
tt32141536,1275892
tt18973958,1148027
tt13056008,740925
tt11724920,1308757
tt31122323,1239251
tt32499895,1319968
tt15507512,804406
tt14502344,816977
tt5562070,550205
tt33452942,1401158
tt9663168,296271
tt13087796,795813
tt10223460,615904
tt13575806,770254
tt10763820,669671
tt22796890,1035982
tt20916568,986070
tt10462154,842859
tt11832046,675445
tt6338498,449406
tt6246322,482373
tt32119268,1274746
tt32880932,1190868
tt14147224,1043565
tt11433906,1039659
tt26758372,1136423
tt23157384,1046758
tt15189534,880313
tt19811010,1167027
tt8521876,638597
tt23630030,610251
tt33381920,1290182
tt8002382,798362
tt21154574,1320330
tt12788488,886083
tt30321133,1214506
tt3797512,595813
tt13539646,842675
tt30414712,1170283
tt21245882,988078
tt2965408,1197619
tt21057800,953713
tt14158346,801913
tt13978520,790493
tt13880104,793998
tt21957774,1019420
tt8593824,872954
tt13229894,890980
tt4028464,660942
tt6733874,739542
tt26612950,998022
tt29713093,1198984
tt15507128,1056746
tt28066777,1139829
tt2256055,1107325
tt6722802,844417
tt6968614,552688
tt15744108,980296
tt14376344,814340
tt3513500,420821
tt13231544,665733
tt4960748,854239
tt10341034,663260
tt4136456,808023
tt21027780,986280
tt7475578,760336
tt12350938,1095234
tt13657394,1208808
tt30227076,1214499
tt8178762,1282960
tt14270702,808396
tt12964320,848187
tt34466483,1382406
tt13429870,838240
tt27573123,1368292
tt9288692,800497
tt2015349,1011082
tt14824590,979924
tt21276958,999582
tt32086046,1158996
tt21347764,1105545
tt27459160,1110390
tt15509244,881209
tt10945288,780382
tt14592948,990691
tt12453124,716814
tt12141112,739993
tt13774454,746333
tt16280138,906221
tt11539996,1088166
tt8373206,829051
tt28225049,1027356
tt20420628,1025491
tt9731598,614939
tt20674132,1114137
tt28313478,1047223
tt14642626,829410
tt27496775,1113120
tt6932874,459151
tt20879602,972230
tt13927994,770906
tt10442352,739547
tt10083340,664332
tt5302918,895549
tt18161082,937086
tt10315050,644124
tt13049516,1261612
tt26546123,1096342
tt27410895,1214484
tt15799866,891699
tt14309446,862551
tt28129054,1094974
tt14668630,830784
tt12226632,878361
tt20256412,1120628
tt30024043,1128650
tt30320639,1214504
tt23647954,1132394
tt12724306,939914
tt9203694,559581
tt30454602,1218213
tt12311620,801965
tt26743414,1002155
tt12627606,819277
tt14764464,932420
tt30180830,1015634
tt21626774,1245700
tt3468380,975043
tt27417166,765421
tt32245158,1282138
tt15097216,855400
tt31015278,1234591
tt14483774,1018754
tt6975842,1396558
tt12930350,1048241
tt26744289,1063879
tt21997328,1109402
tt14452174,1214539
tt8296030,883083
tt10831486,791042
tt6571548,628534
tt11278476,921655
tt21434318,1007826
tt12573480,718014
tt27995594,1187058
tt6879446,457332
tt14060094,823625
tt28490044,1156125
tt13923456,809787
tt23939106,1052155
tt16606592,943134
tt10551654,609271
tt6506264,760873
tt10381102,659956
tt9663896,628922
tt10719958,624481
tt29722945,1186023
tt6402468,760883
tt33701992,1367010
tt2347285,1206617
tt15333788,1003813
tt31778094,1275964
tt12229370,718838
tt27804552,1327537
tt9419056,632357
tt34524464,1370711
tt9000184,814800
tt18079362,942922
tt3706352,294793
tt13694628,797457
tt29722855,933131
tt14852624,840889
tt10698680,587412
tt27118357,927342
tt7504818,482321
tt30007864,1039773
tt14592064,817648
tt4733624,607259
tt34328066,1385142
tt15838850,619803
tt6881490,1242526
tt21905744,1016848
tt22299436,1058128
tt14456350,828613
tt8893974,541524
tt13141250,862552
tt12965390,845659
tt6176336,1209130
tt28105944,1139566
tt6341832,471498
tt9201772,863858
tt6689014,503417
tt14263888,1291813
tt14813212,804413
tt19623228,960206
tt10354106,603204
tt10023022,689700
tt15685360,1143508
tt12704978,1003083
tt22815732,1039780
tt27047448,1126577
tt9054192,628914
tt26915336,586810
tt11952606,824281
tt15181360,858414
tt27786496,1146239
tt11307724,682532
tt15393652,936362
tt10418662,615658
tt21293676,990485
tt11729298,673309
tt13605284,1078959
tt10451914,775996
tt18077924,834562
tt29685033,1285247
tt14402146,814757
tt14043818,795774
tt28821588,1084863
tt15096128,860159
tt21833834,1077670
tt27757805,1083241
tt11762434,681887
tt9115530,601470
tt20168564,601796
tt26902267,1232645
tt10121392,615678
tt17633634,1175351
tt18550140,889699
tt16252698,898673
tt19995770,971968
tt26424937,1118046
tt16492678,895006
tt1659324,1123282
tt30835291,1234400
tt20102596,1001783
tt27858066,1305193
tt13109952,760747
tt14729020,1140648
tt13991504,934205
tt6708668,760868
tt21469794,1019411
tt10280296,598826
tt28494829,1139817
tt5153956,516806
tt15215512,934761
tt14641542,803700
tt29793628,1228803
tt14603848,1014505
tt11196036,643532
tt6805938,924482
tt21987878,1095435
tt15353574,1009679
tt27430566,1033318
tt30810792,1228685
tt16301164,1122418
tt11155912,798359
tt9685342,611698
tt1893273,638449
tt29270150,1215185
tt4546694,672437
tt3696180,522927
tt8649344,971699
tt14855468,645757
tt21991654,1030987
tt15428134,960876
tt7775720,507903
tt7527682,823491
tt22884216,1290595
tt24249072,1137205
tt22399738,1062421
tt22090684,1181212
tt1524515,1079346
tt30215084,1217343
tt15218000,846250
tt15670222,1006462
tt13039008,1134055
tt27996370,1239131
tt2328678,245842
tt19869662,1026880
tt14400246,805320
tt12712604,830721
tt14999684,937941
tt21940010,1002185
tt18816518,788734
tt32236501,1263321
tt13430858,800301
tt14124080,944194
tt13515090,762361
tt15338966,869597
tt6852178,399178
tt21440780,1008048
tt14181816,800089
tt10986222,632617
tt27717667,1069387
tt9013340,553147
tt20113412,1066262
tt13207508,765245
tt20853816,1033052
tt33047499,1322522
tt32368345,1290486
tt10515988,609972
tt28020183,1138074
tt10092170,931107
tt13968674,790459
tt32916201,1372447
tt26530493,1154304
tt31522415,1252470
tt28290159,1134278
tt25471950,1059811
tt28608358,1161879
tt15477042,1114653
tt32086032,1079311
tt15415468,1270226
tt7947604,622082
tt18162096,937085
tt10399608,848058
tt21275544,997162
tt17663876,939335
tt29402528,1148677
tt10366514,655082
tt13270424,913814
tt14714980,842934
tt13149552,893597
tt26928684,1094009
tt12531856,714675
tt10786774,814215
tt14390304,892907
tt29633969,1196918
tt32119297,1274751
tt9071456,802372
tt29195117,1155089
tt2963262,495278
tt10262648,588182
tt20729172,996087
tt27811040,1017163
tt14700918,1342250
tt10651230,734002
tt2397461,585245
tt15296186,864101
tt17521612,933090
tt30319516,1122618
tt14814040,838330
tt6614198,1036921
tt30253266,1211957
tt21478426,1289601
tt14995258,911129
tt12758486,812635
tt27441525,1094266
tt9701942,591275
tt7354440,943930
tt12519030,517302
tt5164438,468225
tt27682129,1129598
tt13848804,1092329
tt21221514,996445
tt14097180,829774
tt11871074,881764
tt22778346,1118033
tt14867006,753453
tt26940053,1073112
tt10648714,589761
tt11703050,926899
tt10333426,613911
tt10295212,599925
tt19653180,962558
tt15374070,895744
tt13309170,1020910
tt17067574,1032372
tt14260566,800513
tt6436620,920125
tt26596953,1081676
tt27722894,1279596
tt17375596,929831
tt8745676,821881
tt12676326,722913
tt21232992,986054
tt15684550,915646
tt23118976,1029446
tt4876134,581644
tt22805652,1182297
tt5078852,693827
tt14555174,921355
tt9271672,676547
tt18272884,860901
tt29279903,730251
tt10450852,1273487
tt27050277,1148713
tt34525380,1388874
tt29721337,1260345
tt23862640,1041898
tt15342244,869612
tt4686238,1044012
tt30287778,995926
tt25434834,1020354
tt12618926,766798
tt21651560,1005776
tt22889928,1139713
tt10999120,632856
tt11212572,782936
tt11396310,786345
tt15468190,1081124
tt21204056,1326304
tt15006566,848685
tt12917050,1151344
tt32495687,950075
tt22827888,1319504
tt26774341,1194985
tt13923216,790416
tt12889404,730047
tt27791972,1217585
tt20024428,980285
tt20119468,1030613
tt23724546,1041896
tt20236042,1156208
tt20358284,977770
tt32128317,1214118
tt7972570,1242669
tt14097206,844409
tt8633464,585378
tt10811166,900783
tt33057454,1275637
tt28172032,1129508
tt6705162,691683
tt26733317,1184889
tt11976134,1014214
tt13724054,852858
tt12783454,727745
tt32001464,1379587
tt16374352,1032194
tt10752004,734265
tt4225012,714964
tt2353868,739986
tt14647404,843394
tt10265034,598896
tt11389748,423333
tt24146896,1058696
tt23806182,1057491
tt6551226,1029247
tt19838620,979287
tt15301048,714888
tt29142525,1153419
tt23218054,1352821
tt12547822,714669
tt14900738,843543
tt9619902,574452
tt12383460,864873
tt18884172,1245708
tt14307536,921643
tt14633464,1039690
tt13651628,776305
tt21249656,1017066
tt14225838,937746
tt18092672,964426
tt24805876,1327649
tt15354916,872906
tt11657662,666243
tt16300138,918287
tt15340724,851644
tt13133936,764835
tt3876910,763788
tt19858164,1075335
tt28319139,1108336
tt14174940,831946
tt20256528,957258
tt9389998,690957
tt28523838,1203653
tt14993250,848116
tt10225378,991754
tt26442871,1076101
tt2458948,283566
tt7798604,852096
tt15033192,850018
tt10925852,714195
tt6020800,760926
tt13234058,750253
tt9170516,650031
tt13405810,787781
tt21202916,1193341
tt32475217,736720
tt22490428,1112637
tt19848268,1143190
tt28814949,1160164
tt27056012,1241592
tt14453030,773543
tt8209702,964592
tt11388278,699102
tt13634480,774825
tt15893750,1049638
tt13698942,806929
tt30319854,1158874
tt15459206,959596
tt28016501,1127227
tt13884444,931461
tt28820189,1187075
tt13452544,976912
tt24429218,1189198
tt28630624,1160956
tt10343028,615952
imdb_id,tmdb_id
tt11821912,811941
tt16900880,849869
tt15553956,760517
tt10329614,663866
tt12838766,581389
tt31123933,1310171
tt26533869,1118595
tt28366692,1037035
tt15006260,1114569
tt26943420,1094556
tt21087084,1139819
tt15502790,1341521
tt30150917,1209290
tt19391518,1081196
tt13304286,1036487
tt6217926,424277
tt13873302,836009
tt15242330,783675
tt27724113,983044
tt20597364,1039227
tt21939714,1055233
tt29708137,1222064
tt13468602,760204
tt26750774,1299372
tt11390180,576784
tt26451068,1164892
tt12121582,691422
tt10131024,629015
tt14731254,834027
tt19858184,961084
tt10013512,1043758
tt18310498,916588
tt12706836,787747
tt23951384,1056444
tt8150814,512025
tt15422244,873992
tt9005184,698128
tt27958252,1136837
tt14972766,1331375
tt2231874,803923
tt7147158,1018247
tt13648228,776559
tt13380324,829038
tt32359447,1290287
tt19267078,1225420
tt27110516,1214314
tt4081630,810171
tt30192600,1239481
tt14821150,807070
tt32245043,1279433
tt25504014,1086867
tt13130024,942199
tt15433956,869760
tt27599713,1118028
tt27902121,1128559
tt5613018,1160923
tt23146644,1042657
tt30395619,1216221
tt13205458,895959
tt22023218,1117321
tt24478470,1061990
tt14375666,818861
tt13655120,790462
tt25289836,1101582
tt14638208,1028819
tt32989896,1276948
tt7737640,556867
tt26458038,1069945
tt15501640,1029827
tt12718392,923440
tt21291992,1000475
tt26657072,1124080
tt28633405,1215077
tt27821575,1130402
tt20190462,1046633
tt0995854,501841
tt28662887,1165466
tt28106865,960044
tt20850406,894803
tt31254554,635996
tt2452150,592863
tt27546190,1010639
tt26160190,740441
tt20255028,1035253
tt12427158,855263
tt12444168,1251687
tt4460800,956262
tt14402042,1065342
tt27032419,942411
tt11681282,680531
tt17321230,932430
tt16431966,891933
tt20215816,974613
tt15764854,891636
tt14905650,848886
tt33319706,1356236
tt32245467,1302733
tt9471678,829402
tt27712015,967582
tt14960612,1122932
tt28244549,1234397
tt22507374,636279
tt14176542,685691
tt34279942,1212247
tt22029194,1030983
tt33022813,1154154
tt25808194,726139
tt15282148,1119173
tt31897917,1262530
tt14402084,828373
tt19890316,970948
tt10944596,711475
tt4061620,797838
tt22640398,1032948
tt16156616,1017633
tt4940336,850099
tt29634843,1319951
tt15078804,852247
tt10676012,614409
tt26067432,973468
tt15683734,1024773
tt14466284,1283819
tt23556408,1060090
tt26315947,1107160
tt28682039,1175873
tt14656632,829799
tt34350086,1376704
tt23810610,1045794
tt27139897,1157023
tt8891560,988452
tt9462944,1220515
tt9737876,619930
tt27156915,1056652
tt7646322,760875
tt13544716,768744
tt13699132,1002626
tt18071320,1020662
tt14960854,851972
tt33343397,1308681
tt21356774,1316297
tt13918550,848123
tt14950412,893228
tt14437172,1241787
tt15445056,852046
tt32592802,1177224
tt26936666,1093966
tt30429449,1230162
tt14001894,791155
tt12636872,735981
tt9731682,580532
tt14757872,628704
tt17202164,1081662
tt15207270,1018852
tt19883634,970348
tt13391710,792358
tt29372176,1201176
tt15334032,869025
tt13421498,914216
tt14036602,935516
tt14145436,830764
tt13648224,776501
tt33030375,1320276
tt7466442,504827
tt19719976,962571
tt14866108,980816
tt32186579,878607
tt14895216,842033
tt13406136,759175
tt8399288,511819
tt28476707,1267837
tt32150119,1276011
tt14013772,1015303
tt21830836,1014661
tt19869122,1037348
tt21241942,1017507
tt23049206,989672
tt24805832,1151082
tt11797376,946706
tt27725206,1139095
tt6060964,733209
tt26684398,1062807
tt21254598,901121
tt32260498,1203397
tt19316094,1081101
tt11466222,656663
tt9244554,557946
tt29380825,1217048
tt26547864,1161048
tt13978306,916740
tt28354262,1278714
tt11399896,754452
tt6874762,711963
tt31015344,1146410
tt31188121,1177623
tt5574078,394151
tt15426294,874355
tt5181830,511817
tt14421754,901454
tt17007120,926008
tt9173154,760195
tt23642744,1160003
tt9472334,1094403
tt11992694,888321
tt19319352,959092
tt11084896,637693
tt20911974,985602
tt5525650,472221
tt21059520,988046
tt28087226,1140847
tt32887283,1261050
tt31898445,921436
tt10101702,597316
tt14895206,843380
tt8019518,507250
tt32990776,1321239
tt6549510,1215162
tt14967618,846778
tt21842982,814296
tt12877640,768334
tt6628922,527832
tt11700260,668640
tt15823728,999621
tt15245240,1053348
tt32249940,1081077
tt9204328,675531
tt28288786,1149791
tt10712928,767979
tt34957141,1430877
tt11217036,894432
tt12545566,716532
tt5113010,857655
tt27587529,1290697
tt34280353,1370580
tt17382524,916192
tt9098872,680058
tt2943178,566805
tt15351980,869641
tt27676959,1123278
tt21377766,1139937
tt15091524,912600
tt30795948,1152014
tt26245982,975324
tt27495036,1157053
tt11069220,982932
tt26742994,1216784
tt26595192,1082942
tt11777738,672208
tt3986420,795230
tt28226423,1254877
tt15690300,888195
tt22206410,1027452
tt8649252,935906
tt29461220,1194788
tt21819258,1022824
tt31576204,1268334
tt4501268,1171099
tt2980152,880841
tt12631486,1258526
tt30840929,1304366
tt20771626,978415
tt9567458,1090323
tt33034103,1320637
tt28636876,1064758
tt20420646,1070319
tt9274670,787723
tt3463938,977013
tt27650604,1153594
tt28143091,1172097
tt28419896,990204
tt5012504,831405
tt26238710,1319969
tt14060232,811631
tt14813966,845404
tt22525442,1022888
tt13566172,1109534
tt11881160,795853
tt13266998,821792
tt18073328,1098110
tt4029412,628878
tt26295103,1279642
tt12572040,717151
tt21615474,1325336
tt20114708,1039757
tt21967916,1287842
tt14550642,758724
tt14229154,805473
tt12753120,623511
tt20672534,1070514
tt27487473,984324
tt10559102,842945
tt10370812,989589
tt14506528,778106
tt28248897,1213742
tt30784256,1161108
tt14596320,826942
tt13857556,826753
tt10521144,739990
tt15345798,1362178
tt22306090,1249532
tt5584906,1186605
tt18257464,977223
tt12736014,1146577
tt12708658,746131
tt16968976,925124
tt15222426,1290260
tt21328106,1022964
tt32594036,1301988
tt11125620,639721
tt5834410,598387
tt30144381,1203236
tt21045564,988512
tt32368033,1314369
tt10669888,1025596
tt9242528,606870
tt28487871,1171541
tt8760670,522526
tt13055982,740952
tt19358036,1045467
tt27116016,1077280
tt10230994,597433
tt27480944,1177445
tt21284358,997294
tt3104956,633657
tt33395924,1369080
tt7978758,664996
tt13507778,716594
tt13358302,1383321
tt9352178,632995
tt14770620,846961
tt26625978,1059191
tt22488728,1032627
tt30012687,1196656
tt23173980,1049574
tt20859142,1355490
tt26932223,980599
tt27587485,1251621
tt32165698,1275585
tt8950154,1224374
tt21614558,1010161
tt8338076,553592
tt22804850,1185719
tt7093904,588648
tt10037014,599281
tt10375396,828558
tt27708700,1124127
tt11087960,785209
tt31989784,1285660
tt14462452,1097150
tt18556278,947763
tt33132266,1325221
tt16368898,931642
tt14549270,824016
tt26440619,900379
tt27619382,1113278
tt26458962,1167898
tt8363392,759507
tt16025158,1103812
tt16916320,1092899
tt12519802,1103825
tt27866861,1263031
tt33030320,1003722
tt10405142,714869
tt6372694,523638
tt27476906,1257407
tt21195548,997703
tt21638298,1010928
tt20114908,1374740
tt31777631,1288500
tt30490625,1023122
tt19724142,1032950
tt27797557,1261049
tt15141144,979220
tt22332602,1027219
tt23063732,831815
tt5473412,716309
tt15765412,894201
tt11012066,654974
tt32916093,1317218
tt27960890,1151506
tt16900304,929183
tt19783734,1013052
tt27197387,1102776
tt8337158,598331
tt26941512,1162400
tt15575470,799379
tt13204490,749004
tt18253426,1207722
tt27307826,1150370
tt29389846,1153111
tt11833408,934641
tt10028196,601635
tt14570440,1058694
tt9669176,879444
tt31450914,1160981
tt14412446,959558
tt11680698,876678
tt34490115,936245
tt31513578,1247019
tt20452218,976830
tt9048804,1058638
tt14349032,893086
tt13056052,736732
tt10536088,888598
tt8637498,832502
tt30476518,1278101
tt13964404,805682
tt26899693,1091298
tt30970235,1233531
tt13029044,739413
tt7720142,876969
tt13392012,774021
tt11112532,1059007
tt32139458,1276038
tt21308718,1230085
tt21284442,999849
tt18071972,950141
tt15206378,890541
tt6910282,477044
tt6925902,763152
tt9568318,931375
tt28297850,1148663
tt10980638,920654
tt10899402,783546
tt13103732,955991
tt23037488,1093994
tt13598080,891644
tt23049322,1000075
tt16233952,916053
tt27589902,1116465
tt26537229,1067282
tt15463032,934756
tt9288740,609768
tt28267564,1147240
tt31262765,1340953
tt21861086,1062907
tt22002058,1022054
tt19853258,1058699
tt15451150,879412
tt7340766,706693
tt24485052,1123960
tt26744645,1109406
tt30852970,1229958
tt21151212,1059345
tt29666891,1266909
tt13613056,774343
tt29359373,1246211
tt10307724,660006
tt10698174,673121
tt27534328,1057001
tt31712800,1280941
tt17505492,960139
tt7541720,586101
tt33064955,1325218
tt19364132,1058303
tt18626656,976293
tt13733780,842948
tt32356994,1024592
tt26749648,1087593
tt31589922,1241752
tt13434562,964873
tt11686490,672582
tt17595094,946215
tt30225465,1267217
tt22394702,1035806
tt29730305,1245728
tt14922882,1155095
tt24249946,1018332
tt26255020,956964
tt33029871,1262740
tt28231777,1104937
tt32538604,1297970
tt2201261,640265
tt11398346,776561
tt10332588,644092
tt11681056,669661
tt9179430,743563
tt14316486,940143
tt23319892,1024452
tt22507524,919207
tt27460388,1111487
tt13358878,1152368
tt33540966,1364082
tt10345782,747687
tt27590147,1115379
tt29609422,1134433
tt15005606,974878
tt11668530,1252428
tt14472156,821890
tt13482828,747779
tt14402316,929230
tt7959138,567811
tt32253416,1276108
tt19175696,955531
tt4624366,811656
tt8430054,680813
tt22394800,1230527
tt10364034,496450
tt20330434,977506
tt32276312,1186947
tt1609497,893752
tt28239875,1146613
tt26451073,1078744
tt14454876,899524
tt16127696,899579
tt26656556,1001684
tt26658038,1083417
tt32881248,1358280
tt16757252,893694
tt8241000,664236
tt33338697,1353263
tt9362492,1071815
tt27165281,1232781
tt34722478,1392821
tt16392846,911126
tt31796256,1247458
tt27510257,1112108
tt19894774,989596
tt11040762,714676
tt21209210,1152534
tt6195756,456483
tt19838634,1124876
tt9365800,888097
tt27744786,1187619
tt11620708,693107
tt26656821,1004348
tt7178516,1028688
tt11121664,644089
tt26736821,977156
tt15330144,901060
tt23334616,1044302
tt9684220,578908
tt34058121,1372665
tt28015371,1179521
tt11742798,785457
tt28332336,1183002
tt13276352,859585
tt21976444,1053836
tt26594993,1082063
tt13086266,729854
tt14637386,876911
tt13722764,750459
tt21391242,1070802
tt20201212,626412
tt25433734,1068452
tt14160834,898713
tt15260176,1069910
tt26439204,1111966
tt22688572,975902
tt13623880,751741
tt12844910,864692
tt7638556,727333
tt20240826,1114072
tt15654262,883125
tt14614892,610150
tt27747488,1186274
tt14324650,736073
tt20672490,982752
tt12335692,860623
tt11799822,665042
tt29634258,988361
tt29486767,1190531
tt28301898,1172648
tt16915972,925786
tt20447282,1078227
tt13885428,834664
tt11514780,838484
tt4726640,1211886
tt6931658,727340
tt15327088,858485
tt4896168,917007
tt26903104,1194915
tt29674465,1150425
tt14158554,890656
tt31186932,1242357
tt32881480,1310741
tt24132732,1058647
tt11535228,626872
tt15331186,865686
tt17291716,928270
tt31070448,1221451
tt2365971,987257
tt28095708,1133035
tt11448830,946127
tt13483866,765904
tt33383283,1330373
tt10691162,763149
tt31747163,1261924
tt29538453,1204881
tt16953666,925102
tt23640230,1058688
tt18235146,938250
tt17219484,1085103
tt8129806,823147
tt7461272,579496
tt18394610,1044648
tt26315685,1198142
tt5674658,587563
tt24082438,1058616
tt12447796,758769
tt10353588,639857
tt10092698,926599
tt24131660,1059126
tt31078761,1291559
tt11567502,1032557
tt30400536,1221404
tt34424283,1380643
tt32276246,1293263
tt19896150,1083858
tt14857730,846433
tt21156390,1001500
tt7885428,671725
tt15334430,858408
tt19652910,785398
tt11541872,665828
tt33477586,1268912
tt14726510,834742
tt21364552,955555
tt11893676,853387
tt29262075,1214140
tt23177868,816904
tt29279885,1315138
tt6317762,843889
tt16085592,772272
tt8270664,1074034
tt11307814,649087
tt15258032,933170
tt25147850,1155324
tt28943278,1181548
tt15655276,747688
tt14813150,843942
tt27704325,1044741
tt27487086,1286767
tt4853290,1216103
tt15174116,858015
tt18747542,1081291
tt11131484,960917
tt9845564,587996
tt9789042,665896
tt21025204,1352003
tt13650600,819309
tt27751957,1174481
tt30135174,1001292
tt14164234,796849
tt26739529,1087040
tt22177922,1294933
tt21813994,1058617
tt18398986,945883
tt15678810,1000780
tt9373688,791568
tt21103576,986175
tt14226748,1080249
tt30320410,1214508
tt10737918,634429
tt15488088,953365
tt16231344,1263249
tt24268454,1117411
tt21654390,1045205
tt11790780,682587
tt28153480,1148486
tt13429362,748853
tt33269451,1337395
tt14670094,984249
tt8956324,583081
tt28766949,1167366
tt32044730,1373723
tt12683756,960875
tt21094994,1013860
tt14168394,872542
tt9320140,788669
tt30012572,1301337
tt28545881,1000432
tt14077516,798612
tt15895490,996154
tt10080130,1327530
tt18924008,956057
tt13293604,1299925
tt33372007,1304594
tt8452344,936952
tt12579470,723347
tt11348232,803114
tt15397918,888479
tt25869142,1072074
tt8482584,625169
tt20198774,1020696
tt21237030,800345
tt11604676,753946
tt29497429,1197084
tt11346000,890836
tt27155283,1287717
tt16302202,910858
tt3715152,970284
tt30478351,1339609
tt30150907,1209288
tt21113540,991708
tt22257924,1028769
tt22868844,812225
tt7830806,816952
tt32373637,1094473
tt21819228,799375
tt10245106,887321
tt21950462,818721
tt28772978,716808
tt28637902,1309770
tt28661069,1171296
tt14907564,861211
tt15521050,968438
tt31272016,1336399
tt21141136,1193620
tt28800662,1199974
tt33549764,1336414
tt5923662,729713
tt25406500,945167
tt9320170,1043997
tt33059722,1326892
tt33366456,1280684
tt19637278,995012
tt26548664,1081313
tt29793197,1218193
tt23219684,1068141
tt11599576,833257
tt32138523,1275945
tt31974111,1281532
tt8667828,889450
imdb_id,tmdb_id
tt13400336,1094319
tt15528292,683328
tt32086052,846586
tt15131266,1028248
tt21270966,1073087
tt21272942,1193128
tt8514848,994441
tt28151906,1148237
tt28576307,1359153
tt7130916,939997
tt19984386,1170824
tt22487338,912520
tt32313870,1362101
tt13391708,820697
tt15560314,1109237
tt30807200,1309745
tt11891246,702621
tt5652768,763147
tt21874690,872508
tt6703486,527169
tt27649931,1236018
tt9602472,934207
tt15452062,788977
tt26453759,1102425
tt23778430,1032642
tt14357812,1231010
tt14992922,923632
tt22505214,897160
tt22803220,1082543
tt10473036,676710
tt26674818,1084066
tt16437278,1063422
tt21451014,1008416
tt32843564,1313022
tt32365122,1271981
tt27641422,1091275
tt26744818,1087571
tt31624258,1147710
tt3963226,378160
tt14589916,807986
tt14534796,892515
tt16740144,959098
tt10210064,1033462
tt10339052,669659
tt27411270,1127108
tt30134880,1214522
tt11314148,824744
tt9044418,1016346
tt14812782,838154
tt10341196,829503
tt31522349,1264349
tt10703978,860135
tt16148552,1000563
tt31015216,1101256
tt12532368,778855
tt21025436,1172626
tt11649338,765869
tt32743167,1308546
tt18560250,1032134
tt32654179,1288455
tt27788968,1075989
tt23648404,1062276
tt14445366,955897
tt21383812,1045931
tt26217622,1073170
tt14923260,736790
tt15789492,1072567
tt8839576,1106382
tt9598214,624789
tt4428398,366672
tt17196124,1024530
tt11941800,826353
tt14687418,1098160
tt21853596,1138749
tt28055434,1139467
tt5620978,859935
tt13834480,774741
tt2304637,662712
tt13109862,887180
tt16527824,1076487
tt8231668,823461
tt14791590,982940
tt33029866,1121914
tt10931784,843932
tt14034966,795811
tt31510396,1251636
tt20255354,1011516
tt24655170,1058833
tt7937254,579051
tt21078728,985932
tt27036391,1097322
tt33298403,1228322
tt29620735,1207134
tt31189897,1242387
tt21933110,999722
tt28635219,1163189
tt15444046,1058619
tt23790740,1093971
tt12965010,730087
tt21403538,1036311
tt13468436,807351
tt19813764,1253070
tt13989030,790142
tt31795447,1218493
tt6875952,763261
tt15665274,1140692
tt12989294,832601
tt29621846,1214701
tt21222434,997120
tt16161330,1229047
tt34573436,1393831
tt14199590,811592
tt14592044,1072799
tt32086069,1145608
tt21435436,1024546
tt15907380,1229893
tt12800524,728526
tt14416430,1064375
tt27833165,1304168
tt14686544,843633
tt15576290,951015
tt26434746,1090007
tt26674627,1083862
tt4139928,464293
tt11375428,653221
tt29319990,1046090
tt13066182,820722
tt20112600,972433
tt23032876,1131996
tt33986138,1371146
tt15771902,1379074
tt21448540,1008374
tt12663266,660355
tt28284984,1089223
tt34563934,1394520
tt11005128,948333
tt22175098,1059643
tt12585076,767825
tt8005118,632065
tt14132588,995803
tt13079150,671043
tt23793170,1054221
tt35047753,1283120
tt13780990,1094713
tt14402926,736074
tt28073548,1167725
tt12851396,730840
tt9363192,1052537
tt11426572,818612
tt21221240,993933
tt25433284,1374096
tt16578886,1010730
tt15560132,1062528
tt19713090,938008
tt15807910,1013228
tt8511466,528502
tt15441054,885331
tt26569323,1081400
tt20115096,813726
tt10279472,890771
tt1661236,928118
tt13365876,855262
tt31031372,1226306
tt28639152,1218032
tt25470468,1070032
tt16427718,682344
tt31809941,1275209
tt8442220,1167351
tt29919979,1227780
tt8521718,566076
tt32546424,1227347
tt12648266,912974
tt13007592,736918
tt26743864,1198899
tt31588163,1254888
tt33111620,1219552
tt20860736,992638
tt29259074,1340168
tt27727074,1113448
tt33351116,1361786
tt3594464,983521
tt31828378,1311844
tt12319706,792237
tt15392282,890116
tt14850544,844404
tt18082758,944864
tt14043966,884315
tt11844812,969549
tt30868610,935766
tt22184520,1041517
tt14926914,995805
tt16360006,912598
tt15474896,996569
tt21093976,963568
tt18469390,1168401
tt32677038,1302001
tt27544281,1114926
tt13130308,863931
tt10023286,588367
tt15359618,1026470
tt27004148,1119527
tt6852672,665901
tt30216176,1210646
tt21740488,1025231
tt27641085,1127087
tt30524107,1219185
tt29486067,1317258
tt15479438,1114922
tt11131464,821427
tt16227014,913823
tt15782954,1062198
tt21909366,1078249
tt29296048,1059010
tt13067004,785537
tt15115280,854359
tt14895716,843621
tt21096576,1281826
tt29330913,1213712
tt12982370,854732
tt11455260,793937
tt9415108,717694
tt33311744,1204016
tt14379088,813477
tt3917710,823395
tt28336131,1154215
tt27722575,974663
tt11535358,846528
tt2403439,269509
tt32277931,1287819
tt14967472,958340
tt14775784,835975
tt32864326,1302011
tt29031019,1052433
tt14865406,899445
tt11160650,776512
tt14279982,811945
tt15210256,860278
tt27911892,1244039
tt32394528,1287850
tt27551883,1103856
tt29001732,1181701
tt30953867,1232422
tt27179695,1323267
tt30889755,1213906
tt10362566,836225
tt2071590,326316
tt9883832,957457
tt19381382,973912
tt32886599,1315409
tt19853698,968441
tt13650540,777847
tt15713012,896485
tt11173544,836486
tt20258220,1058537
tt8399658,522925
tt22075376,1438101
tt27722543,1121956
tt16088674,873492
tt31945450,1266002
tt33030125,1170841
tt19886242,950284
tt10738536,745611
tt7050946,603603
tt11696276,913604
tt14772014,836972
tt27989067,1136736
tt13889602,789171
tt33298252,999142
tt33083475,1399752
tt33306109,1373041
tt12595378,938436
tt9339850,772445
tt15022184,996518
tt18224610,942890
tt15430628,931102
tt30320576,1208994
tt30398905,1241894
tt33794261,1368213
tt21222462,996347
tt18938922,954802
tt16424988,923993
tt27381447,1244868
tt14913282,980996
tt1697800,481879
tt12550376,960258
tt10096842,591634
tt32001482,1326878
tt13635702,772973
tt26745657,1201015
tt32898016,1242765
tt1551614,972313
tt11328762,776717
tt15837458,921353
tt24222232,1183999
tt29538571,1212073
tt9713418,633425
tt15422224,1040892
tt31227161,1298238
tt27620861,1389152
tt33030403,1096642
tt9077876,582292
tt32879751,1315631
tt33132226,1310906
tt32842974,1134118
tt14927880,831986
tt4471908,943822
tt21628198,1034065
tt13153494,942802
tt33484071,1361048
tt8215836,1338208
tt14037272,1024627
tt28055078,1164614
tt27819388,1130053
tt18304514,1262124
tt30325268,1137245
tt19715962,981344
tt29585672,1188808
tt30516366,1219556
tt21857662,1168294
tt26574303,1287987
tt19365538,962872
tt27434554,1124509
tt21869176,1071846
tt6550808,876024
tt10716596,1150331
tt26676104,1084145
tt32150684,1278656
tt23888758,1085492
tt30476486,1012201
tt29781139,1333141
tt20198716,1005681
tt15038118,939210
tt31316096,1266701
tt30796448,1226841
tt21824548,1013869
tt31917705,1142518
tt23785128,1055451
tt9428746,500104
tt13372794,767499
tt15198608,853588
tt27487934,1129608
tt14874302,1061163
tt32220831,743815
tt32203531,1127407
tt27470893,1020951
tt22697898,1229910
tt6979756,856289
tt35530859,1235294
tt22495364,1029445
tt19759618,1171462
tt11718516,772515
tt15654328,949229
tt29424284,1237266
tt27722061,1059319
tt22488024,990140
tt26655108,1141320
tt14412366,864116
tt25669224,1237397
tt5264838,620705
tt27542448,1114901
tt26936026,1364267
tt21988182,1040229
tt15262370,982620
tt15560626,881099
tt10071550,1328814
tt28349668,1001376
tt3885422,795522
tt14715170,833097
tt14875820,857553
tt16369708,913001
tt13280054,746524
tt6704894,471342
tt27208407,1103437
tt26420234,1076708
tt27687527,1003581
tt28634368,1156328
tt27028399,1051023
tt14992524,1014629
tt27628575,946932
tt14546664,922607
tt11052678,812025
tt32982475,1312860
tt14873054,842544
tt8545482,675319
tt14145426,828947
tt9784708,765172
tt26658272,1086729
tt18561446,977000
tt29293152,1183761
tt15844776,900309
tt10949028,644100
tt15264532,729030
tt16532174,941053
tt15307234,824003
tt10155748,880150
tt6277462,496331
tt13973198,964308
tt15307230,823999
tt15850662,895001
tt27930683,1238167
tt32545223,1359977
tt15143222,908762
tt9006564,866440
tt11991748,672322
tt14502642,821433
tt32186523,1278338
tt33475745,1357459
tt6209774,956921
tt22050310,1145851
tt31703444,1265662
tt13131350,851783
tt11366674,941019
tt5932368,804435
tt13074150,650030
tt29341577,1249385
tt28298505,1149153
tt11818818,879990
tt13845660,879901
tt11809034,602063
tt5656994,575322
tt29272469,1222140
tt22072992,997011
tt29344974,1283816
tt16174868,1008903
tt16183464,900667
tt13015408,921384
tt20236622,1131087
tt13302660,981848
tt14168118,785538
tt14993352,884184
tt15141146,1072197
tt30442596,1192195
tt11265320,739643
tt26233598,1136418
tt28609799,1272480
tt18484356,1263763
tt7897330,802443
tt32308617,1264800
tt21955196,1019317
tt7014378,712454
tt25260664,988667
tt11663228,937020
tt32526187,1339996
tt21151596,1289122
tt13661012,819954
tt17345798,1073735
tt5986440,629078
tt13259610,752867
tt29102598,1136394
tt8591526,1048522
tt32205160,1324965
tt4121086,964626
tt15376894,925943
tt27714915,1238358
tt23844724,1189837
tt22964884,1051547
tt7469828,939979
tt13316722,586047
tt26672512,1039882
tt14859416,682152
tt26546715,1094605
tt29585679,1314762
tt24486184,1087205
tt14963742,1092823
tt14617254,852252
tt15438542,916719
tt28248428,1135723
tt13130948,884434
tt7383628,823105
tt22742964,983883
tt27502426,1069193
tt9893160,606303
tt8345918,1274163
tt30148859,1276696
tt11281220,678856
tt9735790,706646
tt10515864,866678
tt23804378,1052873
tt13580484,1045563
tt18303206,945182
tt29141179,1172244
tt15727212,1007427
tt27921620,1034940
tt31229255,1174027
tt28486633,1155770
tt11242162,759054
tt4181158,745376
tt25947954,1093796
tt30253514,1063307
tt27502365,795087
tt11930126,804251
tt26659814,1083590
tt8192134,894453
tt21712752,1015333
tt15367558,848367
tt15977128,915885
tt28440231,1176733
tt15485390,1002338
tt26315142,958186
tt13535920,768757
tt17351056,1115623
tt21374930,1004682
tt18163814,1051486
tt20114976,973471
tt28601337,1118848
tt20917826,1147451
tt8493804,634878
tt32104849,1264854
tt6337816,540549
tt18115780,1177411
tt15006754,946703
tt12336480,1214521
tt22507484,813079
tt4601732,1222328
tt21220802,1064178
tt12655436,848331
tt10579952,626392
tt11271800,672521
tt9183978,919873
tt15516546,879128
tt31797432,1233243
tt11531182,890138
tt31727218,1291932
tt13874422,790867
tt12610794,732459
tt27146069,1095700
tt10040978,732621
tt28630000,1152511
tt28492104,857451
tt10503988,947612
tt13142240,781453
tt15257116,872516
tt14405338,808090
tt8889818,999205
tt3701150,618165
tt24855120,1077120
tt11165716,681355
tt15791574,666035
tt6800566,987427
tt18081000,933092
tt7084386,671295
tt7806592,1143119
tt12623434,722941
tt31556612,1254258
tt11887316,1024541
tt30761784,1354498
tt15494038,877957
tt12146448,850020
tt7466810,634120
tt33066175,1302017
tt12825632,734442
tt13399946,884971
tt30218475,1428543
tt9024562,1026222
tt13822738,785985
tt15558152,881487
tt29580825,1178464
tt20204996,1085218
tt17041964,926676
tt17003896,884588
tt22297828,1018228
tt13432484,762433
tt23553640,1084222
tt23743490,1220246
tt10540510,642538
tt14740118,845890
tt32277855,1280832
tt26676914,1084440
tt13235822,751237
tt10530838,894686
tt10189536,811076
tt29717460,1208138
tt3180090,1216574
tt23476446,1045770
tt13026738,944865
tt18394428,945657
tt9201172,1109940
tt27542289,1115239
tt11795652,856496
tt8128276,660353
tt21340016,1100597
tt8277246,761851
tt29613587,1198725
tt12440964,978278
tt14079374,890825
tt21442932,1014840
tt19845038,1018341
tt15558362,1243186
tt12283036,885121
tt32128915,1250007
tt30235974,1115749
tt22742070,1006763
tt32553390,1300945
tt15257644,908397
tt13349892,852427
tt12676006,728366
tt13531468,771077
tt13497984,943788
tt10505316,660000
tt32660146,1423665
tt6898324,901059
tt28133272,1005860
tt5448338,714968
tt34433441,1405407
tt30876838,1218637
tt11698800,740049
tt32362537,1290213
tt13445076,884452
tt14901058,841755
tt10778798,1192906
tt31939660,1265800
tt11209212,825808
tt18361658,1041485
tt18550182,919570
tt8206398,818110
tt12163074,810271
tt8986144,1147598
tt29173283,1163231
tt31807233,1260951
tt13051810,788752
tt2583014,1142740
tt15289240,864959
tt30701950,1153230
tt8980128,604571
tt13456976,766220
tt32159566,1266780
tt14317880,852438
tt32887285,1353436
tt13496236,766907
tt13174108,1073079
tt13655328,773975
tt3097396,696605
tt15403712,803694
tt25405130,965979
tt28784834,1198877
tt14014068,892835
tt13495458,837938
tt13374480,1280990
tt4671326,865382
tt11771006,667969
tt13438734,763148
tt12483708,798141
tt26954444,1269282
tt14104672,798571
tt11934846,754716
tt15822738,994702
tt30294282,1214527
tt14591594,950063
tt21451264,957864
tt22004186,1043766
tt21374850,1004663
tt5280052,892120
tt14586118,893372
tt17632818,933833
tt3975918,673271
tt19177354,1174487
tt29138004,1187294
tt14912006,938596
tt23147592,1046043
tt32628897,1301994
tt8484582,831244
tt12391962,949544
tt10919240,665133
tt13022120,1179664
tt21257152,1006911
tt5526820,527969
tt11388416,818192
tt22394694,1035803
tt11422728,776527
tt15481952,900159
tt15301000,865797
tt7575046,1114873
tt28487556,1152491
tt20598076,1205709
tt29456500,1205091
tt11859012,855228
tt15420598,808579
tt23060796,956920
tt14666592,1123287
tt2542852,960251
tt33035303,1297185
tt4697290,744733
tt13086130,617882
tt29922811,1231623
tt10187208,615666
tt27502250,1112547
tt11285280,776515
tt28228231,1032048
tt13913326,944625
tt19393076,1130875
tt29495090,1305642
tt19045582,949977
tt14640242,837548
tt31797468,1241755
tt13899250,1058710
tt26450742,1156255
tt5249706,1022128
tt17278774,986402
tt19226688,1184714
tt15676664,931954
tt20205236,974521
tt22097094,1162136
tt8119786,864544
tt21928528,1233269
tt30061012,1305540
tt33296382,1326443
tt29120307,1371030
tt10950320,844416
tt23552010,1037956
tt21688772,1015356
tt15229674,873126
tt14093994,1036573
tt21389338,1005731
tt18573650,1120821
tt27302079,957926
tt23018924,910784
tt33984333,1210732
tt14542254,823951
tt16139258,899718
tt13130760,887109
tt15552570,1168521
tt20118266,1339172
tt12428918,773124
tt9686350,762904
tt21653744,994052
tt33483700,1356890
tt14577300,826749
tt17633184,924154
tt30886032,1317159
tt10788058,1047925
tt12981702,785429
tt28656668,1181692
tt11651550,792750
tt32308418,1291143
tt15558178,881517
tt17679584,958279
tt19224314,1197830
tt10935560,630720
tt2375639,910476
tt22080222,1234194
tt6992978,473021
tt28995831,1168166
tt14499608,1020977
tt3031654,396194
tt9145510,926967
tt28226888,1130188
tt7975192,801271
tt29426703,1208022
tt21609514,1043725
tt4741504,611854
tt21348598,934506
tt22694908,1267822
tt10360772,788045
tt23793436,1220002
tt29692772,1202841
tt10545696,752564
tt13061914,741228
tt21236048,1231953
tt30319823,1214457
tt8480678,597840
tt14217100,717192
tt22185848,868985
tt21968374,1014887
tt8205028,574078
tt27307501,605542
tt19770970,903939
tt8933716,947884
tt13482806,833326
tt11332484,864866
tt23802194,1355266
tt10533804,629227
tt19866304,969584
tt14137416,801112
tt9288748,560052
tt28078052,1132016
tt3006472,806690
tt32128666,1000127
tt14935892,845387
tt29198659,1119546
tt11096628,1174240
tt33396612,1279871
tt10850320,1214557
tt13788842,810511
tt27447330,1109715
tt29630794,1211087
tt27811096,1102938
tt27458299,1149100
tt21519398,1029322
tt11877386,693349
tt33812405,1371540
tt10334222,997660
tt12764628,801071
tt22494914,1035654
tt15748830,950071
tt23789884,1107387
tt13075730,747803
tt13506526,982202
tt8354218,778810
tt18556326,1067820
tt31021984,1226299
tt22234810,1190462
tt27489635,1352885
tt16464084,934198
tt29716595,1332316
tt8859236,766431
tt32117345,1244643
tt27219011,1103593
tt6981064,790646
tt14048164,1236471
tt21651430,808482
tt11188560,766105
tt31530596,1252168
tt15829724,1075519
tt14810692,607844
tt7277234,830073
tt11027830,695969
tt29474638,1242260
tt10895576,653457
tt13598996,1378771
tt13656980,785037
tt27760132,1127632
tt13206926,791779
tt13298500,752354
tt24070754,1000492
tt30515931,1002088
tt1800393,729577
tt14315756,810873
tt22036406,622792
tt29795484,1261769
tt23004264,995749
tt21158192,1152624
tt18264266,931599
tt14061328,830524
tt15427340,964978
tt7682204,816480
tt2560092,776835
tt14140954,629028
tt15737898,887870
tt28522540,1103678
tt15321508,1177250
tt8110246,791469
tt14035292,795859
tt7268738,657644
tt10406596,771536
tt23469212,1145358
tt14303268,1037352
tt23769666,1107550
tt32200215,1231828
tt21106970,1081065
tt27075304,1119774
tt28738494,1353829
tt21881904,1068518
tt22000724,1053008
tt11261830,770684
tt32047707,1292041
tt11188154,795622
tt16227044,1330409
tt11946138,853332
tt20216624,1043870
tt8165192,513692
tt12915716,734253
tt20251716,988716
tt31645789,1257586
tt21191906,1162322
tt19396786,1198904
tt17013888,1245087
tt13391554,1068260
tt10310074,682533
tt23218142,1057872
tt23697628,1074896
tt22054690,1081156
tt15471560,872709
tt20833316,983223
tt26628567,1100950
tt27240621,1118608
tt8649190,669400
tt13269670,663558
tt16732726,1239127
tt7645334,777411
tt11433048,656991
tt7458836,1106194
tt27739396,1126094
tt29438301,1180445
tt17221298,839678
tt18072316,936622
tt30021427,1276945
tt13067292,825997
tt30319555,1214523
tt19816664,1037671
tt29606524,1307988
tt18260564,1010826
tt19308034,1273196
tt12276028,607338
tt13975458,792678
tt14449392,818543
tt11540284,802217
tt11767724,885246
tt19879640,957691
tt13915968,1043234
tt11242718,866254
tt14954534,729120
tt21431644,1019444
tt27688034,753091
tt26443107,1077661
tt32944883,1319972
tt15096796,823609
tt21825858,1024621
tt29260436,1171640
tt29270596,1156787
tt22866050,1038476
tt20782072,1015936
tt18558306,714889
tt8746404,678287
tt9340892,821489
tt15433600,878926
tt20502488,1104171
tt8635092,624899
tt12143990,856156
tt24221454,1047622
tt31888816,1241486
tt27192829,1303162
tt9314984,760919
tt14512538,642732
tt13172796,743599
tt15245390,996581
tt22302170,1029208
tt31262680,1241742
tt8400584,561717
tt12496706,762079
tt11219254,695932
tt14592998,826680
tt21482312,1025377
tt7130698,687238
tt28521906,1188843
tt11423420,703285
tt27789180,1005972
tt32023078,1134748
tt14623762,892113
tt17050802,977074
tt27694652,1124348
tt21942272,1028359
tt12873300,1057006
tt21318724,983311
tt13702796,691214
tt28547912,1209574
tt15745226,898308
tt18411490,720557
tt20031676,1117126
tt11188624,641668
tt10399622,1114816
tt23640170,1001736
tt18224752,792614
tt6645792,883456
tt26342791,889821
tt32124522,1322572
tt26060006,1000862
tt7375466,518896
tt15783426,1070777
tt27170114,1298547
tt32150360,1276013
tt14057604,1024127
tt28484952,1168197
tt32606918,1326649
tt6906106,966822
tt14265992,806804
tt15096368,1205220
tt14061478,805065
tt19719836,952701
tt14201576,807132
tt32486316,1311660
tt10207710,713711
tt10832274,794602
tt21248014,985936
tt13940818,1156638
tt29352944,1355076
tt28696532,1099413
tt14361426,803864
tt13063384,715370
tt21603458,1048099
tt28363725,1151963
tt16453244,809972
tt27480881,1135839
tt16118524,894730
tt14134062,810658
tt1023464,762006
tt11912032,1058903
tt21084334,1039571
tt11738830,749645
tt12808182,729720
tt33304396,1288998
tt21247172,1259329
tt22059348,1109146
tt16103578,1019961
tt29259841,1217300
tt14872806,1193077
tt28236368,1110358
tt12092584,795410
tt9783730,655322
tt22802920,1107526
tt33058713,1341685
tt26697087,1215798
tt27911420,1256408
tt14428598,934419
tt15760224,952888
tt10198564,993145
tt12117860,777769
tt34573447,1315076
tt9378692,950538
tt28569819,1275974
tt13616368,998757
tt21352380,965791
tt13932844,1031306
tt15467380,876792
tt15132736,863946
tt10451312,659940
tt31240036,1336672
tt13328830,727414
tt26699529,960033
tt28494518,1156118
tt9410034,642546
tt33311826,1380486
tt7718100,1170944
tt30028791,1327445
tt8435002,534072
tt26594061,1075815
tt17569526,852445
tt14731142,785533
tt21439528,1018645
tt11281192,967353
tt7175968,997669
tt7758540,1385773
tt16605106,1006540
tt17372926,1014063
tt19800020,965073
tt15388610,872130
tt15393650,716810
tt16227002,962566
tt27524853,1219739
tt13322726,818621
tt27520428,1174521
tt32149731,1278666
tt13515258,787761
tt20465746,978870
tt11833692,928999
tt19121072,989474
tt11573276,848887
tt22001304,1021803
tt8005600,952390
tt14330236,808087
tt13694260,1472666
tt23343786,1049233
tt29302676,1327737
tt29470244,1189518
tt13328800,683363
tt12299824,726916
tt19056070,954388
tt29419864,1091051
tt26389817,1025802
tt10055546,514466
tt22769820,1003580
tt31158592,1337309
tt26628641,1207898
tt31868785,1263371
tt29666664,1103432
tt12528166,774714
tt13269580,833417
tt7524444,583116
tt7721076,1159520
tt31852716,1249216
tt12093604,798296
tt7230750,543836
tt15106860,871799
tt15783520,900409
tt18224682,1391409
tt13316770,854887
tt26940544,972046
tt8851084,671317
tt29710588,1160078
tt14336174,807862
tt33319965,1356342
tt27991355,1233776
tt9844938,695089
tt35113014,1407011
tt30700271,1266022
tt10957044,718949
tt14909314,845605
tt8610436,776485
tt27572862,1165918
tt10243676,660715
tt15304502,1083612
tt31015291,803690
tt15417010,934039
tt14825364,839564
tt14411774,886436
tt10738906,795615
tt15669314,914243
tt9658388,551806
tt9573150,573952
tt32915125,1353958
tt14099334,799177
tt9585676,656940
tt14799576,893345
tt31968531,1298825
tt20101986,831410
tt32596655,1300374
tt6523526,675480
tt32654722,1340497
tt7026666,785585
tt10083174,800748
tt28774937,1246037
tt28575316,1156647
tt13563580,823594
tt8907992,695958
tt29298085,1195100
tt28546957,1160748
tt17202326,1024535
tt22805590,1159518
tt6442686,697799
tt27540185,1115253
tt32086004,1257400
tt28358950,1164370
tt30110854,1213395
tt22600514,1024774
tt29536228,1192745
tt17201166,1067714
tt22854322,1285637
tt24076146,1058620
tt27171776,1109203
tt36113132,1454682
tt16970906,1130818
tt28999532,1291594
tt21913634,960469
tt24076636,1058632
tt31458167,1241743
tt27917467,1191542
tt29794968,1236295
tt15275256,916605
tt27989255,1153470
tt28494031,1156110
tt28437488,1195535
tt15257928,879913
tt9851854,605153
tt32352172,1197662
tt31381322,1245776
tt22203026,1115377
tt19773302,1136512
tt21388556,1005835
tt28671146,1104844
tt27634066,1367922
tt32868318,1306061
tt26699538,1031218
tt15658626,1035583
tt32206574,1276644
tt15380608,777292
tt24128644,1232889
tt11151336,795518
tt15360286,1106108
tt15801594,945664
tt26594543,1081680
tt30223155,1148643
tt22247912,1326468
tt17499100,1179221
tt16377862,913838
tt14584284,826113
tt8672856,611359
tt18671386,960700
tt18436986,1026836
tt27689356,1276019
tt12975102,840819
tt15173232,924307
tt27501039,1014390
tt11771704,677053
tt28769440,1106049
tt14174168,916821
tt18346624,1005004
tt5851696,511424
tt15891956,969618
tt32495411,1269108
tt19407666,1096462
tt14564000,868660
tt15360384,985335
tt11020728,635012
tt15675952,939014
tt33145227,1459145
tt31629757,1258745
tt17538510,901358
tt18950332,1041165
tt28639049,1163186
tt25052668,1073650
tt30691232,1209772
tt7743120,524417
tt9685782,1419190
tt27348312,1056803
tt30813817,1229266
tt13265876,763164
tt18291892,1188853
tt15979666,975533
tt33541739,1369338
tt15327178,872309
tt17220704,929340
tt13450470,843338
tt18274350,1049171
tt34525322,1385524
tt15094392,853088
tt13924484,1006228
tt4029940,1223050
tt18671660,960704
tt31921580,1264975
tt26739710,1093974
tt10618968,1148685
tt30319533,1214474
tt21326658,1057577
tt32973202,1136387
tt13316790,913129
tt13680520,777831
tt26594589,995206
tt14852188,915892
tt10405022,627915
tt10147580,660262
tt14578032,793285
tt11392272,821390
tt27490380,1126128
tt22695428,1017751
tt27543992,1115105
tt10442096,642781
tt15331462,881460
tt26547790,977177
tt11377298,683311
tt32146333,1278722
tt11327404,1249199
tt17542540,934559
tt33077413,1372404
tt26219792,1178329
tt29865372,1357707
tt14527836,602302
tt13920920,1008043
tt27007466,1097000
tt25504694,1225033
tt31021897,1226281
tt22006138,1027273
tt23838470,1090271
tt21426456,1011911
tt9755806,580428
tt9340916,852485
tt14152756,801058
tt10809702,872726
tt14904622,843843
tt28254159,1225590
tt22042742,1019836
tt15289510,1058642
tt15721088,1015963
tt27797160,1018634
tt20249418,976121
tt32459973,1280468
tt27505521,1113224
tt19845414,910371
tt31565654,1257750
tt10094388,1215834
tt14228078,802699
tt13045890,785534
tt27219467,1435203
tt22037984,1023845
tt8228656,533701
tt18305194,942386
tt20221208,976226
tt30364726,696047
tt13103340,762469
tt13867056,939899
tt19704638,962697
tt11902024,692992
tt23746764,882580
tt10701074,660046
tt33674620,1363622
tt3301314,533705
tt12887770,730769
tt33029977,1320381
tt14755162,1221960
tt21216870,1100962
tt27486288,1354831
tt31514262,1252455
tt34930074,1400566
tt15282128,1035833
tt12064258,889843
tt28444113,1216452
tt15010478,848981
tt9308390,659370
tt27531109,995757
tt15036416,850329
tt34361382,1379112
tt3416670,878183
tt12546872,806643
tt10309902,695951
tt24669794,1248779
tt10869778,668340
tt9046896,955179
tt10974574,1336305
tt16316040,893688
tt26593560,1125953
tt7132924,1062402
tt22489042,1217379
tt11947100,745391
tt35319926,1175267
tt11790352,1063829
tt11873472,671109
tt30803479,1310522
tt21265054,991610
tt14617606,826861
tt12264966,811596
tt11749154,1252552
tt10410506,817127
tt29253040,1168732
tt11892916,666624
tt32332133,1257567
tt13772442,807927
tt28485522,974397
tt13347018,965493
tt22437050,1033107
tt13487922,767401
tt33347919,1393143
tt23475174,967344
tt11426228,961427
tt14404280,741434
tt21052144,1205197
tt24070610,1103407
tt3679040,966719
tt28833698,1208284
tt18283168,1053059
tt29941084,1203484
tt12302540,834143
tt1655444,267805
tt18939056,1000173
tt13551614,813808
tt11833710,859860
tt9217972,1222279
tt13743656,1148708
tt14264048,1445950
tt29288566,1180702
tt29995494,1223177
tt30839070,1339856
tt14538850,835112
tt12358104,811072
tt11116642,668047
tt30973261,1235922
tt11423214,842169
tt15721650,820067
tt18413766,946025
tt14768616,1189798
tt31956123,1283707
tt12661314,1404388
tt10373344,684006
tt11555492,856437
tt11162490,722800
tt15241758,935999
tt18691614,1319870
tt11245850,1012344
tt32216008,1219560
tt31435642,1248487
tt34877029,1397352
tt21446798,1152104
tt15732890,888003
tt22743064,1001241
tt23770418,997317
tt16350410,995045
tt14494586,821046
tt21934610,1145031
tt31922530,1265066
tt33038839,1323979
tt29781508,1323712
tt20258974,710277
tt18399030,1215452
tt29567483,1320654
tt9856574,818834
tt22197856,1153357
tt21860836,1015606
tt21109538,588108
tt33022320,1193692
tt21995004,1025896
tt27662275,1211814
tt32164798,1266990
tt31122279,1239306
tt5105136,517929
tt14636170,828899
tt18284880,1135229
tt23782140,1051426
tt21427294,1153913
tt14074936,849422
tt32460476,958283
tt14402302,1053003
tt19883220,983524
tt28355490,1248795
tt14275050,843093
tt11788956,682376
tt13141496,945917
tt22027654,931132
tt29491918,1190725
tt14739128,817485
tt21113962,1053600
tt28834285,1172091
tt32919749,1318451
tt17372462,952374
tt17052842,923150
tt21050630,1142178
tt9893084,662399
tt27987407,1140056
tt2597804,861072
tt21913192,1147322
tt20251588,1069187
tt27881035,1284244
tt7326608,787791
tt26753672,1206589
tt32119337,1274686
tt8434110,838148
tt12390572,477462
tt15431864,1135303
tt16427902,1025463
tt14277840,1201683
tt27853611,1147058
tt16527290,921360
tt18671246,958335
tt15548032,968739
tt19857862,984195
tt10761694,669696
tt26680972,1267643
tt13827606,833393
tt15416100,1171133
tt11534720,800227
tt14636186,828898
tt9013182,823855
tt29432702,797109
tt33201732,1255130
tt23631668,1106565
tt4539898,876572
tt8456190,823610
tt26449042,1078545
tt13818742,926946
tt27011468,1297418
tt15426246,1028955
tt12056978,656097
tt27695005,1138476
tt18453866,932801
tt5624466,754934
tt24223026,1133232
tt15825188,916723
tt14756758,1197840
tt8110900,942624
tt18469872,1004642
tt9568230,795778
tt10583416,1075789
tt25275750,1071339
tt13651416,942628
tt19768016,958244
tt21031010,1026202
tt32164743,1280461
tt20917338,1001865
tt29147289,1076555
tt24517830,984101
tt10945274,754067
tt11454320,796256
tt13852690,1032949
tt14465706,948276
tt27635828,1145351
tt13729232,786977
tt31987262,1361215
tt21993194,1021643
tt33658805,1261562
tt30439035,1157680
tt27516178,1113466
tt27936770,1227136
tt18935954,957176
tt17162460,1063756
tt18228142,1081620
tt31869664,1263421
tt16727778,882338
tt32141590,1276031
tt15056700,1125186
tt12441440,1243940
tt29800793,1205893
tt21193010,1011869
tt26258488,1078642
tt10160974,670429
tt13456656,814694
tt17501936,1134866
tt28188398,986197
tt28151876,1229349
tt2572212,759584
tt7884368,974558
tt19316408,1175038
tt32516053,1300041
tt5978274,807420
tt9050310,934194
tt26225118,1072693
tt10273738,933088
tt18372308,743814
tt22085300,1165464
tt27012110,1092654
tt1596557,793269
tt21994228,662402
tt12348910,1095885
tt32148575,1278633
tt11940240,953212
tt16375952,1027385
tt28290233,1149381
tt25275110,1068991
tt23136186,1052865
tt11116374,734796
tt21378968,715742
tt29578220,1189877
tt11924738,826241
tt8960382,673392
tt15403362,916386
tt24226474,1007074
tt25274786,1065918
tt33298502,1340332
tt24084674,1304588
tt15613024,988307
tt30447401,1176848
tt30956212,1229477
tt20204164,1022103
tt16160622,972118
tt26757264,1231035
tt1934372,355713
tt15575214,872241
tt12885852,732450
tt12861508,787310
tt19121796,951029
tt14040054,913521
tt15732324,888710
tt12735282,730167
tt26597953,1072269
tt21637900,1030598
tt20419974,1195585
tt13051724,770724
tt29299997,1177908
tt32915102,1353957
tt32244679,1278360
tt13454228,848519
tt14960572,888816
tt13978658,803666
tt4194974,1029862
tt28076784,1121612
tt13603778,774301
tt31912843,1256665
tt12847812,735726
tt33484317,1359206
tt19715532,1220802
tt20724032,1065379
tt15434074,875188
tt20414642,978783
tt15783464,1089765
tt20415224,977966
tt11018264,767254
tt31051123,1232750
tt11268742,776884
tt22086180,1030410
tt30833435,1264429
tt14946978,879689
tt13592970,1147236
tt11696342,983768
tt19853810,1038157
tt10294634,931555
tt11932678,822300
tt7560830,729454
tt11998558,835017
tt15167994,860860
tt10308878,624798
tt12004238,680027
tt23726308,1047902
tt19369162,1146143
tt4435072,787163
tt1587420,32471
tt19496260,1053927
tt25400540,1068394
tt15576460,920679
tt29618715,1309336
tt27399130,1456391
tt33057646,1341012
tt12253164,962562
tt31242447,1303517
tt7892066,755388
tt15680228,1081726
tt18548186,1018829
tt23186596,1042623
tt9764958,1251138
tt15038732,1094256
tt9618458,770595
tt7171442,1242372
tt14781176,604360
tt12053110,1130659
tt27502360,1112545
tt15523334,926924
tt7099280,452019
tt10766468,732203
tt11428926,746422
tt11306480,1128474
tt21336626,1031418
tt27328373,1105682
tt16404094,965222
tt21916652,1181011
tt32033162,1256671
tt11615616,893338
tt26895377,744409
tt10314040,606237
tt27424585,1128941
tt10935956,632702
tt32128870,1275240
tt4632976,1022988
tt15441472,996727
tt29792302,1323911
tt14034614,541724
tt31457736,1241320
tt20836144,1155257
tt23642740,1157577
tt14315500,871964
tt21477618,1007401
tt11718596,1266409
tt16915240,1029618
tt14493970,955424
tt27881474,957863
tt28769082,1047415
tt31076385,1231233
tt13028258,897525
tt33047058,1321326
tt28657882,1175343
tt18082726,1044043
tt11269026,955971
tt26660615,967370
tt28797986,1179071
tt20851874,983406
tt26748538,1034093
tt32142963,1244323
tt21226804,996954
tt12703292,945897
tt27795356,581395
tt32362515,1290206
tt6619180,797842
tt15049210,1073140
tt3454424,426242
tt15836468,899328
tt32359054,1102390
tt27774989,1147351
tt25383302,1095848
tt22477502,572195
tt10841088,756403
tt20414550,977935
tt32401874,1292359
tt8066940,552398
tt13821562,654074
tt22868094,1216299
tt23035872,917281
tt19595494,964909
tt21407016,865577
tt22698114,1034580
tt4028240,1031904
tt9658288,1124272
tt13932162,797394
tt13814704,636173
tt9383986,832650
tt18231326,1054866
tt21326904,1199294
tt32264942,1308821
tt26671717,1080217
tt32903867,1319482
tt32119317,1001006
tt28756876,1168709
tt21293272,833593
tt18113118,977331
tt17494686,774548
tt13309978,849369
tt21330032,1214630
tt19849214,978406
tt33477504,1370709
tt10509906,925705
tt27357183,1369679
tt28810493,1171989
tt32561659,1129610
tt31189863,1242392
tt34247440,1277254
tt21108608,1315692
tt32907397,1266321
tt29362046,1189423
tt32242331,1367099
tt8368380,790846
tt10631148,892771
tt11348542,804755
tt13308110,944024
tt27691828,1217286
tt11284502,645861
tt21115444,977871
tt32064571,1278076
tt15600222,882826
tt8290476,871891
tt26731970,1086011
tt18950300,1095239
